compyear,tcri
11032014,6
11032015,6
11032016,6
11032017,6
11032018,6
11032019,6
11032020,6
11032021,6
11032022,6
11042014,5
11042015,5
11042016,5
11042017,5
11042018,5
11042019,5
11042020,5
11042021,5
11042022,5
11082014,7
11082015,6
11082016,6
11082017,7
11082018,7
11082019,7
11082020,6
11082021,6
11082022,6
11092014,6
11092015,6
11092016,6
11092017,5
11092018,5
11092019,5
11092020,5
11092021,5
11092022,5
11102014,6
11102015,6
11102016,6
11102017,6
11102018,6
11102019,6
11102020,6
11102021,6
11102022,6
12012014,7
12012015,8
12012016,9
12012017,9
12012018,7
12012019,7
12012020,6
12012021,6
12012022,6
12032014,6
12032015,6
12032016,5
12032017,5
12032018,5
12032019,5
12032020,5
12032021,5
12032022,5
12132014,7
12132015,7
12132016,7
12132017,7
12132018,9
12132019,9
12132020,9
12132021,9
12132022,9
12172014,7
12172015,7
12172016,7
12172017,7
12172018,7
12172019,7
12172020,7
12172021,7
12172022,7
12182014,6
12182015,6
12182016,6
12182017,6
12182018,6
12182019,6
12182020,5
12182021,5
12182022,6
12192014,5
12192015,5
12192016,5
12192017,5
12192018,5
12192019,6
12192020,6
12192021,6
12192022,6
12202014,6
12202015,6
12202016,6
12202017,6
12202018,6
12202019,6
12202020,6
12202021,6
12202022,6
12252014,7
12252015,7
12252016,7
12252017,7
12252018,7
12252019,7
12252020,7
12252021,7
12252022,6
12292014,5
12292015,5
12292016,5
12292017,5
12292018,5
12292019,5
12292020,5
12292021,5
12292022,5
12312014,6
12312015,6
12312016,5
12312017,5
12312018,5
12312019,5
12312020,5
12312021,5
12312022,5
12332020,5
12332021,6
12332022,6
12352014,8
12352015,8
12352016,8
12352017,8
12352018,8
12352019,8
12352020,8
12352021,8
12352022,8
12362014,6
12362015,6
12362016,6
12362017,6
12362018,6
12362019,6
12362020,6
12362021,6
12362022,6
13052014,5
13052015,5
13052016,5
13052017,5
13052018,5
13052019,5
13052020,5
13052021,5
13052022,5
13092014,7
13092015,7
13092016,7
13092017,6
13092018,6
13092019,6
13092020,5
13092021,5
13092022,5
13102014,7
13102015,7
13102016,7
13102017,7
13102018,7
13102019,7
13102020,7
13102021,7
13102022,7
13132019,5
13142014,5
13142015,5
13142016,5
13142017,5
13142018,5
13142019,5
13142020,5
13142021,5
13142022,6
13152014,5
13152015,5
13152016,5
13152017,5
13152018,5
13152019,5
13152020,5
13152021,5
13152022,5
13162014,8
13162015,8
13162016,8
13162017,8
13162018,8
13162019,8
13162020,8
13162021,8
13162022,8
13212014,6
13212015,6
13212016,6
13212017,6
13212018,6
13212019,6
13212020,5
13212021,5
13212022,5
13232014,5
13232015,5
13232016,5
13232017,5
13232018,5
13232019,5
13232020,5
13232021,5
13232022,5
13242014,6
13242015,6
13242016,6
13242017,6
13242018,6
13242019,6
13242020,6
13242021,6
13242022,6
13252019,5
13252020,5
13252021,5
13252022,6
13392014,5
13392015,5
13392016,5
13392017,5
13392018,5
13392019,5
13392020,5
13392021,5
13392022,5
13422018,6
13422019,6
13422020,6
13422021,6
13422022,6
14092014,5
14092015,5
14092016,5
14092017,5
14092018,5
14092019,5
14092020,5
14092021,5
14092022,5
14102014,5
14102015,5
14102016,5
14102017,5
14102018,5
14102019,5
14102020,5
14102021,5
14102022,6
14132014,8
14132015,8
14132016,8
14132017,8
14132018,7
14132019,7
14132020,8
14132021,7
14132022,7
14142014,6
14142015,6
14142016,6
14142017,6
14142018,6
14142019,6
14142020,6
14142021,6
14142022,6
14162014,7
14162015,7
14162016,7
14162017,7
14162018,7
14162019,7
14162020,7
14162021,7
14162022,7
14172014,6
14172015,6
14172016,7
14172017,7
14172018,7
14172019,7
14172020,7
14172021,7
14172022,7
14182014,8
14182015,8
14182016,D
14182017,D
14182018,D
14182019,D
14182020,D
14182021,D
14182022,9
14192014,7
14192015,7
14192016,7
14192017,7
14192018,7
14192019,7
14192020,7
14192021,7
14192022,7
14232014,6
14232015,6
14232016,6
14232017,6
14232018,6
14232019,6
14232020,7
14232021,7
14232022,7
14322014,8
14322015,8
14322016,8
14322017,8
14322018,8
14322019,8
14322020,8
14322021,8
14322022,8
14352014,8
14352015,8
14352016,8
14352017,7
14352018,7
14352019,7
14352020,8
14352021,8
14352022,9
14362014,8
14362015,8
14362016,8
14362017,8
14362018,8
14362019,8
14362020,8
14362021,8
14362022,8
14372014,7
14372015,7
14372016,7
14372017,7
14372018,7
14372019,7
14372020,7
14372021,7
14372022,7
14382014,8
14382015,8
14382016,8
14382017,8
14382018,8
14382019,8
14382020,8
14382021,8
14382022,8
14392014,6
14392015,6
14392016,6
14392017,6
14392018,6
14392019,6
14392020,7
14392021,8
14392022,8
14412014,7
14412015,7
14412016,8
14412017,9
14412018,8
14412019,8
14412020,8
14412021,8
14412022,9
14422014,7
14422015,7
14422016,7
14422017,7
14422018,7
14422019,7
14422020,7
14422021,7
14422022,7
14432014,9
14432015,9
14432016,9
14432017,9
14432018,9
14432019,9
14432020,9
14432021,9
14432022,9
14442014,5
14442015,5
14442016,5
14442017,5
14442018,5
14442019,5
14442020,5
14442021,5
14442022,5
14452014,6
14452015,6
14452016,6
14452017,6
14452018,6
14452019,6
14452020,6
14452021,6
14452022,6
14462014,6
14462015,8
14462016,8
14462017,8
14462018,8
14462019,8
14462020,8
14462021,8
14462022,8
14472014,5
14472015,5
14472016,5
14472017,5
14472018,5
14472019,5
14472020,5
14472021,5
14472022,5
14492014,D
14492015,9
14492016,9
14492017,9
14492018,9
14492019,9
14492020,9
14492021,9
14492022,9
14512019,5
14512020,5
14512021,5
14512022,5
14522014,5
14522015,5
14522016,5
14522017,5
14522018,5
14522019,5
14522020,5
14522021,5
14522022,5
14532014,8
14532015,7
14532016,7
14532017,7
14532018,7
14532019,7
14532020,7
14532021,7
14532022,7
14542014,6
14542015,6
14542016,6
14542017,6
14542018,6
14542019,6
14542020,6
14542021,6
14542022,6
14552014,5
14552015,5
14552016,5
14552017,5
14552018,5
14552019,5
14552020,5
14552021,5
14552022,5
14562014,9
14562015,9
14562016,9
14562017,9
14562018,9
14562019,9
14562020,9
14562021,9
14562022,9
14572014,7
14572015,7
14572016,7
14572017,7
14572018,7
14572019,7
14572020,7
14572021,7
14572022,7
14592014,6
14592015,6
14592016,6
14592017,7
14592018,7
14592019,7
14592020,7
14592021,7
14592022,7
14602014,6
14602015,5
14602016,5
14602017,5
14602018,5
14602019,7
14602020,7
14602021,7
14602022,7
14632014,6
14632015,6
14632016,6
14632017,6
14632018,6
14632019,6
14632020,6
14632021,6
14632022,6
14642014,6
14642015,6
14642016,6
14642017,6
14642018,6
14642019,6
14642020,7
14642021,7
14642022,7
14652014,5
14652015,5
14652016,5
14652017,5
14652018,5
14652019,6
14652020,6
14652021,6
14652022,6
14662014,5
14662015,5
14662016,7
14662017,7
14662018,7
14662019,7
14662020,7
14662021,7
14662022,7
14672014,6
14672015,6
14672016,6
14672017,7
14672018,7
14672019,7
14672020,7
14672021,7
14672022,7
14682014,9
14682015,9
14682016,9
14682017,9
14682018,9
14682019,9
14682020,9
14682021,9
14682022,8
14702014,6
14702015,6
14702016,6
14702017,6
14702018,6
14702019,6
14702020,6
14702021,6
14702022,6
14712014,6
14712015,7
14712016,7
14712017,8
14712018,8
14712019,8
14712020,7
14712021,7
14712022,7
14722014,9
14722015,9
14722016,9
14722017,9
14722018,9
14722019,9
14722020,9
14722021,9
14722022,9
14732018,5
14732019,5
14732020,5
14732021,5
14732022,5
14742014,6
14742015,6
14742016,6
14742017,6
14742018,6
14742019,6
14742020,6
14742021,6
14742022,6
14752014,9
14752015,9
14752016,9
14752017,9
14752018,9
14752019,9
14752020,9
14752021,9
14752022,9
15062014,7
15062015,7
15062016,7
15062017,8
15062018,8
15062019,9
15062020,9
15062021,9
15062022,8
15122014,9
15122015,9
15122016,9
15122017,9
15122018,9
15122019,9
15122020,9
15122021,9
15122022,9
15132014,5
15132015,5
15132016,5
15132017,5
15132018,5
15132019,5
15132020,5
15132021,5
15132022,5
15142014,7
15142015,7
15142016,7
15142017,7
15142018,7
15142019,6
15142020,6
15142021,6
15142022,6
15152014,6
15152015,6
15152016,6
15152017,5
15152018,5
15152019,5
15152020,5
15152021,5
15152022,6
15162014,9
15162015,8
15162016,8
15162017,8
15162018,8
15162019,8
15162020,8
15162021,8
15162022,8
15172015,5
15172016,5
15172017,5
15172018,6
15172019,6
15172020,6
15172021,5
15172022,5
15192014,5
15192015,6
15192016,6
15192017,6
15192018,6
15192019,6
15192020,6
15192021,6
15192022,6
15212020,5
15212021,5
15212022,5
15222014,6
15222015,5
15222016,5
15222017,5
15222018,5
15222019,5
15222020,6
15222021,6
15222022,6
15242014,8
15242015,8
15242016,7
15242017,7
15242018,7
15242019,7
15242020,7
15242021,7
15242022,7
15252014,6
15252015,6
15252016,6
15252017,6
15252018,6
15252019,6
15252020,6
15252021,6
15252022,6
15262014,8
15262015,7
15262016,7
15262017,6
15262018,6
15262019,6
15262020,6
15262021,6
15262022,6
15272014,8
15272015,8
15272016,7
15272017,7
15272018,7
15272019,6
15272020,6
15282014,7
15282015,7
15282016,7
15282017,7
15282018,7
15282019,7
15282020,7
15282021,7
15282022,7
15292014,9
15292015,9
15292016,9
15292017,7
15292018,7
15292019,7
15292020,7
15292021,7
15292022,7
15302014,6
15302015,6
15302016,6
15302017,6
15302018,6
15302019,6
15302020,6
15302021,6
15302022,6
15312015,5
15312016,5
15312017,5
15312018,5
15312019,5
15312020,5
15312021,5
15312022,5
15322014,7
15322015,7
15322016,7
15322017,7
15322018,6
15322019,6
15322020,6
15322021,6
15322022,6
15332014,6
15332015,6
15332016,6
15332017,6
15332018,6
15332019,6
15332020,6
15332021,6
15332022,6
15362014,5
15362020,6
15362021,6
15362022,6
15382014,9
15382015,9
15382016,9
15382017,9
15382018,9
15382019,9
15382020,9
15382021,9
15382022,9
15392014,6
15392015,6
15392016,6
15392017,6
15392018,6
15392019,6
15392020,8
15392021,8
15392022,7
15402014,5
15402015,5
15402016,5
15402017,6
15402018,6
15402019,6
15402020,6
15402021,6
15402022,6
15412014,6
15412015,5
15412016,5
15412017,5
15412018,5
15412019,5
15412020,5
15412021,5
15412022,5
15632014,5
15632020,5
15632021,5
15632022,5
15682014,6
15682015,5
15682016,5
15682017,5
15682018,6
15682019,7
15682020,7
15682021,7
15682022,7
15832014,5
15832015,5
15832016,5
15832017,5
15832018,5
15832019,5
15832020,5
15832021,5
15832022,5
15872014,7
15872015,7
15872016,7
15872017,7
15872018,7
15872019,7
15872020,7
15872021,7
15872022,7
15972014,7
15972015,7
15972016,6
15982014,6
15982015,6
15982016,6
15982017,6
15982018,6
15982019,6
15982020,6
15982021,6
15982022,7
16032014,6
16032015,6
16032016,6
16032017,6
16032019,7
16032020,7
16032021,7
16032022,7
16042014,5
16082018,5
16082019,5
16082020,5
16082021,5
16082022,5
16092014,5
16092015,5
16092016,5
16092017,5
16092018,5
16092019,5
16092020,5
16092021,5
16092022,5
16112014,6
16112015,6
16112016,6
16112017,7
16112018,7
16112019,7
16112020,6
16112021,6
16112022,6
16122019,5
16122020,5
16122021,5
16122022,5
16152014,5
16152015,6
16152016,6
16152017,6
16152018,6
16152019,6
16152020,6
16152021,6
16152022,6
16162014,7
16162015,7
16162016,7
16162017,7
16162018,7
16162019,7
16162020,7
16162021,7
16162022,7
16172014,6
16172015,6
16172016,6
16172017,6
16172018,6
16172019,6
16172020,6
16172021,6
16172022,6
16182014,5
16182015,6
16182016,6
16182017,6
16182018,6
16182019,6
16182020,5
16182021,5
16182022,5
17022014,5
17022015,5
17022016,5
17022017,5
17022018,5
17022019,5
17022020,5
17022021,5
17022022,5
17082014,5
17082015,5
17082016,5
17082017,5
17082018,5
17082019,5
17082020,5
17082021,5
17082022,5
17092014,5
17092015,5
17092016,5
17092017,5
17092018,5
17092019,5
17092020,5
17092021,5
17092022,5
17102022,5
17112014,5
17112015,5
17112016,5
17112017,5
17112018,5
17112019,5
17112020,5
17112021,5
17112022,5
17122014,5
17122015,5
17122016,5
17122017,5
17122018,5
17122019,5
17122020,5
17122021,5
17132014,5
17132015,5
17132016,5
17132017,5
17132018,5
17132019,5
17132020,5
17132021,5
17132022,5
17142014,5
17142015,5
17142016,5
17142017,5
17142018,5
17142019,5
17142020,5
17142021,5
17142022,5
17182014,7
17182015,7
17182016,7
17182017,7
17182018,7
17182019,7
17182020,7
17182021,7
17182022,7
17202014,5
17202015,5
17202016,5
17202017,5
17202018,5
17202019,5
17212014,8
17212015,7
17212016,7
17212017,7
17212018,7
17212019,7
17212020,7
17212021,7
17212022,7
17252014,5
17252015,5
17252016,5
17252017,5
17252018,5
17252019,5
17252020,5
17252021,5
17252022,5
17272014,6
17272015,6
17272016,6
17272017,6
17272018,6
17272019,6
17272020,6
17272021,6
17272022,6
17302014,5
17302015,5
17302016,5
17302017,5
17302018,5
17302019,5
17302020,5
17302021,5
17302022,5
17312014,6
17312015,6
17312016,6
17312017,6
17312018,6
17312019,6
17312020,6
17312021,5
17312022,5
17322014,6
17322015,6
17322016,6
17322017,6
17322018,6
17322019,6
17322020,6
17322021,6
17322022,6
17332014,5
17332015,5
17332016,5
17332017,5
17332018,5
17332019,5
17332020,5
17332021,5
17332022,5
17342014,6
17342015,6
17342016,6
17342017,6
17342018,6
17342019,6
17342020,7
17342021,7
17342022,7
17352014,6
17352015,6
17352016,6
17352017,6
17352018,6
17352019,6
17352020,6
17352021,6
17352022,6
17362014,5
17362015,5
17362016,5
17362017,5
17362018,5
17362019,5
17362020,5
17362021,6
17362022,7
17372014,5
17522014,7
17522015,6
17522016,5
17522017,5
17522018,5
17522019,5
17522020,5
17522021,5
17522022,5
17602014,6
17602015,6
17602016,6
17602017,6
17602018,6
17602019,6
17602020,6
17602021,6
17602022,6
17622014,7
17622015,7
17622016,7
17622017,7
17622018,7
17622019,7
17622020,7
17622021,6
17622022,6
17762014,6
17762015,6
17762016,6
17762017,6
17762018,6
17762019,6
17762020,6
17762021,6
17762022,6
17832014,8
17832015,8
17832016,8
17832017,8
17832018,8
17832019,8
17832020,7
17832021,6
17832022,6
17862014,6
17862015,6
17862016,6
17862017,6
17862018,6
17862019,6
17862020,6
17862021,6
17862022,6
17952014,7
17952015,7
17952016,7
17952017,7
17952018,7
17952019,6
17952020,6
17952021,6
17952022,6
18022014,5
18022015,6
18022016,6
18022017,5
18022018,5
18022019,6
18022020,6
18022021,5
18022022,6
18052014,8
18052015,8
18052016,8
18052017,8
18052018,8
18052019,8
18052020,8
18052021,8
18052022,8
18062014,6
18062015,6
18062016,6
18062017,6
18062018,6
18062019,6
18062020,6
18062021,6
18062022,6
18082014,8
18082015,8
18082016,8
18082017,8
18082018,7
18082019,7
18082020,7
18082021,7
18082022,8
18092014,6
18092015,6
18092016,6
18092017,6
18092018,6
18092019,6
18092020,6
18092021,6
18092022,6
18102014,7
18102015,7
18102016,7
18102017,7
18102018,7
18102019,7
18102020,7
18102021,6
18102022,6
18172014,6
18172015,6
18172016,6
18172017,6
18172018,6
18172019,6
18172020,6
18172021,6
18172022,6
19032014,7
19032015,7
19032016,7
19032017,7
19032018,7
19032019,7
19032020,7
19032021,7
19032022,7
19042014,5
19042015,5
19042016,5
19042017,5
19042018,5
19042019,5
19042020,5
19042021,5
19042022,5
19052014,5
19052015,5
19052016,5
19052017,5
19052018,5
19052019,5
19052020,5
19052021,5
19052022,5
19062014,6
19062015,6
19062016,6
19062017,6
19062018,6
19062019,6
19062020,6
19062021,6
19062022,6
19072014,5
19072015,5
19072016,5
19072017,5
19072018,5
19072019,5
19092014,6
19092015,6
19092016,6
19092017,6
19092018,6
19092019,6
19092020,6
19092021,6
19092022,7
20072014,8
20072015,8
20072016,8
20072017,8
20072018,8
20072019,8
20072020,8
20072021,8
20072022,8
20082014,8
20082015,8
20082016,8
20082017,8
20082018,8
20082019,9
20082020,9
20082021,9
20082022,9
20092014,6
20092015,6
20092016,7
20092017,7
20092018,7
20092019,7
20092020,8
20092021,7
20092022,7
20122014,7
20122015,7
20122016,7
20122017,7
20122018,6
20122019,6
20122020,6
20122021,6
20122022,6
20132014,5
20132015,6
20132016,6
20132017,6
20132018,6
20132019,6
20132020,6
20132021,6
20132022,6
20142014,6
20142015,7
20142016,7
20142017,6
20142018,5
20142019,5
20142020,5
20172014,7
20172015,7
20172016,7
20172017,6
20172018,6
20172019,6
20172020,6
20172021,6
20172022,6
20202014,7
20202015,7
20202016,7
20202017,7
20202018,7
20202019,7
20202020,7
20202021,7
20202022,7
20222014,7
20222015,7
20222016,7
20222017,8
20222018,7
20222019,7
20222020,7
20222021,7
20222022,7
20232014,5
20232015,5
20232016,5
20232017,5
20232018,6
20232019,7
20232020,7
20232021,7
20232022,7
20242014,7
20242015,7
20242016,7
20242017,7
20242018,7
20242019,7
20242020,7
20242021,7
20242022,7
20252014,8
20252015,D
20252016,D
20252017,8
20252018,9
20252019,D
20252020,D
20252021,9
20252022,9
20272014,7
20272015,7
20272016,7
20272017,7
20272018,6
20272019,6
20272020,7
20272021,5
20272022,5
20282014,8
20282015,D
20282016,D
20282017,D
20282018,D
20282019,D
20282020,8
20282021,7
20282022,7
20302014,8
20302015,8
20302016,8
20302017,7
20302018,7
20302019,7
20302020,7
20302021,6
20302022,6
20312014,7
20312015,7
20312016,7
20312017,6
20312018,6
20312019,6
20312020,6
20312021,5
20312022,5
20322014,6
20322015,6
20322016,6
20322017,6
20322018,6
20322019,6
20322020,6
20322021,6
20322022,6
20332014,8
20332015,8
20332016,8
20332017,7
20332018,7
20332019,7
20332020,7
20332021,7
20332022,7
20382014,7
20382015,7
20382016,7
20382017,7
20382018,7
20382019,7
20382020,7
20382021,7
20382022,7
20492015,5
20492016,7
20492017,5
20492018,5
20492019,5
20492020,5
20492021,5
20492022,5
20622017,5
20622018,6
20622019,6
20622020,6
20622021,6
20622022,6
20692014,7
20692015,7
20692016,7
20692017,7
20692018,7
20692019,7
20692020,7
20692021,7
20692022,7
21012014,6
21012015,6
21012016,6
21012017,6
21012018,6
21012019,6
21012020,6
21012021,8
21012022,8
21022014,5
21022015,5
21022016,5
21022017,6
21022018,6
21022019,6
21022020,6
21022021,8
21022022,8
21072014,5
21072015,5
21072016,5
21072017,5
21072018,5
21072019,5
21072020,5
21072021,5
21072022,5
21082014,5
21082015,5
21082016,5
21082017,5
21082018,5
21092014,7
21092015,6
21092016,6
21092017,7
21092018,7
21092019,6
21092020,6
21092021,6
21092022,6
21142014,5
21142015,5
21142016,5
21142017,5
21142018,5
21142019,5
21142020,5
21142021,5
21142022,5
22012022,5
22062014,6
22062015,6
22062016,6
22062017,6
22062018,6
22062019,6
22062020,6
22062021,5
22062022,5
22082015,5
22082016,6
22082017,7
22082018,7
22082019,7
22082020,7
22082021,7
22082022,7
22112019,5
22112020,5
22112021,5
22112022,5
22282014,5
22282020,5
22282021,5
22282022,5
22312014,5
22312020,5
22312021,5
22312022,5
22332014,5
22332015,5
22332016,5
22332017,5
22332018,5
22332019,5
22412016,7
22412017,7
22412018,7
22412019,7
22412020,7
22412021,7
22412022,8
23022014,8
23022015,8
23022016,8
23022017,8
23022018,8
23022019,8
23022020,7
23022021,7
23022022,6
23052014,8
23052015,8
23052016,8
23052017,8
23052018,8
23052019,8
23052020,8
23052021,8
23052022,8
23122014,5
23122015,5
23122016,5
23122017,5
23122018,5
23122019,5
23122020,6
23122021,6
23122022,6
23142014,8
23142015,8
23142016,7
23142017,6
23142018,6
23142019,6
23142020,6
23142021,7
23142022,7
23162014,5
23162015,5
23162016,5
23162017,5
23162018,5
23162019,5
23162020,5
23162021,5
23162022,5
23212014,8
23212015,9
23212016,9
23212017,9
23212018,9
23212019,9
23212020,9
23212021,9
23212022,9
23232014,7
23232015,7
23232016,7
23232017,7
23232018,7
23232019,7
23232020,7
23232021,7
23232022,8
23292014,7
23292015,6
23292016,6
23292017,6
23292018,6
23292019,6
23292020,6
23292021,6
23292022,6
23322016,5
23322017,6
23322018,6
23322019,6
23322020,7
23322021,8
23322022,8
23372014,6
23372015,7
23372016,7
23372017,5
23372018,5
23372019,5
23382014,5
23382015,6
23382016,6
23382017,6
23382018,6
23382019,6
23382020,6
23382021,7
23382022,7
23402014,5
23402015,5
23402016,5
23402017,5
23402018,5
23402019,5
23402020,5
23422014,D
23422015,D
23422016,D
23422017,D
23422018,7
23422019,7
23422020,7
23422021,7
23422022,7
23442014,5
23442015,5
23442016,5
23452014,5
23482014,7
23482015,7
23482016,7
23482017,7
23482018,6
23482019,6
23482020,6
23482021,6
23482022,6
23492014,7
23492015,7
23492016,7
23492017,7
23492018,7
23492019,8
23492020,8
23492021,8
23492022,8
23512014,5
23512015,5
23512016,5
23512017,5
23512018,5
23512019,5
23512020,5
23512021,5
23512022,5
23522014,6
23522015,6
23522016,5
23522017,5
23522018,5
23522019,5
23522020,5
23522021,5
23522022,5
23552019,5
23552020,5
23552021,5
23552022,5
23562021,5
23562022,5
23592014,5
23592015,5
23592016,5
23592017,5
23592018,5
23592019,5
23592020,5
23592021,5
23592022,5
23622014,6
23622015,6
23622016,6
23622017,6
23622018,6
23622019,6
23622020,6
23622021,6
23622022,6
23632014,7
23632015,7
23632016,7
23632017,7
23632018,7
23632019,7
23632020,7
23632021,7
23632022,7
23642014,9
23642015,9
23642016,9
23642017,9
23642018,9
23642019,9
23642020,9
23642021,9
23642022,9
23652014,5
23652015,5
23652016,6
23652017,6
23652018,6
23652019,6
23652020,6
23652021,6
23652022,6
23672014,5
23672015,5
23672016,5
23672017,5
23672018,5
23672020,6
23672021,7
23672022,7
23682014,6
23682015,6
23682016,6
23682017,6
23682018,6
23682019,6
23682020,5
23692014,5
23692015,5
23692016,5
23692017,5
23692018,5
23692019,6
23692020,6
23692021,6
23692022,6
23712014,7
23712015,8
23712016,8
23712017,8
23712018,9
23712019,9
23712020,9
23712021,9
23712022,9
23742018,5
23742019,5
23742020,6
23742021,6
23742022,6
23752014,6
23752015,6
23752016,6
23752017,6
23752018,6
23752019,5
23752020,5
23752021,5
23752022,5
23802014,6
23802015,7
23802016,7
23802017,7
23802018,8
23802019,9
23802020,9
23802021,9
23802022,9
23872014,5
23872015,5
23872016,5
23872017,5
23872018,5
23872019,5
23872020,5
23872021,5
23872022,5
23882014,8
23882015,9
23882016,9
23882017,8
23882018,8
23882019,8
23882020,8
23882021,8
23882022,7
23902014,7
23902015,7
23902016,7
23902017,7
23902018,7
23902019,8
23902020,8
23902021,8
23902022,8
23922016,5
23922017,5
23922018,5
23922019,5
23922020,5
23972014,5
23972015,5
23972016,5
23972017,5
23992014,6
23992015,6
23992016,6
23992017,6
23992018,6
23992019,6
23992020,6
23992021,6
23992022,6
24012014,5
24012015,5
24012016,5
24012017,5
24012018,5
24012019,5
24012020,5
24012021,5
24012022,5
24022016,5
24022017,5
24022018,5
24022019,6
24022020,6
24022021,6
24022022,6
24052014,5
24052015,6
24052016,6
24052017,6
24052018,6
24052019,6
24052020,7
24052021,7
24052022,7
24062014,6
24062015,6
24062016,6
24062017,8
24062018,9
24062019,9
24062020,9
24062021,8
24062022,8
24082014,6
24082015,6
24082016,6
24082017,5
24082018,5
24082019,5
24092014,6
24092015,6
24092016,6
24092017,5
24092018,5
24092019,6
24092020,6
24092021,6
24092022,6
24132014,7
24132015,6
24132016,6
24132017,7
24132018,7
24132019,8
24132020,8
24132021,8
24132022,7
24142014,5
24142015,5
24142016,5
24142017,5
24142018,5
24142019,5
24142020,5
24142021,5
24142022,5
24152014,7
24152015,7
24152016,7
24152017,7
24152018,7
24152019,7
24152020,7
24152021,7
24152022,7
24172014,5
24172015,6
24172016,6
24172017,6
24172018,6
24172019,6
24172020,6
24172021,6
24172022,6
24192014,6
24192015,6
24192016,6
24192017,6
24192018,6
24192019,6
24192020,6
24192021,6
24192022,6
24202014,5
24202015,5
24202016,5
24202017,5
24202018,5
24202019,5
24202020,5
24202021,5
24202022,5
24212014,5
24212015,5
24212016,5
24212017,5
24212018,5
24212019,5
24212020,5
24212021,5
24212022,5
24232014,5
24232015,5
24232016,5
24232017,5
24232018,5
24232019,5
24232020,5
24232021,5
24232022,5
24242014,7
24242015,7
24242016,7
24242017,7
24242018,7
24242019,8
24242020,9
24242021,9
24242022,9
24252014,5
24252015,5
24252016,5
24252017,5
24252018,5
24252019,5
24252020,5
24252021,5
24252022,5
24262014,7
24262015,7
24262016,7
24262017,7
24262018,7
24262019,7
24262020,7
24262021,6
24262022,6
24272014,7
24272015,7
24272016,7
24272017,7
24272018,7
24272019,7
24272020,7
24272021,7
24272022,7
24292014,9
24292015,9
24292016,9
24292017,9
24292018,9
24292019,9
24292020,9
24292021,9
24292022,9
24312014,6
24312015,6
24312016,6
24312017,6
24312018,6
24312019,6
24312020,6
24312021,6
24312022,6
24332014,6
24332015,6
24332016,6
24332017,5
24332018,5
24332019,5
24332020,5
24332021,5
24332022,5
24342014,8
24342015,8
24342016,9
24342017,9
24342018,9
24342019,9
24342020,9
24342021,8
24342022,8
24362014,5
24362015,5
24362016,5
24362017,5
24362018,5
24362019,5
24362020,5
24362021,5
24362022,5
24382014,8
24382015,8
24382016,8
24382017,8
24382018,8
24382019,8
24382020,8
24382021,8
24382022,8
24402014,8
24402015,8
24402016,8
24402017,8
24402018,8
24402019,8
24402020,8
24402021,7
24402022,7
24422014,7
24422015,7
24422016,7
24422017,7
24422018,7
24422019,7
24422020,7
24422021,7
24422022,7
24442014,8
24442015,8
24442016,8
24442017,8
24442018,8
24442019,8
24442020,9
24442021,9
24442022,9
24532014,6
24532015,6
24532016,6
24532017,6
24532018,6
24532019,6
24532020,6
24532021,6
24532022,6
24552014,5
24552015,5
24552016,5
24552017,5
24552018,5
24552019,5
24552020,5
24552021,5
24552022,5
24572014,5
24572015,6
24572016,6
24572017,6
24572018,6
24572019,6
24572020,6
24572021,6
24572022,6
24592014,5
24592015,5
24592016,5
24592017,5
24602014,5
24602015,6
24602016,6
24602017,6
24602018,6
24602019,7
24602020,7
24602021,7
24602022,7
24612014,6
24612015,6
24612016,6
24612017,6
24612018,6
24612019,6
24612020,6
24612021,6
24612022,6
24622014,5
24622015,5
24622016,5
24622017,5
24622018,6
24622019,6
24622020,6
24622021,6
24622022,6
24642014,5
24642015,5
24642016,5
24642017,5
24642018,5
24642019,5
24642020,5
24642021,5
24642022,5
24652014,8
24652015,8
24652016,8
24652017,8
24652018,8
24652019,9
24652020,9
24652021,9
24652022,9
24662014,8
24662015,8
24662016,8
24662017,8
24662018,8
24662019,8
24662020,9
24662021,9
24662022,8
24672014,6
24672015,6
24672016,6
24672017,5
24672018,5
24672019,5
24672020,5
24672021,5
24672022,5
24682014,6
24682015,6
24682016,6
24682017,6
24682018,6
24682019,6
24682020,6
24682021,7
24682022,7
24712014,6
24712015,6
24712016,6
24712017,6
24712018,6
24712019,6
24712020,6
24712021,6
24712022,6
24722014,5
24722015,5
24722016,5
24722017,5
24722018,5
24722019,5
24772014,6
24772015,6
24772016,6
24772017,6
24772018,6
24772019,6
24772020,6
24772021,6
24772022,6
24782014,6
24782015,6
24782016,6
24782017,6
24782018,5
24782019,5
24812014,7
24812015,7
24812016,6
24812017,6
24812018,6
24812019,6
24812020,5
24812021,5
24812022,5
24822014,6
24822015,6
24822016,6
24822017,7
24822018,7
24822019,7
24822020,7
24822021,7
24822022,7
24832014,6
24832015,6
24832016,6
24832017,6
24832018,6
24832019,6
24832020,6
24832021,6
24832022,6
24842014,6
24842015,6
24842016,6
24842017,6
24842018,6
24842019,6
24842020,6
24842021,6
24842022,5
24852018,5
24852019,5
24852020,6
24852021,6
24852022,6
24862014,6
24862015,6
24862016,6
24862017,6
24862018,7
24862019,7
24862020,7
24862021,7
24862022,7
24882014,6
24882015,6
24882016,5
24882017,5
24882018,5
24882019,5
24882020,5
24882021,5
24882022,5
24892017,5
24892018,5
24892019,5
24892020,5
24892021,5
24892022,5
24912014,D
24912015,D
24912016,D
24912017,D
24912018,D
24912019,9
24912020,9
24912021,9
24912022,9
24922014,5
24932014,6
24932015,6
24932016,6
24932017,6
24932018,6
24932019,6
24932020,6
24932021,5
24932022,5
24952018,5
24952019,5
24952020,5
24952021,5
24952022,5
24962014,D
24962015,D
24962016,7
24962017,6
24962018,6
24962019,6
24962020,6
24962021,6
24962022,6
24972014,5
24972015,5
24972016,6
24972017,7
24972018,7
24972019,7
24972020,7
24972021,7
24972022,7
24982016,5
24982017,6
24982018,6
24982019,7
24982020,8
24982021,8
24982022,8
25042015,5
25042016,6
25042017,6
25042018,6
25042019,6
25042020,6
25042021,6
25042022,6
25052014,7
25052015,7
25052016,7
25052017,7
25052018,7
25052019,7
25052020,7
25052021,7
25052022,7
25062014,8
25062015,8
25062016,8
25062017,8
25062018,8
25062019,8
25062020,8
25062021,8
25062022,8
25092014,5
25092015,6
25092016,6
25092017,6
25092018,6
25092019,6
25092020,6
25092021,6
25092022,6
25112014,6
25112015,5
25112016,5
25112017,5
25112018,5
25112019,5
25112020,5
25112021,5
25112022,5
25142014,6
25142015,6
25142016,6
25142017,6
25142018,7
25142019,7
25142020,6
25142021,6
25142022,6
25152014,6
25152015,6
25152016,6
25152017,6
25152018,6
25152019,6
25152020,6
25152021,6
25152022,6
25162014,6
25162015,6
25162016,7
25162017,8
25162018,8
25162019,8
25162020,8
25162021,8
25162022,8
25202014,6
25202015,6
25202016,6
25202017,7
25202018,7
25202019,7
25202020,7
25202021,7
25202022,6
25242014,7
25242015,7
25242016,7
25242017,7
25242018,7
25242019,7
25242020,7
25242021,7
25242022,7
25272014,7
25272015,7
25272016,7
25272017,7
25272018,7
25272019,7
25272020,7
25272021,7
25272022,7
25282014,9
25282015,9
25282016,8
25282017,8
25282018,8
25282019,8
25282020,8
25282021,8
25282022,8
25302014,6
25302015,6
25302016,6
25302017,7
25302018,7
25302019,7
25302020,7
25302021,7
25302022,7
25342014,6
25342015,6
25342016,6
25342017,6
25342018,6
25342019,6
25342020,6
25342021,6
25342022,6
25352014,5
25352015,5
25352016,5
25352017,5
25352018,5
25352019,5
25352020,5
25352021,5
25352022,5
25362014,5
25362015,5
25362016,5
25362017,5
25362018,5
25362019,5
25362020,5
25362021,5
25362022,5
25372014,7
25372015,7
25372016,7
25372017,7
25372018,7
25372019,7
25372020,7
25372021,7
25372022,7
25382014,6
25382015,6
25382016,6
25382017,7
25382018,7
25382019,7
25382020,7
25382021,7
25382022,7
25392014,7
25392015,7
25392016,6
25392017,6
25392018,6
25392019,6
25392020,6
25392021,6
25392022,6
25402014,9
25402015,9
25402016,9
25402017,9
25402018,9
25402019,9
25402020,9
25402021,9
25402022,9
25422014,7
25422015,7
25422016,7
25422017,7
25422018,7
25422019,7
25422020,7
25422021,7
25422022,8
25432014,7
25432015,7
25432016,7
25432017,7
25432018,7
25432019,7
25432020,7
25432021,7
25432022,7
25452014,8
25452015,8
25452016,8
25452017,8
25452018,8
25452019,8
25452020,8
25452021,8
25452022,8
25462014,5
25462015,5
25462016,5
25462017,6
25462018,6
25462019,6
25462020,6
25462021,6
25462022,6
25472014,8
25472015,9
25472016,9
25472017,9
25472018,9
25472019,9
25472020,9
25472021,9
25472022,9
25972014,5
25972015,5
25972016,5
25972017,5
25972018,5
25972019,5
25972020,5
26012015,5
26012016,7
26012017,7
26012018,7
26012019,7
26012020,7
26012021,7
26012022,7
26032016,5
26032017,5
26032018,5
26032019,5
26032020,5
26052014,5
26052015,5
26052016,5
26052017,5
26052018,5
26052019,5
26052020,5
26052021,5
26052022,5
26062016,5
26062017,5
26062018,5
26062019,5
26062020,5
26062021,5
26062022,5
26092014,6
26092015,6
26092016,8
26092017,7
26092018,7
26092019,7
26092020,7
26092021,5
26092022,5
26102014,6
26102015,6
26102016,6
26102017,6
26102018,6
26102019,7
26102020,7
26102021,6
26102022,6
26112014,8
26112015,8
26112016,8
26112017,8
26112018,8
26112019,8
26112020,8
26112021,8
26112022,8
26122014,5
26122015,5
26122016,5
26122017,5
26122018,5
26122019,5
26122020,5
26122021,5
26122022,5
26132014,7
26132015,7
26132016,7
26132017,7
26132018,7
26132019,7
26132020,7
26132021,7
26132022,7
26142014,7
26142015,8
26142016,8
26142017,8
26142018,7
26142019,7
26142020,7
26142021,7
26142022,7
26152016,5
26152017,5
26152018,5
26152019,5
26152020,5
26162014,5
26162015,5
26162016,5
26162017,5
26162018,5
26162019,5
26162020,5
26162021,5
26162022,5
26172015,5
26172016,5
26172017,5
26172018,5
26172019,5
26172020,5
26172021,5
26172022,5
26182014,6
26182015,6
26182016,6
26182017,6
26182018,6
26182019,7
26182020,7
26182021,6
26182022,6
26302014,6
26302015,6
26302016,6
26302017,6
26302018,6
26302019,6
26302020,7
26302021,7
26302022,7
26332014,D
26332015,7
26332016,7
26332017,7
26332018,6
26332019,6
26332020,6
26332021,6
26332022,6
26342020,5
26342021,5
26342022,5
26362014,5
26362015,5
26362016,5
26362017,5
26362018,5
26362019,5
26362020,5
26422014,5
26422015,5
26422016,5
26422017,5
26422018,5
26422019,5
26422020,5
26422021,5
26422022,5
26462022,7
27012014,5
27012015,5
27012016,5
27012017,5
27012018,5
27012019,5
27012020,6
27012021,6
27012022,6
27022014,6
27022015,7
27022016,8
27022017,9
27022018,9
27022019,9
27022020,9
27022021,9
27022022,9
27042020,5
27042021,5
27042022,6
27052014,7
27052015,7
27052016,8
27052017,8
27052018,8
27052019,8
27052020,9
27052021,9
27052022,9
27062014,5
27062015,5
27062016,5
27062017,5
27062018,5
27062019,5
27062020,6
27062021,6
27062022,6
27122014,7
27122015,7
27122016,7
27122017,7
27122018,7
27122019,7
27122020,7
27122021,7
27122022,7
27222014,6
27222015,6
27222016,6
27222017,6
27222018,6
27222019,6
27222020,6
27222021,6
27222022,6
27272020,5
27272021,5
27272022,5
27312014,5
27312020,7
27312021,7
27312022,7
27392014,5
27392015,5
27392016,5
27392017,5
27392018,5
27392019,6
27392020,7
27392021,8
27392022,8
27482015,6
27482016,6
27482017,6
27482018,6
27482019,6
27482020,6
27482021,7
27482022,6
27532018,5
27532019,5
29012014,5
29012015,5
29012016,5
29012017,5
29012018,5
29012019,5
29012020,6
29012021,6
29012022,6
29042014,6
29042015,6
29042016,6
29042017,6
29042018,6
29042019,6
29042020,6
29042021,6
29042022,6
29052014,5
29052015,5
29052016,5
29052017,5
29052018,5
29052019,5
29052020,5
29052021,5
29052022,5
29062014,5
29062015,5
29062016,5
29062017,5
29062018,5
29062019,5
29062020,5
29062021,5
29062022,5
29082014,5
29082015,5
29082016,5
29082017,5
29082018,5
29082019,5
29082020,5
29082021,5
29082022,6
29102014,5
29102015,6
29102016,6
29102017,6
29102018,6
29102019,7
29102020,7
29102021,7
29102022,7
29112014,6
29112015,6
29112016,7
29112017,7
29112018,7
29112019,7
29112020,7
29112021,8
29112022,8
29132014,8
29132015,7
29132016,7
29132017,7
29132018,7
29132019,7
29132020,7
29132021,7
29132022,8
29152014,6
29152015,6
29152016,6
29152017,6
29152018,6
29152019,6
29152020,6
29152021,6
29152022,7
29452018,6
29452019,6
29452020,6
29452021,6
29452022,6
30022014,6
30022015,6
30022016,6
30022017,6
30022018,6
30022019,6
30022020,6
30022021,6
30022022,6
30032014,5
30032015,5
30032016,5
30032017,5
30032018,5
30032019,5
30032020,5
30032021,5
30032022,5
30042014,6
30042015,5
30042016,5
30042017,5
30042018,5
30042019,5
30042020,7
30042021,7
30042022,7
30062014,5
30062015,5
30062016,5
30062017,5
30062018,5
30062019,5
30062020,5
30062021,5
30062022,5
30112014,7
30112015,7
30112016,7
30112017,7
30112018,7
30112019,7
30112020,7
30112021,7
30112022,7
30132014,6
30132015,6
30132016,6
30132017,6
30132018,6
30132019,6
30132020,6
30132021,7
30132022,7
30142014,5
30142015,5
30142016,5
30142017,5
30142018,5
30142019,5
30142020,5
30142021,5
30142022,5
30162014,6
30162015,6
30162016,6
30162017,6
30162018,6
30162019,6
30162020,6
30162021,6
30162022,6
30182014,7
30182015,7
30182016,7
30182017,7
30182018,7
30182019,8
30182020,8
30182021,D
30192014,5
30192015,5
30192016,5
30192017,5
30212014,7
30212015,7
30212016,6
30212017,6
30212018,6
30212019,6
30212020,6
30212021,6
30212022,6
30242014,6
30242015,7
30242016,7
30242017,7
30242018,7
30242019,7
30242020,7
30242021,7
30242022,7
30252014,6
30252015,6
30252016,6
30252017,6
30252018,6
30252019,6
30252020,6
30252021,6
30252022,6
30272014,6
30272015,6
30272016,6
30272017,7
30272018,7
30272019,7
30272020,7
30272021,7
30272022,7
30282014,5
30282015,5
30282016,5
30282017,5
30282018,5
30282019,5
30282020,5
30282021,5
30282022,6
30292014,6
30292015,5
30292016,5
30292017,5
30292018,5
30292019,5
30292020,5
30312014,6
30312015,6
30312016,6
30312017,6
30312018,6
30312019,6
30312020,6
30312021,6
30312022,6
30322014,5
30322015,5
30322016,5
30322017,5
30322018,5
30322019,5
30322020,5
30322021,5
30322022,5
30332014,6
30332015,6
30332016,6
30332017,6
30332018,6
30332019,6
30332020,6
30332021,5
30332022,6
30382014,6
30382015,6
30382016,6
30382017,6
30382018,6
30382019,5
30382020,5
30382021,5
30382022,5
30402014,6
30402015,6
30402016,6
30402017,6
30402018,6
30402019,6
30402020,6
30402021,6
30402022,6
30412015,5
30412016,6
30412017,6
30412018,6
30412019,6
30412020,6
30412021,6
30412022,6
30432014,9
30432015,9
30432016,D
30432017,D
30432018,9
30432019,9
30432020,9
30432021,9
30432022,8
30462014,6
30462015,6
30462016,8
30462017,8
30462018,8
30462019,8
30462020,8
30462021,8
30462022,6
30472014,6
30472015,6
30472016,6
30472017,7
30472018,7
30472019,7
30472020,7
30472021,7
30472022,7
30482014,6
30482015,6
30482016,7
30482017,7
30482018,7
30482019,7
30482020,7
30482021,6
30482022,6
30492014,7
30492015,7
30492016,7
30492017,7
30492018,7
30492019,6
30492020,6
30492021,6
30492022,6
30502014,7
30502015,7
30502016,7
30502017,7
30502018,7
30502019,7
30502020,7
30502021,7
30502022,7
30512014,D
30512015,D
30512016,D
30512017,D
30512018,D
30512019,D
30512020,D
30512021,9
30512022,9
30522014,6
30522015,6
30522016,6
30522017,6
30522018,6
30522019,6
30522020,6
30522021,6
30522022,6
30542014,6
30542015,6
30542016,7
30542017,7
30542018,7
30542019,7
30542020,7
30542021,7
30542022,7
30552014,5
30552015,5
30552016,5
30552017,5
30552018,6
30552019,6
30552020,7
30552021,7
30552022,7
30562014,7
30562015,7
30562016,6
30562017,6
30562018,6
30562019,6
30562020,6
30562021,6
30562022,6
30572014,5
30572015,5
30572016,6
30572017,7
30572018,7
30572019,8
30572020,8
30572021,8
30572022,8
30582014,6
30582015,6
30582016,6
30582017,6
30582018,6
30582019,6
30582020,7
30582021,8
30582022,8
30592019,5
30592020,5
30592021,5
30592022,5
30602017,5
30602018,6
30602019,7
30602020,7
30602021,7
30602022,7
30622014,5
30622017,5
30622018,5
30622019,5
30622020,6
30622021,6
30622022,6
30902014,6
30902015,6
30902016,6
30902017,5
30902018,5
30902019,5
30902020,5
30902021,5
30902022,5
30922014,7
30922015,7
30922016,6
30922017,6
30922018,6
30922019,6
30922020,6
30922021,6
30922022,7
30942014,6
30942015,6
30942016,6
30942017,6
30942018,6
30942019,6
30942020,6
30942021,6
30942022,6
31382014,8
31382015,7
31382016,7
31382017,7
31382018,7
31382019,7
31382020,7
31382021,7
31382022,7
31492014,6
31492015,8
31492016,D
31492017,9
31492018,9
31492019,9
31492020,9
31492021,9
31492022,9
31642014,7
31642015,7
31642016,7
31642017,7
31642018,7
31642019,7
31642020,7
31642021,7
31642022,7
31672014,5
31672015,5
31672016,5
31672017,5
31672018,5
31672019,5
31672020,6
31672021,6
31672022,6
31682014,8
31682015,8
31682016,7
31682017,7
31682018,7
31682019,6
31682020,6
31682021,6
31682022,6
32092014,7
32092015,7
32092016,7
32092017,7
32092018,7
32092019,7
32092020,7
32092021,6
32092022,6
32292014,6
32292015,6
32292016,6
32292017,6
32292018,6
32292019,7
32292020,8
32292021,8
32292022,8
32572014,6
32572015,6
32572016,6
32572017,6
32572018,6
32572019,7
32572020,6
32572021,6
32572022,6
32662014,5
32662015,5
32662016,5
32662017,5
32662018,5
32662019,5
32662020,5
32662021,5
32662022,5
32962014,6
32962015,6
32962016,6
32962017,6
32962018,6
32962019,6
32962020,6
32962021,6
32962022,6
33052014,5
33052015,5
33052016,5
33052017,5
33052018,5
33052019,6
33052020,6
33052021,6
33052022,6
33082014,8
33082015,8
33082016,8
33082017,8
33082018,8
33082019,8
33082020,8
33082021,8
33082022,8
33112014,5
33112015,5
33112016,6
33112017,6
33112018,6
33112019,6
33112020,6
33112021,6
33112022,6
33122014,6
33122015,7
33122016,7
33122017,7
33122018,7
33122019,6
33122020,6
33122021,6
33122022,6
33212014,6
33212015,6
33212016,7
33212017,8
33212018,8
33212019,8
33212020,8
33212021,8
33212022,8
33382014,6
33382015,6
33382016,6
33382017,6
33382018,6
33382019,5
33382020,5
33382021,5
33382022,5
33462014,7
33462015,7
33462016,7
33462017,7
33462018,7
33462019,8
33462020,8
33462021,7
33462022,7
33562014,5
33562015,5
33562016,6
33562017,7
33562018,7
33562019,7
33562020,7
33562021,7
33562022,7
34062014,6
34062015,7
34062016,7
34062017,6
34062018,5
34062019,5
34062020,5
34062021,5
34062022,5
34132014,6
34132015,5
34132016,5
34162014,5
34162015,5
34162016,5
34162017,5
34162018,5
34162019,5
34162020,5
34162021,5
34162022,5
34192014,7
34192015,7
34192016,7
34192017,7
34192018,7
34192019,7
34192020,7
34192021,7
34192022,7
34322014,7
34322015,7
34322016,7
34322017,7
34322018,7
34322019,7
34322020,7
34322021,7
34322022,8
34372014,5
34372015,5
34372016,5
34372017,5
34372018,6
34372019,6
34372020,6
34372021,6
34372022,6
34472014,6
34472015,6
34472016,6
34472017,6
34472018,7
34472019,7
34472020,7
34472021,7
34472022,7
34812014,D
34812015,7
34812016,7
34812017,5
34812018,5
34812019,6
34812020,6
34812021,6
34812022,6
34942014,7
34942015,7
34942016,8
34942017,8
34942018,8
34942019,9
34942020,9
34942021,9
34942022,9
35012014,5
35012015,5
35012016,5
35012017,5
35012018,5
35012019,5
35012020,5
35012021,5
35012022,5
35042014,5
35042015,5
35042016,5
35042017,5
35042018,5
35042019,5
35042020,6
35042021,6
35042022,6
35182014,7
35182015,7
35182016,7
35182017,7
35182018,7
35182019,7
35182020,7
35182021,7
35182022,7
35282014,6
35282015,6
35282016,6
35282017,6
35282018,6
35282019,6
35282020,6
35282021,6
35282022,6
35302014,7
35302015,7
35302016,6
35302017,6
35302018,6
35302019,6
35302020,6
35302021,6
35302022,6
35322014,5
35322015,5
35332014,5
35332015,5
35352014,9
35352015,8
35352016,8
35352017,8
35352018,7
35352019,7
35352020,7
35352021,7
35352022,7
35432014,6
35432015,7
35432016,7
35432017,7
35432018,7
35432019,7
35432020,7
35432021,7
35432022,7
35452014,5
35452015,5
35452016,5
35452017,5
35452018,5
35452019,5
35452020,5
35452021,5
35452022,5
35502014,6
35502015,6
35502016,6
35502017,6
35502018,6
35502019,6
35502020,6
35502021,6
35502022,6
35572014,7
35572015,7
35572016,7
35572017,8
35572018,8
35572019,8
35572020,7
35572021,7
35572022,6
35632014,6
35632015,6
35632016,6
35632017,5
35632018,5
35632019,5
35632020,5
35632021,5
35632022,5
35762014,6
35762015,6
35762016,7
35762017,7
35762018,7
35762019,8
35762020,8
35762021,8
35762022,7
35832014,6
35832015,6
35832016,6
35832017,6
35832018,5
35832019,5
35832020,5
35832021,5
35832022,5
35882014,6
35882015,6
35882016,6
35882017,6
35882018,6
35882019,6
35882020,6
35882021,6
35882022,6
35912014,6
35912015,6
35912016,6
35912017,6
35912018,6
35912019,6
35912020,6
35912021,6
35912022,6
35922014,5
35922015,5
35922016,5
35922017,5
35922018,5
35922019,5
35922020,5
35922021,5
35922022,5
35932014,8
35932015,8
35932016,8
35932017,8
35932018,8
35932019,9
35932020,9
35932021,9
35932022,9
35962014,5
35962015,5
35962016,5
35962017,5
35962018,5
35962019,5
35962020,5
35962021,5
35962022,5
36052015,5
36052016,5
36052017,5
36052018,5
36052019,5
36052020,5
36052021,5
36052022,5
36072016,5
36072017,5
36072018,6
36072019,7
36072020,7
36072021,7
36072022,7
36172014,5
36172015,5
36172021,5
36172022,5
36222014,5
36222015,5
36222016,6
36222017,6
36222018,6
36222019,7
36222020,7
36222021,7
36222022,7
36452014,5
36452015,5
36452016,5
36452017,5
36452018,5
36452019,6
36452020,6
36452021,6
36452022,6
36522014,6
36522015,6
36522016,6
36522017,6
36522018,6
36522019,6
36522020,6
36522021,6
36522022,6
36692014,5
36692015,5
36692016,5
36692017,5
36692018,5
36692019,5
36692020,5
36692021,5
36692022,5
36792014,5
36792015,5
36792016,5
36792017,5
36792018,5
36792019,5
36792020,5
36792021,5
36792022,5
36862014,7
36862015,7
36862016,7
36862017,7
36862018,8
36862019,8
36862020,8
36862021,8
36862022,8
36942014,7
36942015,7
36942016,7
36942017,7
36942018,7
36942019,7
36942020,7
36942021,7
36942022,7
37012014,9
37012015,9
37012016,D
37012017,9
37012018,9
37012019,8
37012020,8
37012021,8
37012022,7
37032014,5
37032015,5
37032016,5
37032017,5
37032018,5
37032019,5
37032020,5
37032021,5
37032022,5
37042014,5
37042015,5
37042016,5
37042017,5
37042018,6
37042019,6
37042020,6
37042021,6
37042022,6
37062014,5
37082016,6
37082017,6
37082018,6
37082019,6
37082020,6
37082021,6
37082022,6
37122018,6
37122019,6
37122020,6
37122021,6
37122022,6
37142021,6
37142022,6
37152022,5
41042014,5
41042015,5
41042016,5
41042017,5
41042018,5
41042019,5
41042020,5
41042021,5
41062014,5
41062015,5
41062016,5
41062017,5
41062018,5
41062019,5
41062020,5
41062021,5
41062022,5
41082014,7
41082015,7
41082016,7
41082017,7
41082018,7
41082019,7
41082020,7
41082021,7
41082022,7
41192014,5
41192020,6
41192021,6
41192022,6
41332014,5
41332015,5
41332016,5
41332017,5
41332018,5
41332019,5
41332020,5
41332021,5
41332022,5
41422014,8
41422015,8
41422016,8
41422017,8
41422018,8
41422019,8
41422020,7
41422021,7
41422022,7
41552014,6
41552015,6
41552016,6
41552017,6
41552018,6
41552019,6
41552020,6
41552021,6
41552022,6
41642014,6
41642015,6
41642016,6
41642017,6
41642018,6
41642019,6
41642020,6
41642021,6
41642022,6
43062014,6
43062015,7
43062016,7
43062017,7
43062018,7
43062019,7
43062020,7
43062021,7
43062022,7
44142014,8
44142015,8
44142016,8
44142017,8
44142018,8
44142019,8
44142020,8
44142021,9
44142022,D
44262014,5
44262015,5
44262016,5
44262017,5
44262018,5
44262019,5
44262020,5
44262021,7
44262022,7
44382015,5
44382016,5
44382017,5
44382018,5
44382019,5
44382020,5
44382021,5
44402018,5
44402019,5
44402020,5
44402021,5
44402022,5
45262014,5
45262015,5
45262016,5
45262017,6
45262018,6
45262019,6
45262020,6
45262021,6
45262022,6
45402014,8
45402015,8
45402016,8
45402017,6
45402018,6
45402019,6
45402020,6
45402021,6
45402022,6
45452014,5
45452015,5
45452016,5
45452017,5
45452018,6
45452019,6
45452020,6
45452021,6
45452022,6
45512014,5
45512015,5
45512016,5
45512017,5
45512018,5
45512019,5
45512020,5
45512021,5
45512022,5
45552014,6
45552015,6
45552016,6
45552017,6
45552018,6
45552019,6
45552020,6
45552021,6
45552022,6
45622015,6
45622016,6
45622017,6
45622018,6
45622019,8
45622020,9
45622021,9
45622022,9
45642017,6
45642018,5
45642019,5
45642020,5
45642021,5
45642022,5
45662016,5
45662017,5
45662018,5
45662019,5
45662020,5
45662021,5
45662022,5
45722018,5
45722019,5
45722020,6
45722021,6
45722022,6
45762018,7
45762019,7
45762020,7
45762021,6
45762022,6
45882021,6
45882022,6
47202014,5
47202015,5
47202016,5
47202017,5
47202018,5
47202019,5
47202020,5
47202021,5
47202022,5
47222014,6
47222015,5
47222016,5
47222017,5
47222018,5
47222019,5
47222020,5
47222021,5
47222022,5
47362014,5
47362015,5
47362016,5
47362017,5
47362018,5
47362019,5
47362020,5
47362021,5
47372014,9
47372015,7
47372016,7
47372017,7
47372018,7
47372019,7
47372020,7
47372021,7
47372022,7
47392014,7
47392015,6
47392016,6
47392017,5
47392018,5
47392019,5
47392020,5
47392021,5
47392022,5
47462014,7
47462015,6
47462016,6
47462017,6
47462018,6
47462019,7
47462020,7
47462021,7
47462022,7
47552014,5
47552015,5
47552016,5
47552017,5
47552018,5
47552019,5
47552020,5
47642016,6
47642017,5
47642018,5
47642019,5
47642020,5
47642021,5
47642022,5
47662017,5
47662018,5
47712021,5
47712022,5
49062014,5
49062015,5
49062016,5
49062017,5
49062018,5
49062019,5
49062020,6
49062021,6
49062022,6
49162014,6
49162015,6
49162016,6
49162017,6
49162018,6
49162019,7
49162020,7
49162021,7
49162022,7
49192014,5
49192015,5
49192016,5
49192017,5
49302014,5
49302015,5
49302016,5
49302017,5
49302018,5
49302019,5
49302020,5
49302021,5
49302022,5
49342014,7
49342015,6
49342016,6
49342017,7
49342018,8
49342019,8
49342020,8
49342021,8
49342022,7
49422014,5
49422015,5
49422016,5
49422017,5
49422018,5
49422019,5
49422020,5
49422021,5
49422022,5
49492014,7
49492015,7
49492016,8
49492017,8
49492018,8
49492019,7
49492020,6
49492021,6
49492022,6
49522014,5
49522015,5
49522016,5
49522017,5
49522018,5
49522019,5
49522020,5
49522021,5
49522022,5
49562014,7
49562015,7
49562016,7
49562017,7
49562018,7
49562019,7
49562020,7
49562021,6
49562022,6
49602014,5
49602015,5
49602016,6
49602017,7
49602018,D
49602019,9
49602020,D
49602021,8
49602022,8
49612014,6
49612015,6
49612016,6
49612017,6
49612018,6
49612019,6
49612020,5
49612021,5
49612022,5
49672014,7
49672015,8
49672016,7
49672017,7
49672018,6
49672019,6
49672020,6
49672021,6
49672022,6
49682014,6
49682015,6
49682016,6
49682017,6
49682018,6
49682019,5
49762014,6
49762015,6
49762016,6
49762017,6
49762018,6
49762019,6
49762020,6
49762021,6
49762022,6
49892014,8
49892017,6
49892018,6
49892019,6
49892020,6
49892021,6
49892022,6
49942014,5
49942015,5
49942016,6
49942017,6
49942018,6
49942019,6
49942020,6
49942021,6
49942022,6
49992014,5
49992015,5
49992016,5
49992017,5
49992018,5
49992019,5
49992020,5
49992021,5
49992022,5
52032016,5
52032017,5
52032018,5
52032019,5
52032020,5
52032021,5
52032022,5
52222014,9
52222015,8
52222016,7
52222017,7
52222018,6
52222019,6
52222020,6
52222021,6
52222022,6
52342014,5
52342015,5
52342016,5
52342017,5
52342018,5
52342019,5
52342020,5
52342021,5
52342022,5
52442014,6
52442015,6
52442016,6
52442017,6
52442018,6
52442019,6
52442020,6
52442021,6
52442022,6
52582014,6
52582015,6
52582016,6
52582017,7
52582018,8
52582019,8
52582020,8
52582021,7
52582022,6
52692014,6
52692015,6
52692016,6
52692017,5
52692018,5
52832014,6
52832015,6
52832016,5
52832017,5
52832018,5
52832019,5
52852014,6
52852015,6
52852016,6
52852017,6
52852018,6
52852019,6
52852020,6
52852021,6
52852022,6
52922019,6
52922020,6
52922021,6
52922022,6
53062014,5
53062015,5
53062016,5
53062017,5
53062018,5
53062019,5
53882021,5
53882022,5
54842014,6
54842015,7
54842016,7
54842017,7
54842018,7
54842019,7
54842020,8
54842021,8
54842022,8
55152014,6
55152015,6
55152016,6
55152017,6
55152018,6
55152019,6
55152020,6
55152021,6
55152022,6
55192014,7
55192015,7
55192016,7
55192017,7
55192018,7
55192019,7
55192020,7
55192021,7
55192022,7
55212014,6
55212015,7
55212016,7
55212017,7
55212018,8
55212019,8
55212020,8
55212021,8
55212022,8
55222014,6
55222015,6
55222016,6
55222017,7
55222018,7
55222019,7
55222020,7
55222021,7
55222022,6
55252014,7
55252015,7
55252016,7
55252017,7
55252018,6
55252019,6
55252020,6
55252021,6
55252022,6
55312014,8
55312015,8
55312016,8
55312017,8
55312018,8
55312019,8
55312020,8
55312021,8
55312022,8
55332014,5
55332015,5
55332016,5
55332017,6
55332018,6
55332019,6
55332020,6
55332021,6
55332022,6
55342014,5
55342015,5
55342016,5
55342017,5
55342018,5
55342019,5
55342020,5
55342021,5
55342022,5
56072014,6
56072015,6
56072016,6
56072017,6
56072018,6
56072019,6
56072020,6
56072021,6
56072022,6
56082014,8
56082015,8
56082016,8
56082017,8
56082018,8
56082019,8
56082020,9
56082021,8
56082022,7
57062014,5
57062015,5
57062016,5
57062017,5
57062018,5
57062019,5
57062020,6
57062021,7
57062022,7
61082014,6
61082015,7
61082016,7
61082017,6
61082018,6
61082019,6
61082020,7
61082021,6
61082022,6
61122014,5
61122015,5
61122016,5
61122017,5
61122018,5
61162014,5
61162015,5
61162016,5
61162017,5
61162018,5
61162019,6
61162020,6
61162021,6
61162022,6
61172014,6
61172015,7
61172016,7
61172017,8
61172018,8
61172019,8
61172020,8
61172021,8
61172022,8
61202014,5
61202015,5
61202016,5
61202017,5
61202018,5
61202019,5
61202020,5
61202021,5
61202022,5
61282014,5
61282015,5
61282016,5
61282017,5
61282018,5
61282019,5
61282020,6
61282021,6
61282022,6
61332014,6
61332015,6
61332016,6
61332017,6
61332018,6
61332019,6
61332020,7
61332021,7
61332022,7
61362014,5
61362015,5
61362016,5
61362017,5
61362018,5
61362019,5
61362020,5
61362021,5
61362022,5
61392014,5
61392015,5
61392016,5
61392017,5
61392018,5
61392019,5
61392020,6
61392021,6
61392022,5
61412014,6
61412015,7
61412016,7
61412017,6
61412018,6
61412019,6
61412020,6
61412021,6
61412022,7
61422014,7
61422015,7
61422016,7
61422017,7
61422018,7
61422019,7
61422020,7
61422021,8
61422022,8
61522014,5
61522015,5
61522016,6
61522017,7
61522018,8
61522019,8
61522020,8
61522021,8
61522022,8
61532019,5
61532020,5
61532021,6
61532022,6
61552014,5
61552015,5
61552016,5
61552017,6
61552018,6
61552019,6
61552020,6
61552021,6
61552022,6
61642014,5
61642015,5
61642016,5
61642017,6
61642018,6
61642019,7
61642020,7
61642021,7
61642022,7
61652014,8
61652015,8
61652016,8
61652017,8
61652018,8
61652019,8
61652020,9
61652021,8
61652022,8
61662018,5
61662019,5
61662020,5
61662021,5
61662022,6
61682014,6
61682015,6
61682016,6
61682017,6
61682018,6
61682019,6
61682020,5
61682021,5
61682022,5
61772014,7
61772015,7
61772016,7
61772017,7
61772018,7
61772019,7
61772020,7
61772021,7
61772022,7
61842015,6
61842016,6
61842017,6
61842018,5
61842019,6
61842020,6
61842021,6
61842022,6
61962014,5
61962015,5
61962016,5
61962017,5
61962018,5
61962019,5
61972014,5
61972015,5
61972016,5
61972017,5
61972018,5
61972019,5
61972020,5
61972021,5
61972022,5
62012014,5
62012015,5
62012016,5
62012017,5
62012018,5
62012019,5
62012020,5
62012021,5
62012022,5
62052014,5
62052015,5
62052016,5
62052017,5
62052018,5
62052019,5
62052020,5
62052021,5
62052022,5
62092014,5
62092015,5
62092016,5
62092017,6
62092018,6
62092019,6
62092020,6
62092021,6
62092022,6
62132014,5
62132015,5
62132016,5
62132017,5
62132018,5
62152014,7
62152015,7
62152016,7
62152017,7
62152018,7
62152019,7
62152020,7
62152021,6
62152022,6
62162014,6
62162015,6
62162016,6
62162017,6
62162018,6
62162019,6
62162020,6
62162021,6
62162022,6
62242014,5
62242015,5
62242016,5
62242017,5
62242018,5
62242019,5
62242020,5
62242021,5
62242022,5
62252014,D
62252015,D
62252016,D
62252017,D
62252018,D
62252019,D
62252020,D
62252021,D
62252022,9
62262014,8
62262015,8
62262016,8
62262017,8
62262018,7
62262019,7
62262020,7
62262021,7
62262022,7
62352014,7
62352015,7
62352016,6
62352017,6
62352018,6
62352019,7
62352020,7
62352021,7
62352022,6
62432014,6
62432015,7
62432016,7
62432017,7
62432018,7
62432019,7
62432020,8
62432021,8
62432022,8
62822021,5
62822022,5
62832014,7
62832015,7
62832016,7
62832017,7
62832018,6
62832019,6
62832020,6
62832021,6
62832022,6
62882014,7
62882015,7
62882016,7
62882017,7
62882018,7
62882019,6
62882020,6
62882021,7
62882022,7
64052014,5
64052015,5
64052016,6
64052017,6
64052018,6
64052019,7
64052020,7
64052021,7
64052022,7
64162014,5
64162015,5
64162016,5
64162017,5
64162018,5
64162019,5
64162020,5
64162021,5
64162022,5
64262014,6
64262015,6
64262016,6
64262017,6
64262018,6
64262019,6
64262020,6
64262021,6
64262022,6
64382014,5
64382015,5
64382016,5
64382017,5
64382018,5
64382019,5
64382020,5
64382021,5
64382022,5
64422014,5
64422015,5
64422016,5
64422017,6
64422018,6
64422019,6
64422020,6
64422021,6
64422022,6
64432014,7
64432015,7
64432016,7
64432017,7
64432018,8
64432019,8
64432020,7
64432021,7
64432022,6
64462014,7
64462015,7
64462016,7
64462017,7
64462018,7
64462019,7
64462020,8
64462021,8
64462022,8
64492014,6
64492015,6
64492016,6
64492017,6
64492018,6
64492019,6
64492020,5
64492021,5
64492022,5
64642015,5
64642016,5
64642017,5
64642018,5
64642019,5
64642020,5
64642021,5
64642022,5
64722014,7
64722015,7
64722016,7
64722017,7
64722018,6
64722019,6
64722020,6
64722021,6
64722022,6
64772014,6
64772015,7
64772016,8
64772017,7
64772018,7
64772019,7
64772020,6
64772021,6
64772022,6
64912014,6
64912015,6
64912016,5
64912017,5
64912018,5
64912019,5
64912020,5
64912021,5
65042014,5
65042021,5
65042022,6
65152014,6
65152019,6
65152020,6
65152021,5
65152022,5
65262022,5
65312015,6
65312016,6
65312017,6
65312018,6
65312019,7
65312020,6
65312021,5
65312022,5
65332014,7
65332015,7
65332016,7
65332017,7
65332018,7
65332019,7
65332020,7
65332021,7
65332022,7
65522015,6
65522016,6
65522017,6
65522018,6
65522019,6
65522020,6
65522021,6
65522022,6
65582015,6
65582016,6
65582017,6
65582018,6
65582019,6
65582020,6
65582021,6
65582022,6
65812016,5
65812017,5
65812018,5
65812019,5
65812020,5
65812021,5
65812022,5
65822016,6
65822017,6
65822018,5
65822019,5
65852016,6
65852017,6
65852018,6
65852019,6
65852020,6
65852021,6
65852022,6
66062018,6
66062019,6
66062020,6
66062021,6
66062022,6
66552017,7
66552018,7
66552019,7
66552020,7
66552021,7
66552022,7
66572017,8
66572018,8
66572019,8
66572020,8
66572021,8
66572022,8
66582018,6
66582019,6
66582020,6
66582021,6
66582022,6
66682018,6
66682019,6
66682020,6
66682021,7
66682022,7
66692017,5
66742017,6
66742018,6
66742019,6
66742020,6
66742021,6
66742022,6
66892018,5
66892019,5
66892020,5
66892021,5
66892022,5
66912018,6
66912019,6
66912020,6
66912021,6
66912022,5
66952018,8
66952019,8
66952020,8
66952021,8
66952022,8
66982018,6
66982019,6
66982020,6
66982021,6
66982022,6
67062018,6
67062019,6
67062020,6
67062021,5
67062022,5
67152018,6
67152019,6
67152020,5
67152021,5
67152022,5
67192018,5
67192019,5
67192020,5
67192021,5
67192022,5
67422019,7
67422020,7
67422021,7
67422022,7
67432019,7
67432020,6
67432021,7
67432022,7
67532019,6
67532020,6
67532021,6
67532022,6
67542019,6
67542020,6
67542021,6
67542022,6
67562019,6
67562020,6
67562021,6
67562022,6
67572019,7
67572020,7
67572021,7
67572022,7
67702021,7
67702022,7
67762020,5
67762021,5
67762022,5
67822020,5
67822021,5
67822022,5
67902020,5
67902021,5
67902022,5
67922021,6
67922022,6
67962021,7
67962022,7
67992020,6
67992021,6
67992022,6
68052020,7
68052021,7
68052022,6
68062020,9
68062021,9
68062022,9
68302021,5
68302022,5
68342020,7
68342021,6
68342022,6
68352021,6
68352022,6
68382021,8
68382022,8
68612022,6
68692021,7
68692022,7
68732021,6
68732022,6
68852021,7
68852022,7
69062022,6
69142022,5
69162022,6
69192022,8
69232022,6
69282022,6
69312022,6
69362022,5
69372022,6
80112014,5
80112015,6
80112016,6
80112017,7
80112018,7
80112019,8
80112020,8
80112021,8
80112022,8
80162014,5
80212014,5
80212015,5
80212016,5
80212017,5
80212018,5
80212019,5
80212020,5
80282014,6
80282015,6
80282016,6
80282017,6
80282018,6
80282019,6
80282020,6
80282021,6
80282022,6
80332014,9
80332015,9
80332016,9
80332017,9
80332018,8
80332019,8
80332020,8
80332021,8
80332022,8
80452014,8
80452015,8
80452016,8
80452017,8
80452018,8
80452019,8
80452020,8
80452021,8
80452022,8
80702014,5
80702015,5
80702016,5
80722016,5
80722017,6
80722018,6
80722019,6
80722020,6
80722021,6
80722022,6
81012014,6
81012015,6
81012016,8
81012017,9
81012018,9
81012019,9
81012020,9
81012021,D
81012022,D
81032014,5
81032015,5
81032016,5
81032017,5
81032018,5
81032019,5
81032020,5
81032021,5
81032022,5
81042016,7
81042017,7
81042018,7
81042019,7
81042020,7
81042021,7
81042022,7
81052014,5
81052015,5
81052016,5
81052017,5
81052018,5
81052019,6
81052020,6
81052021,6
81052022,6
81102014,6
81102015,6
81102016,6
81102017,6
81102018,6
81102019,6
81102020,6
81102021,6
81102022,6
81122014,6
81122015,6
81122016,6
81122017,6
81122018,6
81122019,6
81122020,6
81122021,6
81122022,6
81142014,5
81142015,5
81142016,6
81142017,6
81142018,6
81142019,7
81142020,7
81142021,6
81142022,6
81312014,5
81312015,5
81312016,5
81312017,5
81312018,5
81312019,5
81312020,5
81312021,5
81312022,5
81632014,5
81632015,5
81632016,5
81632017,5
81632018,5
81632019,5
81632020,5
81632021,5
81632022,5
82012014,7
82012015,7
82012016,7
82012017,7
82012018,7
82012019,7
82012020,7
82012021,7
82012022,7
82152014,6
82152015,6
82152016,6
82152017,6
82152018,6
82152019,6
82152020,6
82152021,6
82152022,6
82222014,7
82222015,7
82222016,7
82222017,7
82222018,7
82222019,7
82222020,7
82222021,7
82222022,7
82492014,5
82492015,5
82492016,5
82492017,5
82492018,5
82492019,5
82492020,5
82492021,5
82492022,5
82612014,6
82612015,6
82612016,6
82612017,6
82612018,6
82612019,6
82612020,6
82612021,6
82612022,6
82712014,5
82712015,5
82712016,5
82712017,5
82712018,5
82712019,5
82712020,5
82712021,5
82712022,5
83412014,5
83412015,5
83412016,5
83412017,5
83412018,5
83412019,5
83412020,5
83412021,5
83412022,5
83672014,6
83672015,6
83672016,6
83672017,6
83672018,6
83672019,6
83672020,6
83672021,6
83672022,6
83742014,7
83742015,7
83742016,7
83742017,6
83742018,6
83742019,6
83742020,6
83742021,6
83742022,6
84222014,5
84382014,8
84382015,8
84382016,8
84382017,8
84382018,8
84382019,8
84382020,8
84382021,7
84382022,6
84432014,5
84432015,6
84432016,6
84432017,7
84432018,7
84432019,7
84432020,7
84432021,8
84432022,8
84622014,7
84622015,6
84622016,6
84622017,5
84622018,5
84622019,5
84622020,5
84622021,5
84622022,5
84632014,6
84632015,6
84632016,6
84632017,6
84632018,6
84632019,6
84632020,6
84632021,6
84632022,6
84732014,5
84732015,5
84732016,5
84732017,5
84732018,5
84732019,5
84732020,5
84732021,5
84732022,6
84762015,7
84762016,7
84762017,7
84762018,9
84762019,9
84762020,9
84762021,8
84762022,7
84782015,6
84782016,6
84782017,6
84782018,6
84782019,6
84782020,6
84782021,6
84782022,5
84812015,5
84812016,5
84812017,5
84812018,5
84812019,5
84812020,5
84812021,5
84812022,5
89262014,6
89262015,6
89262016,6
89262017,6
89262018,6
89262019,6
89262020,6
89262021,6
89262022,6
89402014,7
89402015,7
89402016,7
89402017,7
89402018,7
89402019,7
89402020,7
89402021,7
89402022,7
89962014,5
89962015,5
89962016,5
89962017,6
89962018,6
89962019,5
89962020,5
89962021,5
89962022,5
99022014,8
99022015,8
99022016,8
99022017,8
99022018,8
99022019,8
99022020,8
99022021,8
99022022,8
99062014,8
99062015,8
99062016,8
99062017,8
99062018,8
99062019,8
99062020,8
99062021,8
99062022,8
99072014,5
99072015,5
99122014,8
99122015,8
99122016,8
99122017,8
99122018,8
99122019,8
99122020,8
99122021,8
99122022,9
99192014,6
99192015,6
99192016,6
99192017,6
99192018,6
99192019,6
99192020,6
99192021,6
99192022,8
99292014,8
99292015,8
99292016,8
99292017,8
99292018,8
99292019,8
99292020,8
99292021,8
99292022,8
99312014,5
99312015,5
99312016,5
99312017,5
99312018,5
99312019,5
99312020,5
99312021,5
99312022,5
99342014,5
99342015,5
99342016,5
99342017,5
99342018,5
99342019,5
99342020,5
99342021,5
99342022,6
99352014,9
99352015,9
99352016,8
99352017,8
99352018,8
99352019,7
99352020,6
99352021,6
99352022,7
99432014,5
99432015,5
99432016,5
99432017,5
99432018,5
99432019,5
99432020,5
99432021,5
99432022,5
99442014,5
99442015,5
99442016,5
99442017,6
99442018,6
99442019,6
99442020,6
99442021,6
99442022,6
99452014,5
99452015,5
99452016,5
99452017,5
99452018,5
99452019,5
99452020,5
99452021,5
99452022,5
99462014,7
99462015,7
99462016,7
99462017,7
99462018,7
99462019,7
99462020,7
99462021,7
99462022,7
99552014,6
99552015,7
99552016,7
99552017,8
99552018,8
99552019,8
99552020,8
99552021,8
99552022,8
99582014,7
99582015,7
99582016,7
99582017,7
99582018,7
99582019,7
99582020,5
99582021,5
99582022,5
