Date,Open,High,Low,Close
04/27/2023,77.88,78.55,77.36,78.22
04/26/2023,80.71,81.36,77.5,77.72
04/25/2023,82.39,82.88,80.21,80.6
04/24/2023,81.52,82.8,80.3,82.54
04/21/2023,80.79,82.05,80.45,81.66
04/20/2023,82.75,82.92,80.77,81.1
04/19/2023,84.9,85.15,82.39,83.12
04/18/2023,84.74,85.41,83.81,84.77
04/17/2023,86.3,86.52,84.34,84.76
04/14/2023,86.18,86.87,85.53,86.31
04/13/2023,87.19,87.47,86.05,86.09
04/12/2023,85.59,87.49,85.39,87.33
04/11/2023,84.24,85.67,83.75,85.61
04/10/2023,85.14,85.66,84.09,84.18
04/07/2023,85.12,85.12,85.12,85.12
04/06/2023,84.89,85.45,84.05,85.12
04/05/2023,85.22,85.54,84.01,84.99
04/04/2023,84.89,86.04,83.82,84.94
04/03/2023,86,86.44,83.5,84.93
03/31/2023,78.47,79.95,77.84,79.89
03/30/2023,77.48,78.85,77.18,78.6
03/29/2023,78.47,79,77.31,77.59
03/28/2023,77.83,78.7,77.09,78.14
03/27/2023,74.62,78,74.39,77.76
03/24/2023,75.1,75.89,72.35,74.59
03/23/2023,75.87,77.44,75.12,75.91
03/22/2023,75.15,77.12,74.5,76.69
03/21/2023,73.64,75.42,72.82,75.32
03/20/2023,73.01,73.87,70.12,73.79
03/17/2023,74.7,75.92,71.4,72.97
03/16/2023,74.3,75.54,71.86,74.7
03/15/2023,77.82,78.73,71.67,73.69
03/14/2023,80.54,80.92,76.89,77.45
03/13/2023,83.16,83.48,78.34,80.77
03/10/2023,81.47,83.11,80.73,82.78
03/09/2023,82.55,84,81.42,81.59
03/08/2023,83.03,83.59,82.06,82.66
03/07/2023,86.23,86.75,82.83,83.29
03/06/2023,85.78,86.35,84.34,86.18
03/03/2023,84.61,86,82.36,85.83
03/02/2023,84.31,85.1,83.83,84.75
03/01/2023,83.05,84.49,82.61,84.31
02/28/2023,82,83.99,81.84,83.45
02/27/2023,82.85,83.25,81.4,82.04
02/24/2023,82.33,83.09,80.75,82.82
02/23/2023,80.31,82.46,80.25,81.95
02/22/2023,82.5,82.96,80.3,80.45
02/21/2023,83.86,84.2,82.56,83.05
02/20/2023,83.17,84.3,82.73,84.07
02/17/2023,84.6,84.87,81.8,83
02/16/2023,85.27,86.21,84.6,85.14
02/15/2023,85.2,85.85,83.88,85.38
02/14/2023,85.83,86.42,84.13,85.58
02/13/2023,86.51,86.95,85.1,86.61
02/10/2023,84.22,86.9,83.93,86.39
02/09/2023,84.96,85.5,83.05,84.5
02/08/2023,84.11,85.15,83.51,85.09
02/07/2023,81.26,84.13,81.19,83.69
02/06/2023,79.61,81.43,79.1,80.99
02/03/2023,82.27,84.2,79.62,79.94
02/02/2023,83.34,83.61,81.25,82.17
02/01/2023,85.56,86.21,82.37,82.84
01/31/2023,84.62,85.79,83.16,85.46
01/30/2023,86.81,87.28,84.26,84.5
01/27/2023,87.49,88.63,85.52,86.4
01/26/2023,86.45,87.99,85.77,87.28
01/25/2023,86.42,87.07,85.5,86.19
01/24/2023,88,88.61,85.9,86.25
01/23/2023,87.77,89.09,86.92,88.19
01/20/2023,86.42,87.79,85.58,87.63
01/19/2023,84.34,86.85,83.76,86.16
01/18/2023,86.45,87.85,84.36,84.98
01/17/2023,84.2,86.82,84.04,85.92
01/16/2023,85.5,85.59,83.83,84.46
01/13/2023,83.91,85.5,83.5,85.28
01/12/2023,82.88,84.62,82.37,84.03
01/11/2023,79.52,83,79.31,82.67
01/10/2023,79.54,80.89,78.81,80.1
01/09/2023,78.42,81.37,78.42,79.65
01/06/2023,78.8,80.59,78.05,78.57
01/05/2023,78.16,79.97,77.61,78.69
01/04/2023,82.31,82.72,77.72,77.84
01/03/2023,85.96,87,81.78,82.1
01/02/2023,85.91,85.91,85.91,85.91
12/30/2022,83.71,86,82.88,85.91
12/29/2022,83.63,83.84,81.85,83.46
12/28/2022,84.92,85.15,82.51,83.99
12/27/2022,85,86.1,84.19,84.68
12/26/2022,84.5,84.5,84.5,84.5
12/23/2022,82.32,84.7,81.83,84.5
12/22/2022,82.93,84.21,81.35,81.67
12/21/2022,79.94,82.52,79.55,82.2
12/20/2022,80.25,80.89,78.28,79.99
12/19/2022,79.03,80.87,78.6,79.8
12/16/2022,81.32,81.78,78.29,79.04
12/15/2022,82.76,83.18,80.83,81.21
12/14/2022,80.35,83.15,80.11,82.7
12/13/2022,78.13,81.28,78.1,80.68
12/12/2022,76.93,78.59,75.26,77.99
12/09/2022,76.63,77.48,75.11,76.1
12/08/2022,77.46,79.17,75.74,76.15
12/07/2022,79.76,80.49,76.91,77.17
12/06/2022,83.28,83.69,78.7,79.35
12/05/2022,85.73,88.44,82.52,82.68
12/02/2022,86.9,87.91,85.16,85.57
12/01/2022,86.78,89.37,86.26,86.88
11/30/2022,84.9,87.39,84.45,86.97
11/29/2022,83.21,86.72,83.19,84.25
11/28/2022,84,84.67,80.81,83.89
11/25/2022,85.45,86.88,83.66,83.71
11/24/2022,84.85,85.34,84,85.24
11/23/2022,87.81,88.76,83.91,85.14
11/22/2022,87.76,89.9,87.35,88.36
11/21/2022,87.74,87.98,82.31,87.45
11/18/2022,90.1,90.63,85.8,87.62
11/17/2022,92.73,92.91,89.53,89.78
11/16/2022,94.11,94.79,91.67,92.86
11/15/2022,92.59,95.77,91.53,93.86
11/14/2022,96,96.95,92.5,93.14
11/11/2022,93.84,96.92,93.69,95.99
11/10/2022,92.53,94.32,91.73,93.67
11/09/2022,95.17,95.65,92.33,92.65
11/08/2022,98.24,98.3,95,95.36
11/07/2022,97.31,99.56,96.5,97.92
11/04/2022,94.58,98.81,94.33,98.57
11/03/2022,95.36,95.98,94.19,94.67
11/02/2022,94.99,96.5,94.01,96.16
11/01/2022,92.55,95.55,92.33,94.65
10/31/2022,94.15,94.48,91.46,92.81
10/28/2022,94.41,94.9,93.02,93.77
10/27/2022,94.15,95.3,93.18,95.04
10/26/2022,91.12,94.3,90.39,93.79
10/25/2022,91.4,92.48,89.75,91.74
10/24/2022,91.43,92.3,89.01,91.21
10/21/2022,92.45,93.8,91,93.5
10/20/2022,92.4,94.77,91.91,92.38
10/19/2022,90.79,92.85,89.32,92.41
10/18/2022,91.99,92.66,88.77,90.03
10/17/2022,91.66,93.21,90.83,91.62
10/14/2022,94.53,95.11,91.28,91.63
10/13/2022,92.49,94.92,91.08,94.57
10/12/2022,93.72,95.17,91.56,92.45
10/11/2022,95.93,96.46,93.11,94.29
10/10/2022,98.75,98.75,95.6,96.19
10/07/2022,94.71,98.58,93.94,97.92
10/06/2022,93.71,94.98,92.72,94.42
10/05/2022,91.89,93.96,90.76,93.37
10/04/2022,88.81,92.4,88.78,91.8
10/03/2022,86.35,89.82,86.35,88.86
09/30/2022,87.55,88.64,85,85.14
09/29/2022,87.62,88.74,86.15,87.18
09/28/2022,84.83,88.22,82.94,88.05
09/27/2022,82.84,85.84,82.81,84.87
09/26/2022,85.57,86.45,82.44,82.86
09/23/2022,89.57,89.88,84.55,85.03
09/22/2022,89.99,92.81,89.3,90.46
09/21/2022,90.74,93.5,89.3,89.83
09/20/2022,92.15,93.05,89.8,90.62
09/19/2022,91.41,92.57,88.5,92
09/16/2022,90.51,92.66,90.25,91.35
09/15/2022,94.65,94.66,90.03,90.84
09/14/2022,93.4,95.8,91.93,94.1
09/13/2022,94.31,95.53,91.05,93.17
09/12/2022,92.37,95.17,91.21,94
09/09/2022,88.62,93.12,88.6,92.84
09/08/2022,87.7,89.83,87.24,89.15
09/07/2022,92.81,93.8,87.4,88
09/06/2022,95.19,95.94,92.3,92.83
09/05/2022,93.02,96.99,93.02,95.74
09/02/2022,92.66,95.32,92.65,93.02
09/01/2022,95.18,95.68,91.81,92.36
08/31/2022,98.33,99,94.4,95.64
08/30/2022,102.88,103.48,96.63,97.84
08/29/2022,98.89,103.22,98.25,102.93
08/26/2022,98.95,100.1,96.96,99.01
08/25/2022,100.79,101.53,98.23,98.46
08/24/2022,100.19,101.9,99.1,101.22
08/23/2022,96.78,100.45,96.53,100.22
08/22/2022,95.78,97.28,92.36,96.48
08/19/2022,96.68,97.88,94.25,96.72
08/18/2022,93.29,97.42,93.05,96.59
08/17/2022,92.67,94.48,91.51,93.65
08/16/2022,94.01,95.95,91.71,92.34
08/15/2022,97.72,98.17,92.78,95.1
08/12/2022,99.33,100.38,96.94,98.15
08/11/2022,97.04,100.17,96.63,99.6
08/10/2022,96.34,97.97,93.63,97.4
08/09/2022,96.36,98.4,94.9,96.31
08/08/2022,94.51,96.82,93.01,96.65
08/05/2022,93.65,96.4,92.78,94.92
08/04/2022,97.1,97.66,93.2,94.12
08/03/2022,99.73,102.41,96.5,96.78
08/02/2022,99.87,102.41,98.49,100.54
08/01/2022,103.9,104.43,99.09,100.03
07/29/2022,102.69,106.5,101.64,103.97
07/28/2022,102.35,104.2,100.97,101.83
07/27/2022,99.83,102.88,98.85,101.67
07/26/2022,99.75,102.39,99.05,99.46
07/25/2022,98.44,100.41,96.7,100.19
07/22/2022,99.24,101.02,97.5,98.38
07/21/2022,106.49,106.78,101.5,103.86
07/20/2022,107.07,107.45,105.08,106.92
07/19/2022,105.74,107.61,103.6,107.35
07/18/2022,101.19,106.48,99.46,106.27
07/15/2022,99.91,102.64,98.17,101.16
07/14/2022,99.43,100.39,94.5,99.1
07/13/2022,98.5,101.21,98.28,99.57
07/12/2022,106.25,106.56,98.9,99.49
07/11/2022,107,107.7,103.64,107.1
07/08/2022,104.65,107.47,103.67,107.02
07/07/2022,100.14,106.35,98.5,104.65
07/06/2022,104.88,105.85,98.5,100.69
07/05/2022,113.54,114.75,101.1,102.77
07/04/2022,111.65,114,110.4,113.5
07/01/2022,109.49,112.45,108.03,111.63
06/30/2022,112.45,113.25,108.19,109.03
06/29/2022,113.93,116.24,111.74,112.45
06/28/2022,111.57,114.1,111.48,113.8
06/27/2022,109,111.89,107.15,110.98
06/24/2022,106.4,110.14,105.67,109.1
06/23/2022,106.33,109.28,105.03,106.46
06/22/2022,114.4,114.45,107.03,111.74
06/21/2022,114.21,116.25,114.02,114.65
06/20/2022,113.59,114.5,111.52,114.13
06/17/2022,119.13,121.25,111.72,113.12
06/16/2022,119.65,120.29,115.56,119.81
06/15/2022,120.79,121.88,117.75,118.51
06/14/2022,121.88,125.19,118.91,121.17
06/13/2022,121.94,123.7,118.93,122.27
06/10/2022,122.89,124.33,119.81,122.01
06/09/2022,123.6,124.34,122.5,123.07
06/08/2022,120.65,124.4,120.45,123.58
06/07/2022,119.94,121.37,118.55,120.57
06/06/2022,121.55,121.95,118.77,119.51
06/03/2022,118.22,121.45,116.02,119.72
06/02/2022,115.02,118.46,112.45,117.61
06/01/2022,116.08,118.57,115.4,116.29
05/31/2022,118.2,120.8,115.15,115.6
05/30/2022,115.53,117.94,115.32,117.6
05/27/2022,114.37,115.8,113.12,115.56
05/26/2022,111.44,114.77,110.88,114.17
05/25/2022,111.35,112.38,110.18,111.12
05/24/2022,112.79,114.63,111.7,113.56
05/23/2022,112.85,114.34,111.86,113.42
05/20/2022,111.45,113.23,110.52,112.55
05/19/2022,108.22,112.31,105.7,112.04
05/18/2022,112.91,114.15,108.35,109.11
05/17/2022,114.42,115.69,111.09,111.93
05/16/2022,111.67,114.79,108.84,114.24
05/13/2022,108.25,111.69,107.79,111.55
05/12/2022,107.67,108.71,104.69,107.45
05/11/2022,101.51,108.29,101.3,107.51
05/10/2022,105.5,106.96,101.54,102.46
05/09/2022,112.94,113.2,105,105.94
05/06/2022,111.27,113.5,109.87,112.39
05/05/2022,110.55,114,109.2,110.9
05/04/2022,105.91,111,105.46,110.14
05/03/2022,107.61,108.32,104.62,104.97
05/02/2022,106.23,108.46,103.1,107.58
04/29/2022,107.07,110,106.08,107.14
04/28/2022,104.77,107.71,102.9,107.26
04/27/2022,105.06,105.98,103,104.95
04/26/2022,102.3,105.81,100.91,104.61
04/25/2022,105.18,105.37,99.25,102.16
04/22/2022,107.86,108.4,105.04,106.15
04/21/2022,107.07,109.8,106.76,108.33
04/20/2022,108.1,109,104.65,106.8
04/19/2022,112.85,114.21,106.74,107.25
04/18/2022,112.25,114.84,110.71,113.16
04/15/2022,111.7,111.7,111.7,111.7
04/14/2022,108.29,112.39,106.63,111.7
04/13/2022,105.44,109,104.06,108.78
04/12/2022,99.35,105.6,98.9,104.64
04/11/2022,102.99,103.3,97.57,98.48
04/08/2022,101.42,103.3,99.65,102.78
04/07/2022,101.78,103.59,98.41,100.58
04/06/2022,105.7,108.67,100.54,101.07
04/05/2022,108.51,109.9,104.53,106.64
04/04/2022,104.22,108.68,102.89,107.53
04/01/2022,105.25,106.24,102.35,104.39
03/31/2022,110.99,111.16,104.06,104.71
03/30/2022,109.6,112.28,107.93,111.44
03/29/2022,107.21,111.8,102.19,107.71
03/28/2022,114.2,116.03,106.06,109.49
03/25/2022,115.22,117.62,111.88,117.37
03/24/2022,117.7,119.74,113.41,115.3
03/23/2022,114.7,122.34,114.45,121.6
03/22/2022,117.04,119.48,112.64,115.48
03/21/2022,107.96,116.8,107.06,115.62
03/18/2022,106.8,109.59,105.78,107.93
03/17/2022,98.61,107.5,97.75,106.64
03/16/2022,112.9,103.7,96.93,98.02
03/15/2022,105.34,105.71,97.44,99.91
03/14/2022,112.9,113.15,103.49,106.9
03/11/2022,110.26,113.91,107.13,112.67
03/10/2022,112.65,118.36,109,109.33
03/09/2022,130.28,131.64,105.6,111.14
03/08/2022,124.56,133.15,121.31,127.98
03/07/2022,122.79,139.13,119.04,123.21
03/04/2022,114.23,118.98,109.62,118.11
03/03/2022,115.27,119.84,109.4,110.46
03/02/2022,107.34,115.11,106.83,112.93
03/01/2022,98.43,107.67,98.3,104.97
02/28/2022,97.15,101.28,96.34,97.97
02/25/2022,97.15,98.36,92.75,94.12
02/24/2022,95.37,102.26,94.12,95.42
02/23/2022,93.7,95.73,92.81,94.05
02/22/2022,96.55,99.5,95.8,96.84
02/21/2022,94.33,97.4,92.57,95.39
02/18/2022,92.73,94.15,90.12,93.54
02/17/2022,92.2,94.5,92.14,92.97
02/16/2022,93.49,96.07,91.11,94.81
02/15/2022,95.81,96.26,92.06,93.28
02/14/2022,95.2,96.78,93.44,96.48
02/11/2022,91.17,95.66,90.51,94.44
02/10/2022,91.75,93.1,90.88,91.41
02/09/2022,90.31,92.09,90.05,91.55
02/08/2022,92.63,92.93,89.93,90.78
02/07/2022,92.75,94,92.13,92.69
02/04/2022,91.3,93.7,91.2,93.27
02/03/2022,89.07,91.3,88.02,91.11
02/02/2022,89.48,90.52,88.28,89.47
02/01/2022,89.62,89.96,87.72,89.16
01/31/2022,89.32,89.8,88.09,89.26
01/28/2022,88.81,90.27,88.15,88.52
01/27/2022,88.5,89.74,87.79,88.17
01/26/2022,86.98,89.27,86.71,88.74
01/25/2022,86.76,88.37,86.2,88.2
01/24/2022,87.94,88.9,85.04,86.27
01/21/2022,86.75,88.23,85.71,87.89
01/20/2022,87.89,89.5,87.05,88.38
01/19/2022,88.65,89.17,87.61,88.44
01/18/2022,86.47,88.66,86.44,87.51
01/17/2022,86.15,86.71,85.54,86.48
01/14/2022,84.12,86.5,83.99,86.06
01/13/2022,84.87,85.1,83.79,84.47
01/12/2022,83.78,85.21,83.52,84.67
01/11/2022,81.08,83.98,80.89,83.72
01/10/2022,81.76,82.3,80.5,80.87
01/07/2022,82,83,81.42,81.75
01/06/2022,80.22,82.83,79.61,81.99
01/05/2022,80.07,81.5,79.51,80.8
01/04/2022,78.91,80.55,78.62,80
01/03/2022,78.11,79.28,77.04,78.98
12/31/2021,78.81,79.68,77.55,77.78
12/30/2021,79.06,80.02,78.41,79.53
12/29/2021,78.93,80.03,78.1,79.21
12/28/2021,78.32,79.48,78.06,78.67
12/27/2021,76.07,78.68,75.38,78.22
12/24/2021,76.62,76.62,75.39,75.79
12/23/2021,75.43,76.8,74.75,76.64
12/22/2021,74.05,75.67,73.62,75.29
12/21/2021,71.88,74.27,71.24,73.98
12/20/2021,72.82,72.87,69.28,71.52
12/17/2021,74.5,74.98,72.65,73.52
12/16/2021,74.47,75.61,74,75.02
12/15/2021,73.25,74.58,72.5,73.88
12/14/2021,74.42,75.16,72.57,73.7
12/13/2021,75.5,76.39,74.2,74.39
12/10/2021,73.99,75.71,73.8,75.15
12/09/2021,75.94,76.7,73.84,74.42
12/08/2021,75.44,76.37,74.38,75.82
12/07/2021,73.6,76.27,73.2,75.44
12/06/2021,70.42,73.8,70.24,73.08
12/03/2021,70.22,72.62,69.24,69.88
12/02/2021,69.72,70.7,65.72,69.67
12/01/2021,69.8,72.87,68.14,68.87
11/30/2021,73.99,74.35,67.45,69.23
11/29/2021,72.8,75.94,72.15,73.22
11/26/2021,80.37,80.42,70.99,71.59
11/25/2021,81.06,81.4,80.52,80.92
11/24/2021,80.92,81.88,80.64,81.05
11/23/2021,79.51,82.6,78.55,82.31
11/22/2021,78.58,80.07,77.58,79.7
11/19/2021,81,82.24,78.05,78.89
11/18/2021,80.1,81.41,79.28,81.24
11/17/2021,82.05,82.22,79.78,80.28
11/16/2021,82,83.14,81.52,82.43
11/15/2021,82.19,82.49,80.67,82.05
11/12/2021,82.83,82.87,81.26,82.17
11/11/2021,82.85,83.44,81.66,82.87
11/10/2021,84.99,85.5,82.08,82.64
11/09/2021,83.47,85.3,83.16,84.78
11/08/2021,82.58,84,82.53,83.43
11/05/2021,81.25,83.16,80.26,82.74
11/04/2021,81.58,84.49,80.2,80.54
11/03/2021,84.07,84.2,81.1,81.99
11/02/2021,84.45,85.23,83.76,84.72
11/01/2021,83.76,85.12,83.03,84.71
10/29/2021,83.67,84.26,82.57,83.72
10/28/2021,83.16,83.98,81.61,83.66
10/27/2021,85.31,85.56,83.35,83.87
10/26/2021,85.21,85.74,84.56,85.65
10/25/2021,84.82,85.77,84.51,85.17
10/22/2021,84.52,85.93,83.82,85.53
10/21/2021,85.9,86.1,83.36,84.61
10/20/2021,85.19,85.89,83.61,85.82
10/19/2021,84.21,85.4,83.7,85.08
10/18/2021,84.95,86.04,83.95,84.33
10/15/2021,84.3,85.1,84.16,84.86
10/14/2021,83.45,84.5,83.18,84
10/13/2021,83.1,83.69,82.2,83.18
10/12/2021,83.49,84.23,82.72,83.42
10/11/2021,82.66,84.6,82.54,83.65
10/08/2021,82.38,83.43,81.96,82.39
10/07/2021,80.98,82.5,79.08,81.95
10/06/2021,82.57,83.47,80.6,81.08
10/05/2021,81.27,83.13,81.19,82.56
10/04/2021,79.44,82,78.75,81.26
10/01/2021,78.49,79.41,77.55,79.28
09/30/2021,77.82,79.3,76.51,78.31
09/29/2021,77.51,78.73,76.77,78.09
09/28/2021,78.61,79.95,77.35,78.35
09/27/2021,77.61,79.05,77.35,78.72
09/24/2021,76.46,77.4,76.07,77.23
09/23/2021,75.05,76.53,74.81,76.46
09/22/2021,74.56,76.26,74.49,76.19
09/21/2021,74.33,75.18,73.26,74.36
09/20/2021,75.3,75.4,73.52,73.92
09/17/2021,75.68,75.78,74.58,75.34
09/16/2021,75.46,75.87,74.48,75.67
09/15/2021,73.92,76.13,73.78,75.46
09/14/2021,73.62,74.28,73.08,73.6
09/13/2021,72.76,73.92,72.69,73.51
09/10/2021,71.37,73.15,70.94,72.92
09/09/2021,72.61,73.2,70.88,71.45
09/08/2021,71.64,72.95,71.55,72.6
09/07/2021,72.29,72.81,71.1,71.69
09/06/2021,72.59,72.78,71.51,72.22
09/03/2021,72.86,73.69,72.4,72.61
09/02/2021,71.31,73.47,70.92,73.03
09/01/2021,71.68,72.38,70.42,71.59
08/31/2021,72.16,72.36,71.37,71.63
08/30/2021,71.98,72.69,71.02,72.23
08/27/2021,70.61,71.75,70.23,71.7
08/26/2021,70.99,71.13,69.77,70.18
08/25/2021,71,72.42,70.5,72.25
08/24/2021,68.66,71.27,68.53,71.05
08/23/2021,64.93,68.9,64.6,68.75
08/20/2021,66.54,66.93,64.94,65.18
08/19/2021,67.57,67.64,65.57,66.45
08/18/2021,68.96,70.04,67.23,68.23
08/17/2021,69.77,70,68.82,69.03
08/16/2021,70.08,70.45,68.14,69.51
08/13/2021,71.12,71.38,70,70.59
08/12/2021,71.57,71.9,70.67,71.31
08/11/2021,70.83,71.72,69.07,71.44
08/10/2021,69.35,71.24,68.94,70.63
08/09/2021,70.26,70.26,67.6,69.04
08/06/2021,71.2,72.43,70.28,70.7
08/05/2021,70.27,71.5,69.75,71.29
08/04/2021,72.33,72.83,70.11,70.38
08/03/2021,73.08,73.55,71.05,72.41
08/02/2021,75.26,75.39,72.31,72.89
07/30/2021,74.81,75.65,74.39,75.41
07/29/2021,73.89,75.15,73.7,75.1
07/28/2021,73.8,74.34,73.52,73.87
07/27/2021,73.88,74.19,73.08,73.52
07/26/2021,74.2,74.84,72.75,74.5
07/23/2021,73.56,74.22,73.32,74.1
07/22/2021,72.24,73.9,71.74,73.79
07/21/2021,68.92,72.38,68.63,72.23
07/20/2021,68.99,69.73,67.44,69.35
07/19/2021,73.08,73.34,67.75,68.62
07/16/2021,73.18,74.09,72.34,73.59
07/15/2021,74.5,74.59,73.19,73.47
07/14/2021,76.28,76.72,73.79,74.76
07/13/2021,75.25,76.6,74.93,76.49
07/12/2021,75.67,75.84,74.23,75.16
07/09/2021,74.39,75.8,73.8,75.55
07/08/2021,73.35,74.4,72.11,74.12
07/07/2021,74.69,75.99,72.6,73.43
07/06/2021,77.06,77.84,74.13,74.53
07/05/2021,76.2,77.26,75.7,77.16
07/02/2021,75.64,76.43,75.21,76.17
07/01/2021,74.69,76.74,74.55,75.84
06/30/2021,74.6,75.35,73.93,74.62
06/29/2021,74.08,74.99,73.36,74.28
06/28/2021,75.35,75.77,73.93,74.14
06/25/2021,74.83,75.41,74.17,75.38
06/24/2021,74.59,75.04,73.82,74.81
06/23/2021,74.03,75.26,73.99,74.5
06/22/2021,74.88,75.3,74.32,74.81
06/21/2021,73.34,74.95,72.98,74.9
06/18/2021,73,73.76,72.18,73.51
06/17/2021,73.8,74.5,72.01,73.08
06/16/2021,74.26,74.96,73.86,74.39
06/15/2021,73.03,74.33,72.79,73.99
06/14/2021,72.65,73.64,72.59,72.86
06/11/2021,72.41,73.09,71.88,72.69
06/10/2021,72.03,72.93,70.95,72.52
06/09/2021,72.17,72.87,71.82,72.22
06/08/2021,71.42,72.42,70.71,72.22
06/07/2021,71.68,72.27,71.1,71.49
06/04/2021,71.25,72.17,70.73,71.89
06/03/2021,71.27,71.99,70.66,71.31
06/02/2021,70.55,71.48,70.35,71.35
06/01/2021,69.39,71.34,69.29,70.25
05/31/2021,69.04,69.82,68.75,69.32
05/28/2021,69.47,69.74,68.57,68.72
05/27/2021,68.66,69.26,67.96,69.2
05/26/2021,68.39,68.95,67.88,68.73
05/25/2021,68.48,68.78,67.75,68.49
05/24/2021,66.58,68.55,66.39,68.37
05/21/2021,65.22,66.94,64.57,66.44
05/20/2021,66.63,67.17,64.8,65.11
05/19/2021,68.41,68.46,65.3,66.66
05/18/2021,69.61,70.24,67.28,68.71
05/17/2021,68.83,69.62,68.18,69.46
05/14/2021,67,68.89,66.5,68.71
05/13/2021,68.88,69.04,66.48,67.05
05/12/2021,68.78,69.9,68.18,69.32
05/11/2021,68.29,68.75,67.13,68.55
05/10/2021,68.76,69.2,67.41,68.32
05/07/2021,68.26,68.65,67.39,68.28
05/06/2021,68.47,69.37,67.93,68.09
05/05/2021,69.35,69.95,68.35,68.96
05/04/2021,67.75,69.5,67.37,68.88
05/03/2021,66.75,67.82,66.1,67.56
04/30/2021,67.9,67.97,66.25,66.76
04/29/2021,66.67,68.44,66.64,68.05
04/28/2021,66.05,67.37,65.54,66.78
04/27/2021,65.3,66.22,65.08,65.87
04/26/2021,65.38,65.57,63.93,65.03
04/23/2021,65.8,66.3,65.16,66.11
04/22/2021,65.13,65.83,64.58,65.4
04/21/2021,66.22,66.52,64.96,65.32
04/20/2021,67.2,68.08,65.51,66.57
04/19/2021,66.7,67.23,66.17,67.05
04/16/2021,66.86,67.38,66.44,66.77
04/15/2021,66.38,67.03,65.95,66.94
04/14/2021,64.01,66.9,63.88,66.58
04/13/2021,63.24,64.19,63.18,63.67
04/12/2021,63.06,64.31,62.41,63.28
04/09/2021,63.28,63.49,62.57,62.95
04/08/2021,63.02,63.43,62.38,63.2
04/07/2021,62.6,63.55,61.6,63.16
04/06/2021,62.32,64.28,62.08,62.74
04/05/2021,64.71,64.81,61.25,62.15
04/02/2021,64.86,64.86,64.86,64.86
04/01/2021,63.12,65.17,62.38,64.86
03/31/2021,63.95,64.83,62.53,62.74
03/30/2021,65.39,65.39,63.5,64.17
03/29/2021,64.41,65.34,63.01,64.92
03/26/2021,61.7,64.75,61.7,64.43
03/25/2021,63.75,64.03,60.85,61.8
03/24/2021,60.55,64.39,60.54,64.25
03/23/2021,64.3,64.3,60.27,60.79
03/22/2021,64.66,65.12,63.45,64.62
03/19/2021,62.99,64.95,62.07,64.53
03/18/2021,67.77,68.15,61.45,63.28
03/17/2021,68.39,68.89,66.96,68
03/16/2021,68.81,68.94,67.36,68.39
03/15/2021,69.21,70.03,67.82,68.88
03/12/2021,69.59,69.9,69.03,69.22
03/11/2021,68.45,69.84,67.99,69.63
03/10/2021,67.46,68.42,66.5,67.9
03/09/2021,68.13,69.33,67.12,67.52
03/08/2021,69.97,71.38,67.8,68.24
03/05/2021,67.16,69.69,66.67,69.36
03/04/2021,64.1,67.75,63.33,66.74
03/03/2021,62.38,64.7,62.38,64.07
03/02/2021,63.12,64.13,62.38,62.7
03/01/2021,64.75,65.93,63.17,63.69
02/26/2021,66.05,66.05,64.25,64.42
02/25/2021,66.45,66.82,65.63,66.11
02/24/2021,64.19,66.47,63.93,66.18
02/23/2021,64.72,65.83,63.59,64.48
02/22/2021,61.85,64.97,61.8,64.36
02/19/2021,63.3,63.94,62.09,62.91
02/18/2021,65.02,65.52,63.22,63.93
02/17/2021,63.15,64.96,62.73,64.34
02/16/2021,63.47,63.7,62.69,63.35
02/15/2021,62.83,63.76,62.82,63.3
02/12/2021,60.82,62.83,60.35,62.43
02/11/2021,61.01,61.5,60.72,61.14
02/10/2021,61.21,61.69,60.87,61.47
02/09/2021,60.8,61.34,60.05,61.09
02/08/2021,59.55,60.72,59.43,60.56
02/05/2021,59.17,59.79,59.08,59.34
02/04/2021,58.59,59.12,58.04,58.84
02/03/2021,57.85,58.94,57.5,58.46
02/02/2021,56.35,58.05,56.33,57.46
02/01/2021,54.91,56.53,54.6,56.35
01/29/2021,55.04,56.02,54.9,55.04
01/28/2021,55.18,56.22,54.91,55.1
01/27/2021,55.84,56.19,54.94,55.53
01/26/2021,55.74,56.09,55.18,55.64
01/25/2021,55.21,56.02,55.07,55.88
01/22/2021,56,56.03,54.48,55.41
01/21/2021,55.82,56.24,55.49,56.1
01/20/2021,56.07,56.64,55.66,56.08
01/19/2021,55.01,56.08,54.89,55.9
01/18/2021,54.8,55.21,54.49,54.75
01/15/2021,56.41,56.5,54.64,55.1
01/14/2021,55.93,56.57,55.24,56.42
01/13/2021,56.83,57.42,55.77,56.06
01/12/2021,55.66,56.79,55.51,56.58
01/11/2021,56.26,56.39,54.99,55.66
01/08/2021,54.56,56.36,54.34,55.99
01/07/2021,54.13,54.9,53.94,54.38
01/06/2021,53.52,54.73,53.02,54.3
01/05/2021,50.95,53.9,50.7,53.6
01/04/2021,51.49,53.33,50.56,51.09
12/31/2020,51.49,51.84,50.9,51.8
12/30/2020,51.39,51.92,50.94,51.63
12/29/2020,51.03,51.69,50.96,51.23
12/28/2020,51.17,52.05,50.59,50.9
12/25/2020,51.34,51.34,51.34,51.34
12/24/2020,51.12,51.78,50.69,51.34
12/23/2020,49.79,51.62,49.29,51.24
12/22/2020,50.65,50.86,49.56,50.08
12/21/2020,52.31,52.32,49.2,50.91
12/18/2020,51.43,52.48,51.13,52.26
12/17/2020,51.12,51.9,51.08,51.5
12/16/2020,50.64,51.2,50.34,51.08
12/15/2020,50.3,50.89,49.78,50.76
12/14/2020,50.03,50.8,49.13,50.29
12/11/2020,50.45,50.74,49.74,49.97
12/10/2020,49,51.06,48.86,50.25
12/09/2020,48.84,49.55,48.4,48.86
12/08/2020,48.58,49,48.09,48.84
12/07/2020,49.17,49.43,48.4,48.79
12/04/2020,48.96,49.92,48.84,49.25
12/03/2020,48,48.94,47.67,48.71
12/02/2020,47.05,48.76,46.82,48.25
12/01/2020,47.79,48.3,46.88,47.42
11/30/2020,47.9,48.29,47.07,47.88
11/27/2020,47.87,48.46,47.34,48.25
11/26/2020,48.7,49,47.49,47.79
11/25/2020,47.72,48.96,47.64,48.53
11/24/2020,45.9,48,45.87,47.78
11/23/2020,45.12,46.12,44.89,46.06
11/20/2020,44.15,45.24,44.05,44.96
11/19/2020,43.96,44.57,43.79,44.2
11/18/2020,43.75,44.89,43.48,44.34
11/17/2020,43.89,44.25,43.08,43.75
11/16/2020,42.82,44.67,42.71,43.82
11/13/2020,43.2,43.34,42.63,42.78
11/12/2020,43.73,44.5,43.26,43.53
11/11/2020,43.77,45.3,43.6,43.8
11/10/2020,41.75,44.11,41.71,43.61
11/09/2020,39.67,43.48,39.46,42.4
11/06/2020,40.63,40.69,39.34,39.45
11/05/2020,40.96,41.53,40.33,40.93
11/04/2020,40.13,41.33,39.42,41.23
11/03/2020,39.26,40.45,38.65,39.71
11/02/2020,37.37,39.36,35.74,38.97
10/30/2020,38.22,38.71,37.4,37.94
10/29/2020,39.71,39.97,37.26,38.26
10/28/2020,41.04,41.11,39.23,39.64
10/27/2020,40.83,41.88,40.79,41.61
10/26/2020,41.56,41.63,40.22,40.46
10/23/2020,41.76,42.8,41.5,41.77
10/22/2020,41.59,42.79,41.46,42.46
10/21/2020,42.91,43.04,41.45,41.73
10/20/2020,42.45,43.3,42.19,43.16
10/19/2020,42.81,43.23,42.36,42.62
10/16/2020,43.1,43.21,42.27,42.93
10/15/2020,43.45,43.48,41.56,43.16
10/14/2020,42.43,43.45,42.13,43.32
10/13/2020,41.81,42.68,41.66,42.45
10/12/2020,42.62,42.71,41.36,41.72
10/09/2020,43.36,43.57,42.61,42.85
10/08/2020,42.15,43.47,41.86,43.34
10/07/2020,41.85,42.42,41.36,41.99
10/06/2020,41.41,42.84,41.22,42.65
10/05/2020,39.19,41.78,39.14,41.29
10/02/2020,40.65,40.77,38.79,39.27
10/01/2020,42.17,42.56,39.92,40.93
09/30/2020,41.36,42.49,40.82,42.3
09/29/2020,42.91,42.97,40.84,41.56
09/28/2020,42.27,43.03,41.95,42.87
09/25/2020,42.37,42.8,42,42.41
09/24/2020,41.8,42.54,41.74,42.46
09/23/2020,41.67,42.62,41.21,41.77
09/22/2020,41.79,42.2,41.21,41.72
09/21/2020,43,43.3,40.96,41.44
09/18/2020,43.22,43.8,42.53,43.15
09/17/2020,42.32,43.5,41.5,43.3
09/16/2020,40.72,42.44,40.59,42.22
09/15/2020,39.7,40.82,39.39,40.53
09/14/2020,39.67,40.09,39.3,39.61
09/11/2020,39.96,40.34,39.38,39.83
09/10/2020,40.58,40.96,39.71,40.06
09/09/2020,39.65,41.2,39.37,40.79
09/08/2020,42.08,42.23,39.31,39.78
09/07/2020,42.31,42.43,41.51,42.01
09/04/2020,43.76,44.54,42.3,42.66
09/03/2020,44.65,44.65,43.15,44.07
09/02/2020,45.83,46.05,44.2,44.43
09/01/2020,45.6,46.22,45.47,45.58
08/31/2020,45.81,46.53,45.21,45.28
08/28/2020,45.63,45.94,45.33,45.81
08/27/2020,46.19,46.33,45.05,45.6
08/26/2020,46.4,46.54,46.02,46.16
08/25/2020,45.12,46.07,45.08,45.86
08/24/2020,44.41,45.18,44.29,45.13
08/21/2020,45.03,45.08,43.59,44.35
08/20/2020,45.14,45.18,44.02,44.9
08/19/2020,45.17,45.48,44.81,45.37
08/18/2020,45.27,45.55,44.76,45.46
08/17/2020,44.94,45.41,44.53,45.37
08/14/2020,45.29,45.29,44.47,44.8
08/13/2020,45.32,45.58,44.82,44.96
08/12/2020,44.62,45.63,44.49,45.43
08/11/2020,45.05,45.79,44.39,44.5
08/10/2020,44.41,45.26,44.37,44.99
08/07/2020,45.15,45.3,44.27,44.4
08/06/2020,45.32,45.71,44.85,45.09
08/05/2020,44.28,46.23,44.24,45.17
08/04/2020,43.84,44.82,43.24,44.43
08/03/2020,43.65,44.46,42.89,44.15
07/31/2020,43.68,43.79,42.92,43.52
07/30/2020,44.02,44.22,41.72,43.25
07/29/2020,43.69,44.29,43.56,44.09
07/28/2020,44.03,44.34,43.4,43.61
07/27/2020,43.78,44.2,42.93,43.9
07/24/2020,43.27,43.9,42.79,43.34
07/23/2020,44.1,44.77,43.13,43.31
07/22/2020,44.03,44.4,43.62,44.29
07/21/2020,43.17,44.89,43.16,44.32
07/20/2020,43.1,43.45,42.36,43.28
07/17/2020,43.4,43.45,42.64,43.14
07/16/2020,43.71,43.8,43.14,43.37
07/15/2020,43.07,43.85,42.7,43.79
07/14/2020,42.24,43.22,41.8,42.9
07/13/2020,43.06,43.34,42.14,42.72
07/10/2020,42.36,43.42,41.32,43.24
07/09/2020,43.3,43.5,41.94,42.35
07/08/2020,42.81,43.47,42.75,43.29
07/07/2020,43.13,43.45,42.46,43.08
07/06/2020,42.84,43.71,42.74,43.1
07/03/2020,42.76,42.99,42.32,42.8
07/02/2020,41.84,43.23,41.73,43.14
07/01/2020,41.58,42.62,41.03,42.03
06/30/2020,41.77,41.98,40.99,41.27
06/29/2020,40.45,42,40.01,41.85
06/26/2020,41.41,41.81,40.28,40.93
06/25/2020,40.5,41.62,39.7,41.12
06/24/2020,42.56,42.95,39.89,40.53
06/23/2020,43.25,43.97,42.22,42.73
06/22/2020,41.71,43.18,41.58,43.08
06/19/2020,41.72,42.92,41.03,42.19
06/18/2020,40.43,41.64,40.06,41.51
06/17/2020,40.61,41.46,40.03,40.71
06/16/2020,39.94,41.65,38.95,40.96
06/15/2020,38.51,39.9,37.24,39.72
06/12/2020,37.88,39.45,37.01,38.73
06/11/2020,40.95,41.01,37.82,38.55
06/10/2020,40.72,41.99,40.14,41.73
06/09/2020,41.1,41.45,39.85,41.18
06/08/2020,42.34,43.41,40.68,40.8
06/05/2020,39.84,42.48,39.72,42.3
06/04/2020,39.6,40.1,39.04,39.99
06/03/2020,39.75,40.53,38.76,39.79
06/02/2020,38.34,39.75,38.26,39.57
06/01/2020,37.6,38.68,37.18,38.32
05/29/2020,36.03,38.17,34.84,37.84
05/28/2020,34.63,36.63,34.35,36.03
05/27/2020,36.49,36.71,34.7,35.45
05/26/2020,36.3,37.24,35.83,36.74
05/25/2020,35.66,36.49,35,36.12
05/22/2020,36.18,36.23,33.54,35.13
05/21/2020,35.82,36.98,35.75,36.06
05/20/2020,34.45,36.46,34.38,35.75
05/19/2020,32.72,35.76,34.2,34.65
05/18/2020,32.72,35.72,32.69,34.81
05/15/2020,31.52,32.91,30.94,32.5
05/14/2020,29.52,31.55,28.88,31.13
05/13/2020,29.35,30.55,28.86,29.19
05/12/2020,30.07,30.7,29.35,29.98
05/11/2020,30.7,31.47,29.35,29.63
05/08/2020,29.6,31.14,29.43,30.97
05/07/2020,29.64,31.84,29.08,29.46
05/06/2020,32.27,32.27,28.66,29.72
05/05/2020,28.1,32.06,27.77,30.97
05/04/2020,26.16,28.08,25.5,27.2
05/01/2020,26.95,27.88,25.76,26.44
04/30/2020,24.53,27,24.41,26.48
04/29/2020,22.93,25.23,22.73,24.23
04/28/2020,22.82,23.79,21.92,22.74
04/27/2020,24.85,25.12,22.5,23.07
04/24/2020,25.37,26.19,23.94,24.81
04/23/2020,20.89,23.22,20.07,21.33
04/22/2020,20.23,22.45,15.98,20.37
04/21/2020,26.33,26.5,17.51,19.33
04/20/2020,28.05,28.25,25.37,25.57
04/17/2020,28.66,28.93,27.58,28.08
04/16/2020,28.05,29,27.2,27.82
04/15/2020,30.26,30.33,27.16,27.69
04/14/2020,32.25,32.32,29.38,29.6
04/13/2020,32.81,33.99,30.63,31.74
04/10/2020,31.48,31.48,31.48,31.48
04/09/2020,33.82,36.4,31.18,31.48
04/08/2020,32.63,33.87,31.54,32.84
04/07/2020,33.66,34.18,31.74,31.87
04/06/2020,31.76,34.24,30.03,33.05
04/03/2020,29.89,35,28.25,34.11
04/02/2020,25.61,36.29,25.45,29.94
04/01/2020,25.99,26.28,24.52,24.74
03/31/2020,26.42,27.91,25.69,26.35
03/30/2020,27.26,27.53,25.3,26.42
03/27/2020,29.06,29.33,27.18,27.95
03/26/2020,29.32,30.19,28.34,28.65
03/25/2020,30.15,30.87,28.31,29.99
03/24/2020,29.9,30.95,29.21,29.74
03/23/2020,26.45,27.54,24.68,27.03
03/20/2020,28.1,30.94,26.81,26.98
03/19/2020,27.19,29.42,24.96,28.47
03/18/2020,28.4,29.21,24.52,24.88
03/17/2020,30.14,31.25,28.5,28.73
03/16/2020,34.84,35.84,29.45,30.05
03/13/2020,32.85,36.15,32.5,33.85
03/12/2020,35.99,36.46,32.5,33.22
03/11/2020,37.27,39.7,35.35,35.79
03/10/2020,35.84,38.22,35,37.22
03/09/2020,38.28,38.34,31.02,34.36
03/06/2020,50.25,50.45,45.18,45.27
03/05/2020,51.66,52.04,49.7,49.99
03/04/2020,52.11,53.03,51.04,51.13
03/03/2020,53.47,53.9,51.22,51.86
03/02/2020,48.95,53.2,48.4,51.9
02/28/2020,51.08,51.14,48.94,49.67
02/27/2020,52.54,52.65,50.39,51.73
02/26/2020,54.41,54.78,52.39,52.81
02/25/2020,55.95,56.38,53.94,54.26
02/24/2020,57,57.26,54.6,55.77
02/21/2020,59,59.25,57.73,58.5
02/20/2020,59.31,60,58.9,59.31
02/19/2020,57.6,59.4,57.51,59.12
02/18/2020,57.35,57.83,56.3,57.75
02/17/2020,57.29,57.7,56.83,57.67
02/14/2020,56.41,57.53,56.15,57.32
02/13/2020,55.75,56.83,54.96,56.34
02/12/2020,54.41,56.36,54.39,55.79
02/11/2020,53.62,54.69,53.6,54.01
02/10/2020,54.2,54.71,53.11,53.27
02/07/2020,55.14,55.4,54.21,54.47
02/06/2020,55.56,56.58,54.25,54.93
02/05/2020,54.05,56.46,54.05,55.28
02/04/2020,54.33,55.65,53.69,53.96
02/03/2020,56.16,56.77,54.08,54.45
01/31/2020,58.2,58.58,55.93,56.62
01/30/2020,58.71,58.75,56.74,57.33
01/29/2020,59.02,59.84,58.38,58.91
01/28/2020,58.24,59.39,57.9,58.81
01/27/2020,60.16,60.16,57.74,58.58
01/24/2020,62.01,62.46,60.25,60.69
01/23/2020,62.68,62.69,61.25,62.04
01/22/2020,64.57,64.58,62.62,63.21
01/21/2020,65.26,65.35,64.06,64.59
01/20/2020,65.98,66,64.92,65.2
01/17/2020,64.69,65.6,64.48,64.85
01/16/2020,64.26,64.97,63.9,64.62
01/15/2020,64.44,64.6,63.55,64
01/14/2020,64.29,65.05,63.92,64.49
01/13/2020,65.13,65.27,63.92,64.2
01/10/2020,65.29,65.66,64.86,64.98
01/09/2020,66,66.1,64.56,65.37
01/08/2020,71.22,71.75,64.94,65.44
01/07/2020,68.63,68.75,67.65,68.27
01/06/2020,69.35,70.74,68.21,68.91
01/03/2020,66.28,69.5,66.22,68.6
01/02/2020,66.41,66.58,65.72,66.25
12/31/2019,66.65,66.93,65.63,66
12/30/2019,66.9,67.59,66.07,66.67
12/27/2019,66.8,67.08,66.36,66.87
12/26/2019,66.29,66.84,66.12,66.76
12/25/2019,66.16,66.16,66.16,66.16
12/24/2019,65.51,66.19,65.38,66.16
12/23/2019,65.24,65.64,64.87,65.42
12/20/2019,66.56,66.72,65.7,66.14
12/19/2019,66.19,66.78,66.03,66.54
12/18/2019,65.84,66.43,65.56,66.17
12/17/2019,65.31,66.24,65.12,66.1
12/16/2019,65.05,65.66,64.88,65.34
12/13/2019,64.56,65.79,64.5,65.22
12/12/2019,63.9,64.85,63.87,64.2
12/11/2019,64,64.26,63.01,63.72
12/10/2019,64.03,64.69,63.78,64.34
12/09/2019,64.29,64.5,63.61,64.25
12/06/2019,63.41,64.88,62.83,64.39
12/05/2019,62.97,63.91,62.75,63.39
12/04/2019,61.08,63.51,61,63
12/03/2019,61.05,61.58,60.3,60.82
12/02/2019,60.73,62.09,60.72,60.92
11/29/2019,62.69,63.2,60.35,60.49
11/28/2019,62.84,63.35,62.51,63.27
11/27/2019,62.96,63.58,62.46,63.01
11/26/2019,62.68,63.26,62.42,63.21
11/25/2019,62.69,62.75,61.91,62.62
11/22/2019,63.62,64.27,62.98,63.39
11/21/2019,62.22,64.03,61.92,63.97
11/20/2019,60.94,62.8,60.3,62.4
11/19/2019,62.28,62.57,60.7,60.91
11/18/2019,63.36,63.57,61.94,62.44
11/15/2019,62.47,63.65,61.7,63.3
11/14/2019,62.61,63.21,62.15,62.28
11/13/2019,61.85,62.74,61.22,62.37
11/12/2019,62.11,62.85,61.82,62.06
11/11/2019,62.6,62.76,61.57,62.18
11/08/2019,62.29,62.7,60.66,62.51
11/07/2019,61.73,62.89,61.65,62.29
11/06/2019,62.78,63.32,61.59,61.74
11/05/2019,62.04,63.19,61.85,62.96
11/04/2019,61.8,62.78,61.28,62.13
11/01/2019,59.45,61.82,59.4,61.69
10/31/2019,60.22,60.81,59.2,59.62
10/30/2019,61.23,61.55,60.02,60.24
10/29/2019,61.3,61.65,60.31,61.23
10/28/2019,61.76,62.09,60.91,61.25
10/25/2019,61.5,62.11,60.93,62.02
10/24/2019,60.99,61.9,60.64,61.67
10/23/2019,59.48,61.3,58.85,61.17
10/22/2019,59.05,60.26,58.75,59.7
10/21/2019,59.23,59.55,58.26,58.96
10/18/2019,59.78,60.29,59.01,59.42
10/17/2019,58.99,60.04,58.69,59.91
10/16/2019,58.9,59.75,58.36,59.42
10/15/2019,59.3,59.68,58,58.74
10/14/2019,60.69,60.73,58.5,59.35
10/11/2019,59.53,60.69,59.21,60.51
10/10/2019,59.23,59.6,57.8,59.1
10/09/2019,58.02,59.35,57.91,58.32
10/08/2019,58.47,58.92,57.38,58.24
10/07/2019,58.02,59.68,58.02,58.35
10/04/2019,57.69,58.96,57.67,58.37
10/03/2019,57.54,57.99,56.15,57.71
10/02/2019,59.25,59.5,57.22,57.69
10/01/2019,59.38,60.1,58.41,58.89
09/30/2019,61.45,61.54,59.19,59.25
09/27/2019,61.5,61.82,59.83,61.04
09/26/2019,61.56,61.92,60.5,61.74
09/25/2019,61.52,61.8,60.3,61.43
09/24/2019,63.31,63.53,61.34,62.12
09/23/2019,64.04,64.35,62.5,63.73
09/20/2019,65,65.28,64.05,64.28
09/19/2019,63.51,65.57,63.46,64.4
09/18/2019,64.23,64.99,63.04,63.6
09/17/2019,68.15,69.26,63.55,64.55
09/16/2019,66.45,71.95,64.75,69.02
09/13/2019,60.45,60.81,59.6,60.22
09/12/2019,61.16,61.39,58.92,60.38
09/11/2019,62.88,63.27,60.52,60.81
09/10/2019,62.82,63.78,62.17,62.38
09/09/2019,61.6,63,61.57,62.59
09/06/2019,60.81,61.88,59.4,61.54
09/05/2019,60.49,62.4,60.25,60.95
09/04/2019,58.17,60.96,58.13,60.7
09/03/2019,58.54,58.87,57.23,58.26
09/02/2019,58.8,59.26,58.1,58.66
08/30/2019,60.34,60.62,58.48,59.25
08/29/2019,59.89,60.6,59.42,60.49
08/28/2019,59.58,60.48,59.32,59.93
08/27/2019,58.8,60.17,58.51,59.51
08/26/2019,58.35,60.17,58.24,58.7
08/23/2019,60.11,60.29,58.3,59.34
08/22/2019,60.43,60.89,59.47,59.92
08/21/2019,60.11,61.41,60.07,60.3
08/20/2019,59.68,60.32,58.95,60.03
08/19/2019,58.72,59.92,58.64,59.74
08/16/2019,58.41,59.5,58.28,58.64
08/15/2019,59.07,59.42,57.67,58.23
08/14/2019,61.07,61.08,58.21,59.48
08/13/2019,58.47,61.5,58,61.3
08/12/2019,57.92,58.88,57.88,58.57
08/09/2019,57.74,59.1,57.11,58.53
08/08/2019,57.48,58.01,56.77,57.38
08/07/2019,58.68,59.23,55.88,56.23
08/06/2019,59.56,60.56,58.55,58.94
08/05/2019,61.46,61.56,59.66,59.81
08/02/2019,61.16,62.95,60.98,61.89
08/01/2019,64.09,64.54,60.02,60.5
07/31/2019,64.86,65.43,64.17,65.05
07/30/2019,63.8,65.1,63.78,64.63
07/29/2019,63.23,63.82,62.85,63.62
07/26/2019,63.17,63.77,62.92,63.37
07/25/2019,63.21,64.23,63.01,63.39
07/24/2019,64.13,64.66,62.59,63.18
07/23/2019,63.26,64.46,62.66,63.83
07/22/2019,63.05,64.03,62.77,63.26
07/19/2019,62.5,63.37,61.83,62.47
07/18/2019,63.5,64.46,61.29,61.93
07/17/2019,64.44,65.28,63.22,63.66
07/16/2019,66.31,67.09,63.82,64.35
07/15/2019,66.87,67.47,66.11,66.48
07/12/2019,66.83,67.29,66.51,66.72
07/11/2019,66.81,67.65,66.43,66.52
07/10/2019,64.78,67.12,64.63,67.01
07/09/2019,63.81,64.75,63.76,64.16
07/08/2019,64.34,65.14,63.79,64.11
07/05/2019,63.27,64.52,62.91,64.23
07/04/2019,63.88,64.07,62.95,63.3
07/03/2019,62.9,64.01,62.09,63.82
07/02/2019,64.8,65.51,62.22,62.4
07/01/2019,65.05,66.75,64.22,65.06
06/28/2019,65.53,65.91,64.02,64.74
06/27/2019,65.16,65.96,64.85,65.67
06/26/2019,65.1,66.02,64.77,65.69
06/25/2019,64.22,65.2,63.5,64.28
06/24/2019,64.75,65.02,63.37,64.18
06/21/2019,64.86,65.76,64,65.2
06/20/2019,62.45,64.82,62.4,64.45
06/19/2019,62.4,62.55,61.4,61.82
06/18/2019,60.93,62.84,60.25,62.14
06/17/2019,62.07,62.37,60.74,60.94
06/14/2019,61.25,62.57,60.74,62.01
06/13/2019,59.94,62.64,59.78,61.31
06/12/2019,61.79,61.85,59.57,59.97
06/11/2019,62.3,62.87,62.01,62.29
06/10/2019,63.58,64.1,62.05,62.29
06/07/2019,62.4,63.59,61.77,63.29
06/06/2019,60.4,62.43,60.22,61.67
06/05/2019,61.58,62.27,59.45,60.63
06/04/2019,61,62.12,60.21,61.97
06/03/2019,61.64,62.84,60.55,61.28
05/31/2019,64.86,64.91,61.39,61.99
05/30/2019,68,68.34,64.96,65.33
05/29/2019,68.51,68.62,66.67,67.87
05/28/2019,68.78,69.23,68.19,68.67
05/27/2019,68,68.87,67.28,68.77
05/24/2019,67.99,69.3,67.33,68.69
05/23/2019,70.86,70.97,67.02,67.76
05/22/2019,71.91,72.04,70.42,70.99
05/21/2019,72.15,72.52,71.63,72.18
05/20/2019,72.5,73.4,71.6,71.97
05/17/2019,72.82,73.23,71.79,72.21
05/16/2019,72.05,73.36,71.82,72.62
05/15/2019,70.86,72.25,70.42,71.77
05/14/2019,70.02,71.65,69.93,71.24
05/13/2019,70.83,72.58,69.72,70.23
05/10/2019,70.45,71.23,70.18,70.62
05/09/2019,70.23,70.65,69.4,70.39
05/08/2019,69.88,70.7,69.33,70.37
05/07/2019,71.15,71.33,69.38,69.88
05/06/2019,70.59,71.79,68.79,71.24
05/03/2019,70.48,71.54,69.95,70.85
05/02/2019,72,72.22,69.68,70.75
05/01/2019,71.73,72.36,71.3,72.18
04/30/2019,71.44,72.79,71.19,72.06
04/29/2019,71.09,72,70.63,71.54
04/26/2019,73.55,73.65,70.6,71.63
04/25/2019,74.45,75.6,74,74.35
04/24/2019,74.27,74.73,74.02,74.57
04/23/2019,74.38,74.73,73.99,74.51
04/22/2019,71.93,74.52,71.86,74.04
04/19/2019,71.97,71.97,71.97,71.97
04/18/2019,71.63,72.04,71.2,71.97
04/17/2019,71.83,72.27,71.45,71.62
04/16/2019,71.21,71.95,70.74,71.72
04/15/2019,71.55,71.6,70.78,71.18
04/12/2019,70.95,71.87,70.9,71.55
04/11/2019,71.56,71.68,70.57,70.83
04/10/2019,70.82,71.78,70.57,71.73
04/09/2019,71.19,71.34,70.3,70.61
04/08/2019,70.56,71.19,70.43,71.1
04/05/2019,69.13,70.48,68.92,70.34
04/04/2019,69.44,70.03,68.87,69.4
04/03/2019,69.47,69.96,68.8,69.31
04/02/2019,69.22,69.58,68.69,69.37
04/01/2019,67.58,69.22,67.58,69.01
03/29/2019,67.29,68.3,67.15,67.58
03/28/2019,67.11,67.32,65.93,67.1
03/27/2019,67.35,67.7,66.61,67.24
03/26/2019,66.88,67.77,66.85,67.43
03/25/2019,67,67.65,66.36,67.21
03/22/2019,67.76,67.98,66.2,67.03
03/21/2019,68.38,68.69,67.59,67.86
03/20/2019,67.66,68.57,67.19,68.5
03/19/2019,67.45,68.2,67.13,67.61
03/18/2019,67.14,67.69,66.69,67.54
03/15/2019,67.18,67.71,66.13,67.16
03/14/2019,67.65,68.14,67.03,67.23
03/13/2019,66.91,67.76,66.7,67.55
03/12/2019,66.7,67.39,66.34,66.67
03/11/2019,65.76,66.75,65.63,66.58
03/08/2019,66.08,66.09,64.02,65.74
03/07/2019,65.88,67,65.75,66.3
03/06/2019,65.49,66.18,65.22,65.99
03/05/2019,65.46,66.23,65.04,65.86
03/04/2019,64.97,66.34,64.93,65.67
03/01/2019,66.48,67.14,64.59,65.07
02/28/2019,66.52,66.78,65.9,66.31
02/27/2019,65.91,66.88,65.42,66.58
02/26/2019,64.79,65.74,64.32,65.21
02/25/2019,66.97,67.47,64.54,64.76
02/22/2019,66.96,67.73,66.87,67.12
02/21/2019,67.05,67.31,66.69,67.07
02/20/2019,66.3,67.38,65.63,67.08
02/19/2019,66.44,66.65,65.58,66.45
02/18/2019,66.39,66.83,65.9,66.5
02/15/2019,64.86,66.39,64.42,66.25
02/14/2019,63.69,64.81,63.25,64.57
02/13/2019,62.7,63.98,62.69,63.61
02/12/2019,61.59,63.34,61.59,62.42
02/11/2019,62.11,62.34,60.9,61.51
02/08/2019,61.66,62.36,61.04,62.1
02/07/2019,62.5,62.91,60.6,61.63
02/06/2019,62.06,62.8,61.05,62.69
02/05/2019,62.64,63.02,61.72,61.98
02/04/2019,62.83,63.63,61.28,62.51
02/01/2019,61.06,62.97,60.46,62.75
01/31/2019,61.7,62.46,60.63,60.84
01/30/2019,61.07,62.51,60.96,61.54
01/29/2019,59.69,61.69,59.61,61.2
01/28/2019,61.49,61.69,59.49,59.93
01/25/2019,61.13,61.92,60.7,61.64
01/24/2019,61.02,61.51,60.41,61.09
01/23/2019,61.37,62.33,60.21,61.14
01/22/2019,62.59,62.71,60.57,61.5
01/21/2019,62.74,63.15,62.25,62.74
01/18/2019,61.33,63,61.32,62.7
01/17/2019,61.05,61.54,60.04,61.18
01/16/2019,60.42,61.45,60.03,61.32
01/15/2019,59.36,60.86,59.11,60.64
01/14/2019,60.62,61.04,58.9,58.99
01/11/2019,61.19,62.49,60.08,60.48
01/10/2019,61.15,61.91,60.44,61.68
01/09/2019,59.15,61.69,59.05,61.44
01/08/2019,57.64,58.87,57.13,58.72
01/07/2019,57.41,58.93,57.26,57.33
01/04/2019,55.67,58.31,55.34,57.06
01/03/2019,54.29,56.3,53.93,55.95
01/02/2019,54.12,56.56,52.51,54.91
12/31/2018,53,54.82,52.66,53.8
12/28/2018,53.96,54.41,52,53.21
12/27/2018,54.99,54.99,52.51,52.73
12/24/2018,53.49,54.66,50.36,50.47
12/21/2018,54.97,55.33,52.79,53.82
12/20/2018,56.49,56.75,54.28,54.35
12/19/2018,56.51,58.11,56.04,57.24
12/18/2018,59,59.24,55.89,56.26
12/17/2018,60.25,61.21,58.64,59.61
12/14/2018,60.29,61.58,59.92,60.28
12/13/2018,60.29,62.02,59.33,61.45
12/12/2018,60.67,61.43,59.98,60.15
12/11/2018,59.91,61.1,59.58,60.2
12/10/2018,61.34,62.33,59.61,59.97
12/07/2018,60.25,63.73,59.1,61.67
12/06/2018,61.36,61.97,58.36,60.06
12/05/2018,61.35,63.29,60.8,61.56
12/04/2018,61.9,63.58,61.24,62.08
12/03/2018,59.98,62.6,59.85,61.69
11/30/2018,59.76,60.42,58.04,59.46
11/29/2018,59.45,60.72,57.78,59.91
11/28/2018,60.84,61.42,58.86,59.09
11/27/2018,60.39,61.4,58.92,60.21
11/26/2018,58.98,61.13,58.6,60.48
11/23/2018,62.58,62.79,58.41,58.8
11/22/2018,63.6,63.81,62.27,62.6
11/21/2018,62.6,64.48,62.56,63.48
11/20/2018,66.9,66.9,61.71,62.53
11/19/2018,66.99,67.64,65.27,66.79
11/16/2018,66.68,68.38,66.06,66.76
11/15/2018,66.12,67.42,65.77,66.62
11/14/2018,65.62,67.63,65.02,66.12
11/13/2018,69.13,69.68,64.61,65.47
11/12/2018,70.69,71.88,68.87,70.12
11/09/2018,70.87,70.99,69.13,70.18
11/08/2018,72.1,73.08,70.56,70.65
11/07/2018,71.66,73.55,71.36,72.07
11/06/2018,72.85,73.28,71.18,72.13
11/05/2018,72.85,74.13,72.26,73.17
11/02/2018,72.75,73.5,72.16,72.83
11/01/2018,74.69,74.99,72.56,72.89
10/31/2018,76.34,77.13,74.58,75.04
10/30/2018,76.94,77.39,75.26,75.95
10/29/2018,77.64,78.03,76.55,77.34
10/26/2018,76.6,77.91,75.77,77.62
10/25/2018,75.67,77.08,75.35,76.89
10/24/2018,76.35,77.57,75.11,76.17
10/23/2018,80.04,80.12,75.88,76.44
10/22/2018,80.11,80.41,78.99,79.83
10/19/2018,79.44,80.88,79.22,79.78
10/18/2018,80.23,80.31,78.69,79.29
10/17/2018,81.74,81.85,79.17,80.05
10/16/2018,80.88,81.75,79.8,81.41
10/15/2018,81,81.92,79.85,80.78
10/12/2018,80.28,81.48,79.23,80.43
10/11/2018,82.47,82.63,79.8,80.26
10/10/2018,84.98,85.17,82.26,83.09
10/09/2018,83.91,85.45,83.73,85
10/08/2018,84.17,84.31,82.66,83.91
10/05/2018,84.89,85.12,83.92,84.16
10/04/2018,85.99,86.43,84.14,84.58
10/03/2018,84.79,86.74,84.01,86.29
10/02/2018,84.95,85.38,84.31,84.8
10/01/2018,82.79,85.45,82.55,84.98
09/28/2018,81.44,83.41,81.29,82.73
09/27/2018,81.25,81.9,80.84,81.38
09/26/2018,80.94,81.56,80.52,80.79
09/25/2018,80.55,81.81,80.48,81.26
09/24/2018,78.78,80.79,78.49,80.53
09/21/2018,78.21,79.57,77.68,78.24
09/20/2018,79.44,79.83,78.51,78.7
09/19/2018,78.97,79.5,78.51,79.4
09/18/2018,77.78,79.73,77.46,79.03
09/17/2018,78.07,78.9,77.73,78.05
09/14/2018,78.45,78.94,77.37,78.09
09/13/2018,79.6,79.71,77.87,78.18
09/12/2018,79.42,80.13,78.75,79.74
09/11/2018,77.38,79.54,77.36,79.06
09/10/2018,77.08,77.92,76.9,77.37
09/07/2018,76.69,77.1,75.88,76.83
09/06/2018,77.02,77.77,75.64,76.5
09/05/2018,77.82,78.09,76.91,77.27
09/04/2018,78.19,79.72,77.44,78.17
09/03/2018,77.69,78.44,77.3,78.15
08/31/2018,77.81,78.22,77.23,77.64
08/30/2018,77.65,78.32,77.51,78.02
08/29/2018,76.34,77.75,76.01,77.46
08/28/2018,76.34,76.97,75.73,75.95
08/24/2018,74.73,76.42,74.68,75.82
08/23/2018,74.72,74.87,74.21,74.73
08/22/2018,72.76,75,72.7,74.78
08/21/2018,72.15,72.95,72.05,72.63
08/20/2018,71.77,72.75,71.42,72.21
08/17/2018,71.35,72.49,71.25,71.83
08/16/2018,70.65,71.52,70.4,71.43
08/15/2018,72.22,72.44,70.3,70.76
08/14/2018,72.82,73.93,72.16,72.46
08/13/2018,73,73.09,71.04,72.61
08/10/2018,71.97,73.14,71.4,72.81
08/09/2018,72.16,72.89,71.86,72.07
08/08/2018,74.64,74.87,71.65,72.28
08/07/2018,73.61,74.9,73.57,74.65
08/06/2018,73.21,74.47,73.08,73.75
08/03/2018,73.37,73.73,72.48,73.21
08/02/2018,72.42,73.75,71.84,73.45
08/01/2018,74.07,74.12,72.13,72.39
07/31/2018,75.45,75.62,73.85,74.21
07/30/2018,74.94,75.79,74.64,75.55
07/27/2018,75.07,75.39,74.35,74.76
07/26/2018,74.37,74.83,73.77,74.54
07/25/2018,73.7,74.6,73.07,73.93
07/24/2018,72.91,74,72.68,73.44
07/23/2018,73.22,74.5,72.52,73.06
07/20/2018,72.65,73.47,72.26,73.07
07/19/2018,73.06,73.79,71.83,72.58
07/18/2018,71.74,73.28,71.19,72.9
07/17/2018,72.01,72.78,71.35,72.16
07/16/2018,74.92,75.37,71.52,71.84
07/13/2018,74.34,75.93,73.22,75.33
07/12/2018,74.17,75.1,72.67,74.45
07/11/2018,78.78,78.83,73.04,73.4
07/10/2018,78.25,79.51,78.15,78.86
07/09/2018,77.21,78.31,77.04,78.07
07/06/2018,77.57,77.68,76.36,77.11
07/05/2018,78.14,78.5,77.3,77.39
07/04/2018,77.89,78.28,77.61,78.24
07/03/2018,77.4,78.55,76.67,77.76
07/02/2018,78.55,78.95,77.16,77.3
06/29/2018,77.54,79.56,77.16,79.23
06/28/2018,77.35,78.2,77.07,77.61
06/27/2018,76.41,78,76.11,77.46
06/26/2018,74.57,76.55,73.97,76.14
06/25/2018,74.8,75.13,73.74,74.73
06/22/2018,73.24,75.83,73.24,75.55
06/21/2018,74.46,74.69,72.93,73.05
06/20/2018,75.2,75.86,74.1,74.74
06/19/2018,75.24,75.55,74.45,75.08
06/18/2018,73.06,75.49,72.45,75.34
06/15/2018,75.98,76.06,73,73.44
06/14/2018,76.56,76.92,75.76,75.94
06/13/2018,75.4,76.87,75.26,76.74
06/12/2018,76.5,77.07,75.43,75.88
06/11/2018,76.3,76.84,75.52,76.46
06/08/2018,77.39,77.61,76.12,76.46
06/07/2018,75.88,77.45,75.44,77.32
06/06/2018,75.19,76.25,74.46,75.36
06/05/2018,75.4,75.74,73.81,75.38
06/04/2018,76.66,76.95,75.2,75.29
06/01/2018,77.71,77.95,76.35,76.79
05/31/2018,77.65,79.18,76.96,77.56
05/30/2018,75.5,77.96,74.91,77.72
05/29/2018,75.82,76.23,74.66,75.49
05/25/2018,78.82,78.88,76.01,76.44
05/24/2018,79.65,79.78,78.57,78.79
05/23/2018,79.47,79.85,78.21,79.8
05/22/2018,79.36,80.49,79.16,79.57
05/21/2018,78.61,79.59,78.1,79.22
05/18/2018,79.46,79.87,78.33,78.51
05/17/2018,79.26,80.5,79.12,79.3
05/16/2018,78.1,79.35,77.61,79.28
05/15/2018,78.42,79.47,77.9,78.43
05/14/2018,77.05,78.53,76.55,78.23
05/11/2018,77.55,77.6,76.95,77.12
05/10/2018,77.44,78,76.51,77.47
05/09/2018,76.19,77.43,76.08,77.21
05/08/2018,75.6,76.18,73.1,74.85
05/04/2018,73.74,75.08,73.24,74.87
05/03/2018,73.07,74.09,72.47,73.62
05/02/2018,73.28,73.63,72.38,73.36
05/01/2018,74.65,74.98,72.74,73.13
04/30/2018,73.74,75.61,72.81,74.69
04/27/2018,73.85,74.14,73.45,73.79
04/26/2018,74.23,74.97,74.11,74.74
04/25/2018,74,74.19,73.17,74
04/24/2018,75.09,75.47,73.68,73.86
04/23/2018,73.77,75.1,73.13,74.71
04/20/2018,73.94,74.2,72.83,74.06
04/19/2018,73.72,74.75,73.46,73.78
04/18/2018,71.72,73.93,71.66,73.48
04/17/2018,71.65,71.89,70.83,71.58
04/16/2018,72.7,72.85,71.11,71.42
04/13/2018,71.94,72.88,71.56,72.58
04/12/2018,72.09,72.49,71.1,72.02
04/11/2018,71.03,73.09,70.57,72.06
04/10/2018,68.46,71.34,68.46,71.04
04/09/2018,67.1,68.8,67,68.65
04/06/2018,68.09,68.62,66.86,67.11
04/05/2018,68.36,68.93,67.73,68.33
04/04/2018,68.15,68.28,66.69,68.02
04/03/2018,67.63,68.46,67.62,68.12
03/29/2018,69.03,69.77,68.22,69.34
03/28/2018,69.05,69.46,67.97,68.76
03/27/2018,69.6,70.4,68.79,69.46
03/26/2018,69.95,70.4,69.11,69.52
03/23/2018,68.57,69.92,68.32,69.81
03/22/2018,69.25,69.3,68.12,68.38
03/21/2018,67.61,69.86,67.48,69.47
03/20/2018,66.15,67.88,66.15,67.42
03/19/2018,66.01,66.39,65.39,66.05
03/16/2018,65.07,66.42,64.88,66.21
03/15/2018,64.9,65.38,64.61,65.12
03/14/2018,64.73,65.21,64.06,64.89
03/13/2018,64.92,65.68,64.05,64.64
03/12/2018,65.5,65.86,64.18,64.95
03/09/2018,63.93,65.63,63.69,65.49
03/08/2018,64.51,64.56,63.43,63.61
03/07/2018,65.23,65.8,63.83,64.34
03/06/2018,65.74,66.16,65.3,65.79
03/05/2018,64.65,65.88,64.1,65.54
03/02/2018,64.07,64.64,63.2,64.37
03/01/2018,64.57,65.04,63.19,63.83
02/28/2018,66.29,66.8,64.5,64.73
02/27/2018,67.36,67.42,66.22,66.52
02/26/2018,67.29,67.9,66.72,67.5
02/23/2018,66.3,67.37,65.79,67.31
02/22/2018,64.91,66.56,64.62,66.39
02/21/2018,65.05,65.53,64.4,65.42
02/20/2018,65.64,65.81,64.78,65.25
02/19/2018,64.96,65.9,64.84,65.67
02/16/2018,64.66,65.22,64.19,64.84
02/15/2018,64.44,65.15,63.12,64.33
02/14/2018,62.84,64.58,61.95,64.36
02/13/2018,62.85,63.1,61.76,62.72
02/12/2018,62.5,64.4,62.5,62.59
02/09/2018,64.44,64.64,61.77,62.79
02/08/2018,65.28,65.6,64.1,64.81
02/07/2018,67.2,67.72,65.16,65.51
02/06/2018,67.02,67.6,66.53,66.86
02/05/2018,68.15,68.46,66.9,67.62
02/02/2018,70,70.02,67.96,68.58
02/01/2018,69,69.97,68.81,69.65
01/31/2018,67.99,69,67.81,68.89
01/30/2018,69.01,69.1,68,68.52
01/29/2018,70.18,70.27,68.75,69.2
01/26/2018,70.07,70.83,70.05,70.52
01/25/2018,70.95,71.28,69.97,70.42
01/24/2018,69.97,70.94,69.54,70.53
01/23/2018,69.17,70.24,69.12,69.96
01/22/2018,68.8,69.51,68.39,69.03
01/19/2018,69.01,69.08,68.28,68.61
01/18/2018,69.53,69.63,68.8,69.31
01/17/2018,69.35,69.59,68.55,69.38
01/16/2018,70.05,70.13,68.83,69.15
01/15/2018,69.88,70.37,69.55,70.26
01/12/2018,69.15,69.93,68.59,69.87
01/11/2018,69.15,70.05,69,69.26
01/10/2018,69.12,69.37,68.75,69.2
01/09/2018,68,69.29,67.7,68.82
01/08/2018,67.8,67.99,67.44,67.78
01/05/2018,67.97,68.11,67.26,67.62
01/04/2018,67.89,68.27,67.62,68.07
01/03/2018,66.54,68.03,66.4,67.84
01/02/2018,66.55,67.29,66.24,66.57
12/29/2017,66.15,66.98,66.15,66.87
12/28/2017,66.01,66.32,65.71,66.16
12/27/2017,66.19,66.38,65.46,65.99
12/22/2017,64.19,64.76,63.92,64.73
12/21/2017,64.49,64.93,64.2,64.9
12/20/2017,63.83,64.6,63.67,64.56
12/19/2017,63.41,63.91,63.3,63.8
12/18/2017,63.36,63.91,63,63.41
12/15/2017,63.39,63.68,63.08,63.23
12/14/2017,62.81,63.5,62.01,63.31
12/13/2017,63.8,64.32,62.36,62.44
12/12/2017,64.66,65.83,63.07,63.34
12/11/2017,63.29,64.93,62.99,64.69
12/08/2017,62.08,63.64,62.01,63.4
12/07/2017,61.3,62.26,61.15,62.2
12/06/2017,62.64,62.93,61.13,61.22
12/05/2017,62.45,63.15,62.12,62.86
12/04/2017,63.5,63.68,62.31,62.45
12/01/2017,62.74,64.32,62.59,63.73
11/30/2017,62.52,63.41,62.15,62.63
11/29/2017,63.02,63.59,61.93,62.53
11/28/2017,63.33,63.44,62.71,63.24
11/27/2017,63.8,63.99,63.1,63.84
11/24/2017,63.35,63.95,63.28,63.86
11/23/2017,63.24,63.57,62.88,63.55
11/22/2017,62.78,63.43,62.62,63.32
11/21/2017,62.1,62.87,62.07,62.57
11/20/2017,62.8,62.8,61.44,62.22
11/17/2017,61.41,62.92,61.08,62.72
11/16/2017,61.88,62.15,61.25,61.36
11/15/2017,61.55,62.13,61.3,61.87
11/14/2017,63.06,63.17,61.21,62.21
11/13/2017,63.68,63.77,62.61,63.16
11/10/2017,63.8,64.27,63.35,63.52
11/09/2017,63.52,64.25,63.26,63.93
11/08/2017,63.69,64.64,62.95,63.49
11/07/2017,64.12,64.65,63.5,63.69
11/06/2017,62.27,64.44,62.08,64.27
11/03/2017,60.88,62.23,60.6,62.07
11/02/2017,60.5,60.86,60.02,60.62
11/01/2017,61.07,61.7,60,60.49
10/31/2017,60.55,61.19,60.25,60.94
10/30/2017,60.23,60.7,59.91,60.59
10/27/2017,59.14,60.35,58.58,60.13
10/26/2017,58.42,59.55,58.05,59.3
10/25/2017,58.44,58.74,57.85,58.44
10/24/2017,57.41,58.57,57.04,58.33
10/23/2017,57.95,58.05,57.27,57.37
10/20/2017,57.32,57.94,56.6,57.75
10/19/2017,58.24,58.3,57.02,57.23
10/18/2017,58.16,58.54,57.74,58.15
10/17/2017,57.78,58.35,57.18,57.88
10/16/2017,57.28,58.47,57.12,57.82
10/13/2017,56.44,57.57,56.34,57.17
10/12/2017,56.74,56.83,55.88,56.25
10/11/2017,56.56,57.09,56.14,56.94
10/10/2017,55.78,56.91,55.73,56.61
10/09/2017,55.5,55.98,55.06,55.79
10/06/2017,56.99,57.28,55.13,55.62
10/05/2017,55.77,57.24,55.7,57
10/04/2017,55.67,56.2,55.38,55.8
10/03/2017,56.1,56.4,55.7,56
10/02/2017,56.73,56.76,55.5,56.12
09/29/2017,57.29,57.43,56.44,56.79
09/28/2017,57.39,58.28,56.56,57.16
09/27/2017,58.11,58.34,57.25,57.57
09/26/2017,58.55,58.88,57.22,57.92
09/25/2017,56.46,58.66,56.23,58.43
09/22/2017,56.16,56.47,55.89,56.42
09/21/2017,56.17,56.53,55.76,56.43
09/20/2017,55.35,56.48,55.26,56.29
09/19/2017,55.48,55.89,54.89,55.14
09/18/2017,55.59,55.95,54.82,55.48
09/15/2017,55.29,55.85,54.86,55.62
09/14/2017,55.02,55.99,54.93,55.47
09/13/2017,54.18,55.21,54.03,55.16
09/12/2017,53.77,54.44,53.42,54.27
09/11/2017,53.82,54.14,53.04,53.84
09/08/2017,54.54,54.87,53.57,53.78
09/07/2017,54.13,54.67,53.89,54.49
09/06/2017,53.16,54.31,53.09,54.2
09/05/2017,52.3,53.66,52.09,53.38
09/04/2017,52.85,52.85,51.99,52.34
09/01/2017,52.84,52.95,52.24,52.75
08/31/2017,50.53,52.9,50.49,52.86
08/30/2017,51.65,51.69,50.52,50.73
08/29/2017,51.54,51.79,50.98,51.66
08/25/2017,51.91,52.27,51.52,51.98
08/24/2017,52.55,52.71,51.61,52.04
08/23/2017,51.68,52.63,51.45,52.57
08/22/2017,51.78,52.28,51.39,51.87
08/21/2017,53,53,51.3,51.66
08/18/2017,50.89,52.96,50.78,52.72
08/17/2017,50.4,51.12,50,51.03
08/16/2017,50.98,51.4,50.15,50.27
08/15/2017,50.65,51.15,50.02,50.8
08/14/2017,52.02,52.38,50.55,50.73
08/11/2017,51.94,52.28,51.3,52.1
08/10/2017,52.72,53.64,51.67,51.9
08/09/2017,51.99,52.85,51.81,52.7
08/08/2017,52.24,52.73,51.82,52.14
08/07/2017,52.39,52.53,51.37,52.37
08/04/2017,51.97,52.52,51.43,52.42
08/03/2017,52.24,52.89,51.77,52.01
08/02/2017,51.38,52.43,51.18,52.36
08/01/2017,52.7,52.93,50.88,51.78
07/31/2017,52.3,52.9,51.78,52.72
07/28/2017,51.58,52.35,51.33,52.22
07/27/2017,51,51.67,50.58,51.52
07/26/2017,50.63,51.06,50.07,50.97
07/25/2017,48.64,50.91,48.63,50.2
07/24/2017,47.96,48.77,47.68,48.6
07/21/2017,49.33,49.65,47.81,48.06
07/20/2017,49.65,50.19,49.19,49.3
07/19/2017,48.7,49.81,48.58,49.7
07/18/2017,48.4,49.41,48.24,48.84
07/17/2017,49.14,49.26,48.31,48.42
07/14/2017,48.37,49.11,48.15,48.91
07/13/2017,47.7,48.53,47.18,48.42
07/12/2017,48.21,48.79,47.35,47.74
07/11/2017,46.99,48.21,46.29,47.52
07/10/2017,46.84,47.38,46.11,46.88
07/07/2017,47.76,47.76,46.28,46.71
07/06/2017,48.28,49.18,47.77,48.11
07/05/2017,49.67,49.84,47,47.79
07/04/2017,49.63,49.9,49.29,49.61
07/03/2017,48.95,49.71,48.54,49.68
06/30/2017,47.6,49,47.6,48.77
06/29/2017,47.61,48.27,47.34,47.63
06/28/2017,46.54,47.7,46.54,47.54
06/27/2017,46.1,47.3,46,46.92
06/26/2017,45.63,46.24,45.04,45.83
06/23/2017,45.28,45.75,45.03,45.54
06/22/2017,44.81,45.79,44.53,45.22
06/21/2017,45.89,46.63,44.35,44.82
06/20/2017,46.96,47.23,45.42,46.02
06/19/2017,47.21,47.76,46.77,46.91
06/16/2017,46.82,47.61,46.81,47.37
06/15/2017,46.8,47.2,46.7,46.92
06/14/2017,48.18,48.69,46.74,47
06/13/2017,48.32,48.82,47.87,48.72
06/12/2017,48.06,49.15,48.01,48.29
06/09/2017,47.79,48.56,47.4,48.15
06/08/2017,48.26,48.6,47.56,47.86
06/07/2017,49.97,50.14,47.96,48.06
06/06/2017,49.57,50.3,49,50.12
06/05/2017,49.87,50.74,49.04,49.47
06/02/2017,50.23,50.52,48.95,49.95
06/01/2017,51.17,51.45,50.23,50.63
05/31/2017,52.18,52.32,50.21,50.76
05/30/2017,52.59,52.69,51.6,52.24
05/26/2017,51.38,52.3,50.71,52.15
05/25/2017,54.15,54.67,51.03,51.46
05/24/2017,54.14,54.62,53.66,53.96
05/23/2017,53.87,54.43,53.2,54.15
05/22/2017,53.85,54.37,53.66,53.87
05/19/2017,52.57,53.82,52.55,53.61
05/18/2017,52.19,52.74,51.11,52.51
05/17/2017,51.2,52.61,51.04,52.21
05/16/2017,51.88,52.36,51.1,51.65
05/15/2017,50.89,52.63,50.74,51.82
05/12/2017,50.76,51.09,50.33,50.84
05/11/2017,50.28,51.16,50.25,50.77
05/10/2017,48.95,50.63,48.81,50.22
05/09/2017,49.44,49.72,48.39,48.73
05/08/2017,49.27,49.92,48.48,49.34
05/05/2017,48.45,49.63,46.64,49.1
05/04/2017,50.59,50.73,48.16,48.38
05/03/2017,50.99,51.14,50.2,50.79
05/02/2017,51.39,52.16,50.14,50.46
04/28/2017,51.95,52.6,51.62,52.05
04/27/2017,52.11,52.28,51.01,51.82
04/26/2017,52.32,52.95,51.85,52.41
04/25/2017,51.6,52.39,51.3,52.1
04/24/2017,52.11,52.57,51.42,51.6
04/21/2017,53,53.29,51.57,51.96
04/20/2017,53.09,53.55,52.68,52.99
04/19/2017,54.78,55.2,52.58,52.93
04/18/2017,55.39,55.48,54.61,54.89
04/13/2017,55.66,56.06,55.56,55.89
04/12/2017,56.28,56.65,55.5,55.86
04/11/2017,56.08,56.3,55.45,56.23
04/10/2017,55.19,56.05,55.19,55.98
04/07/2017,54.88,56.08,54.57,55.24
04/06/2017,54.13,55,54.02,54.89
04/05/2017,54.22,55.09,53.97,54.36
04/04/2017,53.18,54.38,52.73,54.17
04/03/2017,53.62,53.74,53.03,53.12
03/31/2017,53.04,53.77,52.6,53.53
03/30/2017,52.53,53.27,52.17,53.13
03/29/2017,51.49,52.61,51.45,52.54
03/28/2017,50.98,52,50.92,51.42
03/27/2017,51.15,51.19,50.13,50.9
03/24/2017,50.76,51.17,50.52,50.92
03/23/2017,50.83,51.1,50.25,50.56
03/22/2017,50.86,50.98,49.71,50.64
03/21/2017,51.7,52.22,50.73,50.96
03/20/2017,51.8,51.94,51.01,51.62
03/17/2017,51.74,52.18,51.53,51.76
03/16/2017,52.08,52.65,51.5,51.74
03/15/2017,51.5,52.15,51.36,51.81
03/14/2017,51.34,51.86,50.25,50.92
03/13/2017,51.06,51.7,50.85,51.35
03/10/2017,52.33,53.02,51.14,51.37
03/09/2017,53.49,53.86,51.5,52.19
03/08/2017,55.63,55.77,52.93,53.11
03/07/2017,55.95,56.65,55.56,55.92
03/06/2017,55.8,56.25,55.32,56.01
03/03/2017,55.18,55.95,55.09,55.9
03/02/2017,56.31,56.44,55.03,55.08
03/01/2017,56.45,57.05,56.24,56.36
02/28/2017,56.52,56.64,55.62,56.51
02/27/2017,56.32,57.06,56.28,56.42
02/24/2017,56.63,56.92,56.08,56.31
02/23/2017,56.39,57.48,56.36,56.82
02/22/2017,56.86,57.09,55.84,56.04
02/21/2017,56.17,57.31,56.1,56.66
02/20/2017,55.9,56.42,55.7,56.18
02/17/2017,55.73,55.88,55.1,55.81
02/16/2017,55.74,56.24,55.13,55.65
02/15/2017,55.82,56.25,55.56,55.75
02/14/2017,55.75,56.46,55.53,55.97
02/13/2017,56.68,56.81,55.41,55.59
02/10/2017,55.66,56.88,55.59,56.7
02/09/2017,55.3,55.92,55.23,55.63
02/08/2017,54.5,55.68,54.44,55.12
02/07/2017,55.91,55.98,54.58,55.05
02/06/2017,56.85,57.13,55.65,55.72
02/03/2017,56.92,57.3,56.39,56.81
02/02/2017,56.53,57.45,56.33,56.56
02/01/2017,55.55,56.83,55.36,56.8
01/31/2017,55.34,56.44,54.96,55.58
01/30/2017,55.66,55.86,55.04,55.32
01/27/2017,56.33,56.72,55.09,55.7
01/26/2017,55.73,56.78,55.48,56.49
01/25/2017,55.24,55.65,54.75,55.08
01/24/2017,55.42,55.87,55.07,55.44
01/23/2017,55.7,55.75,54.65,55.23
01/20/2017,54.33,55.8,54.18,55.49
01/19/2017,54.29,54.77,53.9,54.16
01/18/2017,55.48,55.9,53.77,53.92
01/17/2017,55.74,56.95,55.4,55.47
01/16/2017,55.64,55.92,55.19,55.86
01/13/2017,56,56.21,55.28,55.45
01/12/2017,55.19,56.43,55.01,56.01
01/11/2017,53.8,55.67,53.7,55.1
01/10/2017,54.95,55.36,53.58,53.64
01/09/2017,56.81,57,54.74,54.94
01/06/2017,56.88,57.47,56.28,57.1
01/05/2017,56.35,57.35,56.01,56.89
01/04/2017,55.73,56.55,55.33,56.46
01/03/2017,57.05,58.37,55.3,55.47
12/30/2016,57,57.2,56.46,56.82
12/29/2016,56.73,57.33,56.66,56.85
12/28/2016,56.71,57.27,56.61,56.96
12/23/2016,54.84,55.25,54.26,55.16
12/22/2016,54.55,55.23,54.05,55.05
12/21/2016,55.52,55.87,54.32,54.46
12/20/2016,55.02,55.92,54.75,55.35
12/19/2016,55.4,55.8,54.69,54.92
12/16/2016,54.11,55.38,53.71,55.21
12/15/2016,53.76,54.5,53.15,54.02
12/14/2016,55.16,55.81,53.52,53.9
12/13/2016,55.7,56.44,55.13,55.72
12/12/2016,55.88,57.89,55.11,55.69
12/09/2016,53.97,54.46,53.77,54.33
12/08/2016,53.15,54.05,52.81,53.89
12/07/2016,53.94,54.23,52.92,53
12/06/2016,54.5,54.94,53.51,53.93
12/05/2016,54.4,55.33,53.77,54.94
12/02/2016,53.88,54.5,52.84,54.46
12/01/2016,51.72,54.53,51.51,53.94
11/30/2016,47.51,52.37,47.4,51.84
11/29/2016,49.06,49.07,46.91,47.32
11/28/2016,46.71,48.81,46.28,48.24
11/25/2016,48.96,49.02,46.85,47.24
11/24/2016,49.03,49.21,48.76,49
11/23/2016,49.2,49.5,48.56,48.95
11/22/2016,49.25,49.96,48.14,49.12
11/21/2016,46.92,49.15,46.92,48.9
11/18/2016,46.05,46.99,45.75,46.86
11/17/2016,46.44,47.62,45.97,46.49
11/16/2016,46.88,47.56,46.25,46.63
11/15/2016,44.7,47.25,44.67,46.95
11/14/2016,44.54,44.99,43.57,44.43
11/11/2016,45.8,45.89,44.19,44.75
11/10/2016,46.36,46.92,45.56,45.84
11/09/2016,46.04,46.95,44.4,46.36
11/08/2016,46.3,46.69,45.6,46.04
11/07/2016,45.7,46.38,45.38,46.15
11/04/2016,46.47,46.56,45.08,45.58
11/03/2016,47.31,47.52,45.99,46.35
11/02/2016,47.98,48.02,46.46,46.86
11/01/2016,48.66,49.26,47.72,48.14
10/31/2016,50.3,50.76,48.45,48.61
10/28/2016,51.51,51.66,50.34,50.68
10/27/2016,51.1,51.98,50.94,51.6
10/26/2016,50.26,50.69,49.65,49.98
10/25/2016,51.44,51.83,50.22,50.79
10/24/2016,51.89,52.01,50.5,51.46
10/21/2016,51.4,51.94,51.12,51.78
10/20/2016,52.6,52.72,51.17,51.38
10/19/2016,52.13,53.14,52.09,52.67
10/18/2016,51.72,52.15,51.25,51.68
10/17/2016,51.93,52.29,51.16,51.52
10/14/2016,52.06,52.55,51.5,51.95
10/13/2016,51.6,52.15,50.92,52.03
10/12/2016,52.48,52.87,51.61,51.81
10/11/2016,53.11,53.32,52.12,52.41
10/10/2016,51.63,53.73,51.3,53.14
10/07/2016,52.72,52.84,51.33,51.93
10/06/2016,51.76,52.75,51.32,52.51
10/05/2016,51.22,52.09,51.22,51.86
10/04/2016,50.93,51.55,50.34,50.87
10/03/2016,50.02,51.14,49.74,50.89
09/30/2016,49.76,50.27,48.9,50.19
09/29/2016,49.46,50.39,48.55,49.81
09/28/2016,46.75,49.5,46.26,49.24
09/27/2016,47.71,47.89,46.17,46.52
09/26/2016,46.62,48.24,46.3,47.93
09/23/2016,47.85,48.78,46.24,46.48
09/22/2016,46.99,47.83,46.99,47.65
09/21/2016,46.45,47.14,46.38,46.83
09/20/2016,45.91,46.3,45.09,45.88
09/19/2016,46.01,46.93,45.85,45.95
09/16/2016,46.31,46.41,45.48,45.77
09/15/2016,46.06,47,45.67,46.59
09/14/2016,47.33,47.48,45.7,45.85
09/13/2016,48.17,48.22,46.96,47.1
09/12/2016,47.81,48.63,46.9,48.32
09/09/2016,49.63,49.7,47.76,48.01
09/08/2016,48.55,50.14,48.21,49.99
09/07/2016,47.2,48.56,46.97,47.98
09/06/2016,47.43,47.99,46.29,47.26
09/05/2016,46.7,49.4,46.4,47.63
09/02/2016,45.79,47.02,45.41,46.83
09/01/2016,46.98,47.24,45.32,45.45
08/31/2016,48.65,48.77,46.77,46.89
08/30/2016,49.45,49.9,48.48,48.73
08/26/2016,49.66,50.76,49.12,49.92
08/25/2016,49.03,49.78,48.7,49.67
08/24/2016,49.57,49.87,48.68,49.05
08/23/2016,49.04,50.21,48.48,49.96
08/22/2016,50.7,50.7,49.07,49.16
08/19/2016,50.96,51.22,50.32,50.88
08/18/2016,49.76,51.05,49.52,50.89
08/17/2016,48.88,49.93,48.55,49.85
08/16/2016,48.22,49.36,47.9,49.23
08/15/2016,47.14,48.54,46.84,48.35
08/12/2016,46.18,47.25,45.74,46.97
08/11/2016,43.78,46.3,43.46,46.04
08/10/2016,44.92,45.68,43.81,44.05
08/09/2016,45.25,45.77,44.76,44.98
08/08/2016,44.34,45.71,44.24,45.39
08/05/2016,44.18,44.49,43.51,44.27
08/04/2016,43.36,44.34,42.51,44.29
08/03/2016,41.94,43.47,41.56,43.1
08/02/2016,42.23,43.18,41.51,41.8
08/01/2016,43.11,43.85,41.87,42.14
07/29/2016,43.14,43.6,42.52,43.53
07/28/2016,43.95,44.15,43.13,43.23
07/27/2016,44.55,44.91,43.27,43.47
07/26/2016,44.82,44.96,44.14,44.87
07/25/2016,45.7,45.87,44.55,44.72
07/22/2016,46.21,46.5,45.17,45.69
07/21/2016,47.17,47.56,46.05,46.2
07/20/2016,46.76,47.49,45.9,47.17
07/19/2016,46.93,47.49,46.53,46.66
07/18/2016,47.92,47.95,46.5,46.96
07/15/2016,47.03,48.25,46.65,47.61
07/14/2016,46.59,47.47,46.34,47.37
07/13/2016,48.13,48.2,46.09,46.26
07/12/2016,46.17,48.57,46.09,48.47
07/11/2016,46.49,47.1,45.9,46.25
07/08/2016,46.6,47.23,46.15,46.76
07/07/2016,49.12,49.59,46.15,46.4
07/06/2016,48.06,49.31,47.17,48.8
07/05/2016,50.03,50.05,47.54,47.96
07/04/2016,50.6,50.75,50.03,50.1
07/01/2016,49.9,50.66,49.25,50.35
06/30/2016,50.94,51.02,49.53,49.71
06/29/2016,49.49,51.44,49.33,51.32
06/28/2016,47.61,48.79,47.47,48.58
06/27/2016,48.43,48.9,46.69,47.16
06/24/2016,50.69,50.74,47.54,48.41
06/23/2016,50.14,51.18,49.89,50.91
06/22/2016,51.06,51.24,49.18,49.88
06/21/2016,50.43,51.1,49.46,50.62
06/20/2016,49.42,50.68,49.24,50.65
06/17/2016,47.28,49.4,47.25,49.17
06/16/2016,48.56,48.77,46.94,47.19
06/15/2016,49.22,49.8,48.39,48.97
06/14/2016,49.89,50.05,49.2,49.83
06/13/2016,50.42,50.79,49.61,50.35
06/10/2016,51.91,52.1,50.33,50.54
06/09/2016,52.74,52.86,51.53,51.95
06/08/2016,51.41,52.8,51.32,52.51
06/07/2016,50.46,51.54,50.28,51.44
06/06/2016,49.83,50.83,49.72,50.55
06/03/2016,49.95,50.33,49.3,49.64
06/02/2016,49.63,50.3,48.84,50.04
06/01/2016,49.65,50,48.65,49.72
05/31/2016,50.3,50.87,49.5,49.89
05/27/2016,49.97,50.13,49.34,49.95
05/26/2016,49.76,50.51,49.25,49.59
05/25/2016,49.16,49.96,48.91,49.74
05/24/2016,48.35,49.24,47.8,48.61
05/23/2016,48.72,48.84,47.58,48.35
05/20/2016,48.9,49.39,48.07,48.72
05/19/2016,48.67,48.88,47.38,48.81
05/18/2016,49.36,49.85,48.45,48.93
05/17/2016,49.03,49.75,48.57,49.28
05/16/2016,47.8,49.47,47.77,48.97
05/13/2016,47.85,48.12,47.26,47.83
05/12/2016,47.32,48.19,46.8,48.08
05/11/2016,45.59,47.75,44.8,47.6
05/10/2016,43.49,45.7,43.33,45.52
05/09/2016,45.75,46.48,43.43,43.63
05/06/2016,45.16,46.12,44.19,45.37
05/05/2016,45.08,46.77,44.65,45.01
05/04/2016,45.21,46.01,44.19,44.62
05/03/2016,45.8,46.4,44.62,44.97
04/29/2016,47.57,48.29,46.76,47.37
04/28/2016,46.87,47.82,46.51,47.77
04/27/2016,46.26,47.45,45.63,47.18
04/26/2016,44.69,46.49,44.36,45.74
04/25/2016,45.13,45.59,44.26,44.48
04/22/2016,44.75,45.9,44.3,45.11
04/21/2016,45.54,46.18,44.44,44.53
04/20/2016,43.52,45.88,42.81,45.8
04/19/2016,43.14,44.5,42.6,44.03
04/18/2016,41.8,43.43,40.1,42.91
04/15/2016,43.8,44.05,42.28,43.1
04/14/2016,44.01,44.62,43.29,43.84
04/13/2016,44.44,44.94,43.76,44.18
04/12/2016,42.7,44.81,42.56,44.69
04/11/2016,42,43.06,41.41,42.83
04/08/2016,39.68,42.01,39.62,41.94
04/07/2016,39.9,40.29,38.7,39.43
04/06/2016,38.4,39.94,38.34,39.84
04/05/2016,37.5,38.44,37.27,37.87
04/04/2016,38.69,38.92,37.5,37.69
04/01/2016,40.14,40.43,38.55,38.67
03/31/2016,39.84,40.85,39.5,40.33
03/30/2016,40.13,41.35,39.88,40.05
03/29/2016,40.19,40.25,38.76,39.14
03/24/2016,40.4,40.64,39.22,40.44
03/23/2016,41.56,41.82,40.42,40.47
03/22/2016,41.47,42.08,40.97,41.79
03/21/2016,41.31,41.88,40.48,41.54
03/18/2016,41.38,42.54,41.07,41.2
03/17/2016,40.45,41.6,40.41,41.54
03/16/2016,39.14,40.44,38.83,40.33
03/15/2016,39.67,39.74,38.32,38.74
03/14/2016,40.25,40.65,38.82,39.53
03/11/2016,40.33,41.03,40.02,40.39
03/10/2016,40.89,41.01,39.63,40.05
03/09/2016,39.65,41.18,39.39,41.07
03/08/2016,40.71,41.48,39.31,39.65
03/07/2016,38.88,41.04,38.87,40.84
03/04/2016,37.04,38.95,36.82,38.72
03/03/2016,37.05,37.37,36.35,37.07
03/02/2016,36.62,37.4,36.1,36.93
03/01/2016,36.6,37.25,35.95,36.81
02/29/2016,35.43,36.74,35.08,36.57
02/26/2016,35.48,37.26,35.13,35.44
02/25/2016,34.39,35.74,33.29,35.29
02/24/2016,32.98,34.67,32.37,34.41
02/23/2016,34.54,35.11,32.9,33.27
02/22/2016,33.25,34.97,32.85,34.69
02/19/2016,33.88,34.46,32.68,33.01
02/18/2016,34.91,35.73,33.79,34.28
02/17/2016,32.54,34.99,31.82,34.5
02/16/2016,34.51,35.55,31.92,32.18
02/15/2016,32.77,34.09,32.67,33.39
02/12/2016,31.31,33.44,30.85,33.36
02/11/2016,30.83,31.35,29.92,30.06
02/10/2016,30.95,31.9,30.35,30.84
02/09/2016,33.17,33.56,30.28,30.32
02/08/2016,33.99,34.68,32.77,32.88
02/05/2016,34.39,35.14,33.81,34.06
02/04/2016,35.32,35.84,34.15,34.46
02/03/2016,32.41,35.53,32.3,35.04
02/02/2016,34.18,34.18,32.23,32.72
02/01/2016,35.85,36.25,33.92,34.24
01/29/2016,35.2,36.17,34.58,35.99
01/28/2016,33.59,36.77,33.39,34.8
01/27/2016,31.2,33.49,30.83,33.1
01/26/2016,30.01,32.72,29.27,31.8
01/25/2016,32.1,32.81,30,30.5
01/22/2016,29.62,32.3,29.29,32.18
01/21/2016,27.99,29.84,27.29,29.25
01/20/2016,28.66,28.75,27.1,27.88
01/19/2016,28.7,30.24,28.6,28.76
01/18/2016,28.73,29.58,27.67,28.55
01/15/2016,31,31.02,28.82,28.94
01/14/2016,30.23,31.19,29.7,30.88
01/13/2016,31.25,31.83,29.94,30.28
01/12/2016,31.93,32.69,30.5,30.95
01/11/2016,33.72,33.75,31.52,31.88
01/08/2016,34.02,34.72,32.78,33.55
01/07/2016,34.52,34.74,32.16,33.75
01/06/2016,36.64,36.67,34.13,34.23
01/05/2016,37.27,37.57,36.24,36.42
01/04/2016,37.85,38.99,36.77,37.22
12/31/2015,36.57,37.95,36.1,37.28
12/30/2015,37.29,37.55,36.35,36.46
12/29/2015,36.59,37.98,36.56,37.79
12/24/2015,37.77,38.1,36.91,37.89
12/23/2015,36.37,37.88,36.28,37.36
12/22/2015,36.36,36.72,35.98,36.11
12/21/2015,36.55,36.75,36.04,36.35
12/18/2015,36.81,37.73,36.41,36.88
12/17/2015,37.6,37.93,36.75,37.06
12/16/2015,38.45,38.74,37.17,37.39
12/15/2015,38.1,39.69,37.81,38.73
12/14/2015,38.39,38.68,36.75,38.16
12/11/2015,39.91,40.13,37.73,38.32
12/10/2015,40.44,40.7,39.46,39.73
12/09/2015,40.63,41.59,39.57,40.11
12/08/2015,40.82,41.45,39.81,40.26
12/07/2015,43.26,43.26,40.6,40.73
12/04/2015,43.98,44.82,42.67,43
12/03/2015,42.77,44.69,42.61,43.84
12/02/2015,44.32,44.64,42.43,42.49
12/01/2015,44.62,45.18,44.03,44.44
11/30/2015,44.86,45.75,44.44,44.61
11/27/2015,45.57,45.63,44.79,44.86
11/26/2015,46.23,46.32,45,45.46
11/25/2015,46.04,46.5,45.03,46.17
11/24/2015,45.11,46.5,44.92,46.12
11/23/2015,44.46,45.73,43.57,44.83
11/20/2015,44.38,45.5,44.06,44.66
11/19/2015,44.3,44.76,43.7,44.18
11/18/2015,43.97,44.74,43.34,44.14
11/17/2015,44.7,45.1,43.5,43.57
11/16/2015,44.7,45.18,43.15,44.56
11/13/2015,45.19,45.95,44.16,44.47
11/12/2015,46.74,47.07,45.05,45.19
11/11/2015,47.76,48.37,46.42,46.61
11/10/2015,47.32,47.86,46.96,47.44
11/09/2015,47.46,48.41,47.01,47.19
11/06/2015,48.05,48.58,47.27,47.42
11/05/2015,48.84,49,47.93,47.98
11/04/2015,50.25,50.87,48.49,48.58
11/03/2015,48.9,50.91,48.46,50.54
11/02/2015,49.5,49.69,48.61,48.79
10/30/2015,48.66,50,48.28,49.56
10/29/2015,49.15,49.38,48.17,48.8
10/28/2015,46.91,49.23,46.61,49.05
10/27/2015,47.43,47.57,46.41,46.81
10/26/2015,48,48.33,47.3,47.54
10/23/2015,48.32,48.65,47.45,47.99
10/22/2015,47.96,48.73,47.65,48.08
10/21/2015,48.58,48.65,47.5,47.85
10/20/2015,48.83,49.2,48.22,48.71
10/19/2015,50.38,50.68,48.57,48.61
10/16/2015,50.21,50.7,49.31,50.46
10/15/2015,49.6,50.35,48.7,49.73
10/14/2015,49.4,50.02,49.21,49.69
10/13/2015,50.75,51.14,49.34,49.69
10/12/2015,53.04,53.62,50.16,50.25
10/09/2015,53.62,54.36,52.47,52.91
10/08/2015,52.58,53.85,51.76,53.38
10/07/2015,52.69,53.58,51.7,51.77
10/06/2015,50.05,52.8,49.47,52.45
10/05/2015,48.8,50.47,48.51,49.87
10/02/2015,48.68,49.19,47.6,48.79
10/01/2015,49.15,50.5,48.31,48.38
09/30/2015,48.59,49.65,48.43,49.05
09/29/2015,47.9,49.28,47.9,48.86
09/28/2015,48.92,49.06,47.93,48.01
09/25/2015,48.77,49.76,48.52,49.27
09/24/2015,48.58,49.13,48.1,48.86
09/23/2015,49.83,51,48.41,48.48
09/22/2015,49.38,49.99,48.48,49.87
09/21/2015,48.4,49.75,48.23,49.69
09/18/2015,49.75,50.51,47.92,48.23
09/17/2015,50.77,50.91,49.12,49.86
09/16/2015,48.68,51.06,48.53,50.52
09/15/2015,46.65,46.9,45.98,46.63
09/14/2015,48.08,48.35,46.26,46.37
09/11/2015,48.64,48.98,47.16,48.14
09/10/2015,47.46,48.95,46.76,48.89
09/09/2015,49.39,50.04,47.32,47.58
09/08/2015,47.76,49.85,47.64,49.52
09/07/2015,49.27,49.44,47.5,47.63
09/04/2015,50.69,51.05,49.25,49.61
09/03/2015,50.58,52.46,49.82,50.68
09/02/2015,48.62,51,47.74,50.5
09/01/2015,52.92,53.47,48.47,49.56
08/28/2015,47.4,50.98,46.61,50.05
08/27/2015,43.75,47.75,43.7,47.56
08/26/2015,43.32,43.76,42.81,43.14
08/25/2015,42.79,44.5,42.68,43.21
08/24/2015,45.35,45.46,42.23,42.69
08/21/2015,46.34,46.51,45.07,45.46
08/20/2015,47.03,47.38,46.03,46.62
08/19/2015,48.5,49.11,46.78,47.16
08/18/2015,48.55,49.04,48.25,48.81
08/17/2015,48.76,49.44,48.35,48.74
08/14/2015,49.48,49.83,48.65,49.19
08/13/2015,50.38,50.83,49.25,49.63
08/12/2015,49.38,50.01,48.72,49.66
08/11/2015,50.22,51.1,48.61,49.18
08/10/2015,48.43,50.49,48.24,50.41
08/07/2015,49.62,50.06,48.42,48.61
08/06/2015,49.72,49.83,48.88,49.52
08/05/2015,50.14,50.99,49.02,49.59
08/04/2015,49.7,50.45,49.58,49.99
08/03/2015,51.55,52.01,49.36,49.52
07/31/2015,53.43,53.47,51.63,52.21
07/30/2015,53.6,54.38,53.02,53.31
07/29/2015,52.99,54.33,52.51,53.38
07/28/2015,53.08,54.08,52.28,53.3
07/27/2015,54.45,54.89,52.83,53.47
07/24/2015,55.39,55.6,54.3,54.62
07/23/2015,56.04,56.53,55.1,55.27
07/22/2015,56.88,56.9,55.92,56.13
07/21/2015,56.55,57.44,56.33,57.04
07/20/2015,57.12,57.44,56.33,56.65
07/17/2015,56.93,57.35,56.4,57.1
07/16/2015,57.36,58,56.86,56.92
07/15/2015,58.8,58.98,56.92,57.12
07/14/2015,58.05,58.98,56.75,58.68
07/13/2015,58.59,59.14,57.16,58.15
07/10/2015,58.49,59.66,57.86,58.73
07/09/2015,57.1,59.27,57.01,58.61
07/08/2015,57.25,57.75,55.87,57.05
07/07/2015,56.85,57.83,55.1,56.85
07/06/2015,60,60,56.38,56.54
07/03/2015,61.73,62.06,60.12,60.32
07/02/2015,61.92,63.2,61.75,62.07
07/01/2015,63.02,63.35,61.84,62.01
06/30/2015,61.77,63.83,61.71,63.59
06/29/2015,62.85,62.96,61.35,62.01
06/26/2015,63.34,63.62,62.5,63.26
06/25/2015,63.5,63.95,62.72,63.2
06/24/2015,64.66,65.05,63.01,63.49
06/23/2015,63.21,64.89,62.76,64.45
06/22/2015,62.57,63.74,62.1,63.34
06/19/2015,64.2,64.56,62.34,63.02
06/18/2015,63.74,64.96,63.44,64.26
06/17/2015,63.6,65.47,62.6,63.87
06/16/2015,63.8,64.41,63.42,63.7
06/15/2015,64.37,64.76,63.37,63.95
06/12/2015,65.5,65.63,64.52,64.64
06/11/2015,66.11,66.71,65.2,65.79
06/10/2015,65.8,66.94,65.44,66.37
06/09/2015,63.22,65.79,63.22,65.46
06/08/2015,63.06,63.38,62.47,62.69
06/05/2015,62.08,63.43,60.94,63.31
06/04/2015,63.81,64.08,61.78,62.03
06/03/2015,65.38,65.4,63.5,63.8
06/02/2015,64.9,65.88,64.58,65.49
06/01/2015,65.59,65.8,64.25,64.88
05/29/2015,62.89,65.83,62.68,65.56
05/28/2015,62.2,62.95,61.24,62.58
05/27/2015,63.89,64.67,61.96,62.06
05/26/2015,65.7,65.7,63.29,63.72
05/22/2015,66.59,66.64,65.1,65.37
05/21/2015,64.89,66.88,64.83,66.54
05/20/2015,64.49,65.18,64.1,65.03
05/19/2015,66.19,66.39,63.95,64.02
05/18/2015,66.91,67.88,65.92,66.27
05/15/2015,66.75,67,65.37,66.81
05/14/2015,67.03,67.82,66.26,66.7
05/13/2015,67.83,68.52,66.87,67.27
05/12/2015,64.77,67.46,64.68,66.86
05/11/2015,65.37,65.75,64.25,64.91
05/08/2015,65.64,66.12,64.23,65.39
05/07/2015,67.37,68.49,65.17,65.54
05/06/2015,67.71,69.63,67.35,67.77
05/05/2015,66.33,68.4,66.14,67.52
05/01/2015,66.78,66.93,65.52,66.46
04/30/2015,65.63,66.93,65.37,66.78
04/29/2015,64.64,66.72,64.13,65.84
04/28/2015,64.74,65.49,63.9,64.64
04/27/2015,65.47,65.61,64.4,64.83
04/24/2015,64.75,65.8,64.48,65.28
04/23/2015,62.88,65.58,62.22,64.85
04/22/2015,61.9,63.33,61.39,62.73
04/21/2015,63.52,63.52,61.65,62.08
04/20/2015,63.85,64.4,62.1,63.45
04/17/2015,64.02,64.5,62.95,63.45
04/16/2015,62.9,64.95,62,63.98
04/15/2015,60.06,63.47,60.03,63.32
04/14/2015,59.14,60.44,58.95,59.81
04/13/2015,59.08,60.59,58.56,59.04
04/10/2015,57.88,59.18,57.33,58.95
04/09/2015,57.3,59.16,57.1,57.69
04/08/2015,58.3,58.72,55.45,55.55
04/07/2015,57.8,59.27,57.02,59.1
04/02/2015,56.72,57.28,54,54.95
04/01/2015,55.18,57.69,54.7,57.1
03/31/2015,56.31,56.33,54.72,55.11
03/30/2015,55.96,56.65,55.2,56.29
03/27/2015,58.97,59.04,55.95,56.41
03/26/2015,56.35,59.78,56.3,59.19
03/25/2015,55.09,57.17,54.7,56.48
03/24/2015,55.83,56.79,54.85,55.11
03/23/2015,55.24,56.19,54.12,55.92
03/20/2015,54.46,55.67,53.55,55.32
03/19/2015,56.18,56.2,53.91,54.43
03/18/2015,53.28,56.84,52.68,55.91
03/17/2015,54.1,54.38,52.57,53.51
03/16/2015,54.66,55.01,52.65,53.94
03/13/2015,57.25,57.6,54.75,55.01
03/12/2015,58.23,59.15,56.75,57.28
03/11/2015,56.93,58.25,56.35,57.88
03/10/2015,58.37,58.72,56.12,56.39
03/09/2015,59.62,60.02,58.38,58.53
03/06/2015,60.75,61.3,59.17,59.73
03/05/2015,60.6,61.57,60.08,60.48
03/04/2015,60.85,60.94,59.47,60.55
03/03/2015,60,61.81,59.84,61.02
03/02/2015,62.5,62.5,59.34,59.54
02/27/2015,60.75,62.83,60.51,62.58
02/26/2015,61.85,62.63,59.66,60.05
02/25/2015,58.75,62.2,58.41,61.63
02/24/2015,59.09,60.3,58.1,58.66
02/23/2015,60.3,60.67,58.37,58.9
02/20/2015,60.2,61.15,59.82,60.22
02/19/2015,59.54,60.99,57.8,60.21
02/18/2015,62.3,62.46,59.25,60.53
02/17/2015,61.68,63,60.27,62.53
02/16/2015,61.49,62.57,60.71,61.4
02/13/2015,59.27,61.77,59.08,61.52
02/12/2015,56.33,59.91,56.07,59.28
02/11/2015,58.15,58.15,55.16,55.92
02/10/2015,57.79,58.57,56.11,56.43
02/09/2015,57.93,59.61,57.3,58.34
02/06/2015,56.74,59.06,56.71,57.8
02/05/2015,54.8,57.87,53.07,56.57
02/04/2015,57.19,58.06,53.5,54.16
02/03/2015,55,59,54.84,57.91
02/02/2015,52.68,55.62,51.41,54.75
01/30/2015,49.15,53.08,48.76,52.99
01/29/2015,48.69,49.25,48.37,49.13
01/28/2015,49.1,49.72,48.29,48.47
01/27/2015,48.25,49.99,47.67,49.6
01/26/2015,48.56,49.29,47.57,48.16
01/23/2015,49.11,49.8,48.55,48.79
01/22/2015,48.6,50.45,48.02,48.52
01/21/2015,48.29,49.59,48.21,49.03
01/20/2015,48.91,49.48,47.78,47.99
01/19/2015,50.1,50.35,48.68,48.84
01/16/2015,48.25,50.41,48.07,50.17
01/15/2015,49.6,52.42,48.07,48.27
01/14/2015,48,50.37,46.78,49.86
01/13/2015,48.3,48.5,46.4,47.82
01/12/2015,51.09,51.12,48.44,48.7
01/09/2015,51.25,51.44,48.9,50.11
01/08/2015,51.06,51.91,49.81,50.96
01/07/2015,51.15,51.84,49.66,51.15
01/06/2015,53.2,53.6,50.52,51.1
01/05/2015,56.25,56.3,52.66,53.11
01/02/2015,58.02,58.54,55.48,56.42
12/31/2014,57.35,57.68,55.81,57.33
12/30/2014,57.93,58.39,56.74,57.9
12/29/2014,59.65,60.43,57.37,57.88
12/24/2014,61.63,61.71,59.37,60.24
12/23/2014,60.24,62.14,59.84,61.69
12/22/2014,61.99,62.97,59.84,60.11
12/19/2014,59.85,62.66,59.05,61.38
12/18/2014,60.94,63.7,59.17,59.27
12/17/2014,59.9,63.4,58.71,61.18
12/16/2014,60.87,61.25,58.5,60.01
12/15/2014,61.84,63.48,60.4,61.21
12/12/2014,63.01,63.66,61.35,61.85
12/11/2014,64.47,65.13,63.05,63.68
12/10/2014,66.25,66.36,63.56,64.24
12/09/2014,66,67.04,65.29,66.84
12/08/2014,68.79,68.79,65.93,66.19
12/05/2014,69.53,69.82,68.1,69.07
12/04/2014,70.15,70.6,68.81,69.64
12/03/2014,70.95,71.46,69.5,69.92
12/02/2014,72.51,73.03,70.4,70.54
12/01/2014,70.15,73.02,67.53,72.54
11/28/2014,72.58,73.41,69.78,70.15
11/27/2014,77.4,77.46,71.25,72.58
11/26/2014,78.28,78.86,77.3,77.75
11/25/2014,79.45,80.44,78.05,78.33
11/24/2014,80.5,80.85,79.4,79.68
11/21/2014,79.95,81.61,79.07,80.36
11/20/2014,78.16,79.95,77.56,79.33
11/19/2014,78.41,79.45,78.04,78.1
11/18/2014,79.01,79.95,78.21,78.47
11/17/2014,79.5,79.6,77.94,79.31
11/14/2014,77.67,79.75,76.76,79.41
11/13/2014,80.72,81.01,77.29,77.49
11/12/2014,82,82.4,80.5,81.12
11/11/2014,82.13,82.38,80.46,81.67
11/10/2014,83.26,84.97,81.88,82.34
11/07/2014,82.67,83.86,82.16,83.39
11/06/2014,83.1,83.27,82.05,82.86
11/05/2014,82.78,84.45,81.63,82.95
11/04/2014,84.21,84.43,82.08,82.82
11/03/2014,85.85,86.4,84.01,84.78
10/31/2014,86.02,86.25,84.6,85.86
10/30/2014,86.93,87.1,85.71,86.24
10/29/2014,86.1,87.94,86.06,87.12
10/28/2014,85.5,86.38,85.08,86.03
10/27/2014,86.08,86.25,84.55,85.83
10/24/2014,86.78,86.78,85.29,86.13
10/23/2014,84.71,87.19,84.12,86.83
10/22/2014,86.46,87.07,84.47,84.71
10/21/2014,85.13,86.49,85.1,86.22
10/20/2014,86.35,86.7,84.41,85.4
10/17/2014,86.5,87.34,85.49,86.16
10/16/2014,83.36,88,82.93,85.82
10/15/2014,85.96,86.02,83.38,84.12
10/14/2014,88.75,89.28,84.83,85.41
10/13/2014,90.4,90.57,87.1,89.41
10/10/2014,89.56,90.86,88.35,90.58
10/09/2014,92.02,92.23,88.77,90.37
10/08/2014,91.89,91.89,90.57,91.38
10/07/2014,92.81,92.99,91.4,92.11
10/06/2014,91.9,93.21,91.25,92.79
10/03/2014,93.75,94.06,91.48,92.31
10/02/2014,94.3,94.37,91.55,93.42
10/01/2014,94.77,96.23,93.78,94.16
09/30/2014,97.15,97.8,94.24,94.67
09/29/2014,96.81,97.34,96.27,97.2
09/26/2014,97.11,97.5,96.46,97
09/25/2014,97.03,97.56,96.22,97
09/24/2014,96.89,97.33,95.6,96.95
09/23/2014,96.91,97.59,96.55,96.85
09/22/2014,98.5,98.5,96.38,96.97
09/19/2014,97.65,98.49,97.18,98.39
09/18/2014,98.69,99.14,97.42,97.7
09/17/2014,98.95,99.61,98.51,98.97
09/16/2014,97.96,99.45,97.44,99.05
09/15/2014,97.73,98.4,97.02,97.88
09/12/2014,98.92,99.59,97.67,97.96
09/11/2014,98.81,99.25,97.48,98.86
09/10/2014,99.35,99.47,97.6,98.04
09/09/2014,100.2,100.62,99.03,99.16
09/08/2014,100.8,101,99.36,100.2
09/05/2014,101.87,102.44,100.35,100.82
09/04/2014,102.41,102.95,101.7,101.83
09/03/2014,100.4,103.13,100.4,102.77
09/02/2014,102.64,102.86,100.17,100.34
09/01/2014,102.95,103.3,102.56,102.79
08/29/2014,102.51,103.3,102.49,103.19
08/28/2014,102.54,103.2,102.25,102.46
08/27/2014,102.42,103.07,102.05,102.72
08/26/2014,102.71,103.4,102.35,102.5
08/22/2014,102.67,102.83,102,102.29
08/21/2014,102.14,102.79,101.21,102.63
08/20/2014,101.5,102.37,101.44,102.28
08/19/2014,101.62,102.07,101.07,101.56
08/18/2014,103.21,103.3,101.11,101.6
08/15/2014,102.05,103.76,102.05,103.53
08/14/2014,104.9,105.09,101.91,102.07
08/13/2014,103.73,105.13,103.26,105.06
08/12/2014,105.17,105.35,103.49,103.89
08/11/2014,105,105.43,104.35,104.68
08/08/2014,105.67,106.85,104.67,105.02
08/07/2014,104.64,105.92,104.16,105.44
08/06/2014,104.88,105.44,104.54,104.59
08/05/2014,105.5,105.65,104.07,104.61
08/04/2014,104.82,105.71,104.52,105.41
08/01/2014,105.6,106.12,104.39,104.84
07/31/2014,106.06,106.59,105.41,106.02
07/30/2014,107.5,107.86,105.84,106.51
07/29/2014,107.46,108.05,107.13,107.72
07/28/2014,108.3,108.38,107.01,107.57
07/25/2014,107.2,108.46,106.73,108.39
07/24/2014,108.15,108.21,106.83,107.07
07/23/2014,106.87,108.25,106.87,108.03
07/22/2014,107.8,108.4,106.83,107.33
07/21/2014,107.15,107.87,106.79,107.68
07/18/2014,108.5,108.62,106.94,107.24
07/17/2014,107.13,108.6,106.8,107.89
07/16/2014,106.81,107.96,106.75,107.17
07/15/2014,107.51,107.69,105.59,106.88
07/14/2014,107.22,108.12,106.92,107.71
07/11/2014,108.94,109.08,106.96,107.26
07/10/2014,108.3,109.2,107.98,109.01
07/09/2014,108.96,109.13,108.31,108.47
07/08/2014,110,110.16,108.69,108.94
07/07/2014,110.65,110.92,109.88,110.24
07/04/2014,111.05,111.29,110.56,110.64
07/03/2014,111,111.17,110.53,111
07/02/2014,112.19,112.42,110.92,111.24
07/01/2014,112.5,112.83,111.85,112.29
06/30/2014,113.3,113.3,112.16,112.36
06/27/2014,113.07,113.71,112.9,113.3
06/26/2014,114.24,114.29,113,113.21
06/25/2014,114.31,114.65,113.23,114
06/24/2014,113.9,114.83,113.55,114.46
06/23/2014,114.99,115.66,113.86,114.12
06/20/2014,114.92,115.11,114.43,114.81
06/19/2014,114.22,115.71,114.15,115.06
06/18/2014,113.46,114.54,113.05,114.26
06/17/2014,112.97,113.8,112.16,113.45
06/16/2014,112.73,113.28,112.33,112.94
06/13/2014,113.75,114.69,112.75,113.41
06/12/2014,110.09,113.34,110,113.02
06/11/2014,109.61,110.25,109.44,109.95
06/10/2014,109.95,110.32,109.1,109.52
06/09/2014,108.68,110.16,108.55,109.99
06/06/2014,108.85,109.31,108.46,108.61
06/05/2014,108.13,108.96,107.77,108.79
06/04/2014,108.89,109.5,108.07,108.4
06/03/2014,108.8,108.98,108.32,108.82
06/02/2014,109.7,109.87,108.62,108.83
05/30/2014,110.02,110.13,109.22,109.41
05/29/2014,109.89,110.46,109.72,109.97
05/28/2014,110.22,110.4,109.41,109.81
05/27/2014,110.35,110.8,109.71,110.02
05/23/2014,110.38,110.7,110.25,110.54
05/22/2014,110.49,111.04,110.17,110.36
05/21/2014,109.76,110.73,109.7,110.55
05/20/2014,109.33,110,109.1,109.69
05/19/2014,109.82,110.33,109.3,109.37
05/16/2014,108.96,110.05,108.88,109.75
05/15/2014,109.31,109.65,108.83,109.09
05/14/2014,108.65,109.55,108.63,109.31
05/13/2014,107.6,108.75,107.44,108.54
05/12/2014,107.25,108.17,107.25,107.79
05/09/2014,108.08,109.02,107.64,107.89
05/08/2014,108.07,108.15,107.38,108.04
05/07/2014,107.17,108.25,106.96,108.13
05/06/2014,107.53,108.21,106.97,107.06
05/02/2014,107.72,108.99,107.6,108.59
05/01/2014,108.08,108.12,106.85,107.76
04/30/2014,108.8,108.8,107.55,108.07
04/29/2014,108.13,109.37,108,108.98
04/28/2014,109.5,110.2,107.86,108.12
04/25/2014,110.33,110.63,109.25,109.58
04/24/2014,109.22,110.65,109.07,110.33
04/23/2014,109.5,109.54,108.6,109.11
04/22/2014,109.94,109.99,108.53,109.27
04/17/2014,109.6,110.19,109.08,109.53
04/16/2014,109.43,110.36,109,109.6
04/15/2014,108.83,109.75,108.33,109.36
04/14/2014,107.23,109.14,107.23,109.07
04/11/2014,107.45,107.92,107.06,107.4
04/10/2014,107.75,107.91,107.33,107.52
04/09/2014,107.54,108.12,107.1,107.95
04/08/2014,105.97,107.85,105.78,107.67
04/07/2014,106.35,106.63,105.13,105.82
04/04/2014,106.17,107.04,106.1,106.72
04/03/2014,104.59,106.32,104.45,106.15
04/02/2014,105.32,105.85,103.95,104.79
04/01/2014,107.66,107.8,105.1,105.62
03/31/2014,108,108.33,107.05,107.76
03/28/2014,107.73,108.39,107.62,108.07
03/27/2014,107,107.99,106.77,107.83
03/26/2014,106.97,107.35,106.48,107.03
03/25/2014,106.59,107.48,106.44,106.99
03/24/2014,107.01,107.5,106.45,106.81
03/21/2014,106.22,107.77,106.01,106.92
03/20/2014,105.9,106.75,105.41,106.45
03/19/2014,106.6,106.87,105.71,105.85
03/18/2014,106.4,106.85,105.85,106.79
03/17/2014,108.55,108.6,106.16,106.24
03/14/2014,106.85,108.5,106.75,108.21
03/13/2014,107.6,107.79,106.5,106.92
03/12/2014,107.6,107.84,106.92,107.35
03/11/2014,107.88,108.7,107.83,108.55
03/10/2014,108.73,108.85,107.75,108.08
03/07/2014,108.3,109.09,107.82,109
03/06/2014,107.66,108.54,107.37,108.1
03/05/2014,109.17,109.36,107.55,107.76
03/04/2014,111.16,111.32,109,109.3
03/03/2014,109.44,112.39,109.26,111.2
02/28/2014,108.85,109.34,108.4,109.07
02/27/2014,109.41,109.45,108.65,108.96
02/26/2014,109.56,109.97,109.2,109.52
02/25/2014,110.64,110.64,109.42,109.51
02/24/2014,109.65,110.77,109.5,110.64
02/21/2014,110.5,110.5,109.35,109.85
02/20/2014,110.39,110.49,109.58,110.3
02/19/2014,110.55,110.82,110.02,110.47
02/18/2014,109.07,110.7,108.84,110.46
02/17/2014,109.13,109.4,108.64,109.18
02/14/2014,108.58,109.25,107.85,109.08
02/13/2014,108.2,108.74,107.64,108.52
02/12/2014,108.24,109,108.07,108.35
02/11/2014,107.72,108.63,107.72,108.18
02/10/2014,109.75,109.75,108.4,108.63
02/07/2014,107.32,109.74,106.88,109.57
02/06/2014,106.28,107.48,106.15,107.19
02/05/2014,106.09,106.44,105.58,106.25
02/04/2014,105.85,106.23,105.49,105.78
02/03/2014,106.4,106.72,105.4,106.04
01/31/2014,107.75,107.94,106.3,106.4
01/30/2014,107.85,108.4,107.65,107.95
01/29/2014,107.36,108.05,106.93,107.85
01/28/2014,106.86,107.79,106.76,107.41
01/27/2014,107.91,108.09,106.45,106.69
01/24/2014,107.58,108.03,106.23,107.88
01/23/2014,108.14,108.28,107.37,107.58
01/22/2014,106.9,108.33,106.78,108.27
01/21/2014,106.35,108,106.28,106.73
01/20/2014,106.28,106.65,105.81,106.35
01/17/2014,105.55,106.95,105.44,106.48
01/16/2014,106.11,106.4,105.46,105.75
01/15/2014,105.27,106.72,105.06,106.27
01/14/2014,105.87,106.3,105.22,105.6
01/13/2014,106.61,106.96,105.63,105.97
01/10/2014,105.91,106.89,105.5,106.61
01/09/2014,107.35,108.2,106.12,106.39
01/08/2014,107.49,107.95,107,107.15
01/07/2014,107.03,107.72,106.88,107.35
01/06/2014,106.8,107.96,106.58,106.73
01/03/2014,107.88,108.64,106.79,106.89
01/02/2014,111,111.35,107.65,107.78
12/31/2013,111.18,111.52,110.4,110.8
12/30/2013,112.2,112.64,110.9,111.21
12/27/2013,111.95,112.8,111.5,112.18
12/24/2013,111.61,112.06,111.42,111.9
12/23/2013,111.55,111.93,111.27,111.56
12/20/2013,110.09,111.89,109.87,111.77
12/19/2013,109.25,110.53,109.14,110.29
12/18/2013,108.33,109.73,107.8,109.63
12/17/2013,109.2,109.41,108.2,108.44
12/16/2013,108.55,110.4,108.53,109.41
12/13/2013,108.22,108.62,107.61,108.32
12/12/2013,109.52,109.98,108.44,108.67
12/11/2013,109.45,109.89,108.62,109.7
12/10/2013,109.31,110.45,108.55,109.38
12/09/2013,111.69,111.79,109,109.39
12/06/2013,111.07,112.06,110.94,111.61
12/05/2013,111.65,112.23,110.76,110.98
12/04/2013,112.91,113.02,111.46,111.88
12/03/2013,111.53,112.93,111.04,112.62
12/02/2013,109.6,112.34,109.28,111.45
11/29/2013,111.04,111.5,109.62,109.69
11/28/2013,111.4,111.55,110.61,110.86
11/27/2013,111,111.65,110.51,111.31
11/26/2013,111.08,111.49,110.41,110.88
11/25/2013,109,111.66,108.05,111
11/22/2013,110.07,111.4,109.65,111.05
11/21/2013,107.76,110.25,107.62,110.08
11/20/2013,107.2,108.38,106.51,108.06
11/19/2013,108.3,108.63,106.81,106.92
11/18/2013,108.5,108.73,107.53,108.47
11/15/2013,108.38,108.65,107.69,108.5
11/14/2013,106.83,108.95,106.83,108.28
11/13/2013,105.61,107.18,105.58,106.89
11/12/2013,106.21,107.1,105.26,105.54
11/11/2013,105.17,106.53,105.15,106.4
11/08/2013,103.53,105.38,102.98,105.12
11/07/2013,105,105.21,103.24,103.46
11/06/2013,105.64,106.41,104.82,105.24
11/05/2013,106.25,106.53,105.19,105.33
11/04/2013,105.78,106.58,105.13,106.23
11/01/2013,109.05,109.41,105.78,105.91
10/31/2013,109.69,109.87,108.55,108.84
10/30/2013,108.76,110.16,108.59,109.86
10/29/2013,109.41,109.46,108.45,109.01
10/28/2013,107.04,109.68,106.85,109.61
10/25/2013,107.09,107.39,106.27,106.93
10/24/2013,107.65,108.26,106.9,106.99
10/23/2013,109.99,110.06,107.35,107.8
10/22/2013,109.76,110.94,109.57,109.97
10/21/2013,109.96,110.19,109.21,109.64
10/18/2013,109.13,110.24,108.95,109.94
10/17/2013,110.57,110.66,108.71,109.11
10/16/2013,109.2,111.3,109.05,110.59
10/15/2013,110.31,110.48,108.84,109.42
10/14/2013,110,110.59,109.1,110.24
10/11/2013,110.93,110.98,109.73,110.42
10/10/2013,108.26,111.15,108.13,110.93
10/09/2013,109.35,109.47,107.39,108.27
10/08/2013,109.64,110.8,109.38,110.16
10/07/2013,109.21,110.17,107.89,109.68
10/04/2013,108.69,109.77,108.61,109.46
10/03/2013,108.9,109.85,108.58,109
10/02/2013,107.55,109.48,107.44,109.19
10/01/2013,108.38,108.41,106.81,107.94
09/30/2013,108.2,108.68,107.22,108.37
09/27/2013,109,109.67,108.1,108.63
09/26/2013,108,109.26,108,109.21
09/25/2013,108.73,110.09,107.89,108.32
09/24/2013,107.96,108.9,107.43,108.64
09/23/2013,109.22,109.45,107.76,108.16
09/20/2013,108.62,109.67,108.4,109.22
09/19/2013,110.92,111.26,108.52,108.76
09/18/2013,107.85,111.06,107.64,110.6
09/17/2013,109.5,110,107.41,108.19
09/16/2013,111.25,111.49,108.73,110.07
09/13/2013,111.8,111.88,110.55,111.7
09/12/2013,110.39,111.96,110,111.53
09/11/2013,109.85,111.18,109.7,110.19
09/10/2013,111.79,112.17,109.38,110.02
09/09/2013,115.93,116.18,113,113.72
09/06/2013,115.35,116.56,115.02,116.12
09/05/2013,114.95,115.55,114.29,115.26
09/04/2013,115.65,116.09,114.4,114.91
09/03/2013,114.45,116,114.06,115.68
09/02/2013,114,114.57,112.2,114.33
08/30/2013,114.2,115.53,113.63,114.01
08/29/2013,115.86,117.04,114.18,115.16
08/28/2013,115.3,117.34,114.81,116.61
08/27/2013,111.16,115.29,110.73,114.36
08/23/2013,109.9,111.23,109.77,111.04
08/22/2013,109.7,110.15,109.4,109.9
08/21/2013,110.11,110.28,109.23,109.81
08/20/2013,109.67,110.73,108.61,110.15
08/19/2013,110.53,111,109.59,109.9
08/16/2013,109.42,110.7,109.17,110.4
08/15/2013,108.9,110.05,108.9,109.6
08/14/2013,108.39,108.98,107.78,108.82
08/13/2013,107.51,108.7,107.51,108.48
08/12/2013,108.13,109.13,107.43,108.97
08/09/2013,106.81,108.32,106.6,108.22
08/08/2013,107.39,107.86,105.85,106.68
08/07/2013,108.07,108.16,107.07,107.44
08/06/2013,108.74,109.23,107.46,108.18
08/05/2013,109.09,109.44,107.55,108.7
08/02/2013,109.52,110.09,108.38,108.95
08/01/2013,107.81,109.64,107.52,109.54
07/31/2013,106.84,107.95,105.73,107.7
07/30/2013,107.45,107.56,106.54,106.91
07/29/2013,107.19,107.89,106.6,107.45
07/26/2013,107.59,107.79,106.53,107.17
07/25/2013,107.11,107.87,106.54,107.65
07/24/2013,108.44,108.6,106.25,107.19
07/23/2013,108.3,108.63,107.56,108.42
07/22/2013,108.3,108.68,107.55,108.15
07/19/2013,108.73,109.18,107.01,108.07
07/18/2013,108.63,108.87,108.03,108.7
07/17/2013,107.9,108.74,107.3,108.61
07/16/2013,108.03,108.68,107.68,108.14
07/15/2013,107.97,108.27,107.11,108.08
07/12/2013,106.64,108.2,106.61,107.93
07/11/2013,107.42,108.06,106.35,107.04
07/10/2013,107.43,107.9,106.95,107.67
07/09/2013,107.27,108.26,106.85,107.81
07/08/2013,108,108.04,106.79,107.43
07/05/2013,105.54,107.88,105.38,107.72
07/04/2013,105.85,105.99,104.91,105.54
07/03/2013,104.18,106.03,104.18,105.76
07/02/2013,102.92,104.12,102.91,104
07/01/2013,101.9,103.71,101.63,103
06/28/2013,102.76,103.44,101.87,102.16
06/27/2013,101.66,103.34,101.66,102.82
06/26/2013,101.1,101.89,100.25,101.66
06/25/2013,101,102.08,100.7,101.26
06/24/2013,100.61,101.64,99.67,101.16
06/21/2013,102.1,103.09,100.04,100.91
06/20/2013,105.62,105.62,101.75,102.15
06/19/2013,106.1,106.59,105.45,106.12
06/18/2013,105.66,106.24,105.11,106.02
06/17/2013,105.77,106.67,105.28,105.47
06/14/2013,104.95,106.64,104.46,105.93
06/13/2013,103.47,105.13,102.78,104.95
06/12/2013,102.5,104.18,102.25,103.56
06/11/2013,103.88,103.88,101.88,102.97
06/10/2013,104.56,104.76,103.66,103.95
06/07/2013,103.65,105.01,102.89,104.56
06/06/2013,102.94,103.95,102.81,103.61
06/05/2013,103.48,104.07,102.85,103.04
06/04/2013,102.02,103.58,101.47,103.24
06/03/2013,100.15,102.48,99.66,102.06
05/31/2013,102.12,102.38,100.03,100.39
05/30/2013,102.4,102.85,101.08,102.19
05/29/2013,104.32,104.37,102.17,102.43
05/28/2013,102.51,104.69,102.48,104.23
05/24/2013,102.55,102.79,101.65,102.64
05/23/2013,102.25,102.68,100.64,102.44
05/22/2013,103.52,103.79,102.22,102.6
05/21/2013,104.78,105.15,103.51,103.91
05/20/2013,104.75,105.31,103.83,104.8
05/17/2013,103.87,104.87,103.35,104.64
05/16/2013,103.6,104.28,102.74,103.78
05/15/2013,102.58,103.65,100.91,103.5
05/14/2013,102.64,102.9,101.91,102.51
05/13/2013,103.26,103.86,102.25,102.82
05/10/2013,104.35,104.45,101.56,103.91
05/09/2013,104.44,104.6,103.45,104.47
05/08/2013,104.11,104.8,103.53,104.34
05/07/2013,105.4,105.94,104,104.4
05/03/2013,102.8,104.92,102.37,104.19
05/02/2013,99.82,102.98,99.51,102.85
05/01/2013,101.82,102.33,98.76,99.95
04/30/2013,103.78,104,101.48,102.37
04/29/2013,102.79,103.94,102.57,103.81