DATE,OPEN,HIGH,LOW,Price
04/27/2023,16.78,21.36,13.37,15.27
04/26/2023,16.85,20.75,14.93,17.31
04/25/2023,15.16,23.8,15.16,16.86
04/24/2023,14.96,21.75,12.94,15.91
04/21/2023,15.34,21.88,14.39,17.32
04/20/2023,15.19,20.72,10.88,15.37
04/19/2023,14.53,21.32,12.94,14.48
04/18/2023,14.51,21.91,13.92,14.33
04/17/2023,14.66,15.93,12.92,14.32
04/14/2023,15.05,16.32,14.15,14.7
04/13/2023,15.77,20.73,13.8,15.38
04/12/2023,15.96,18.9,15.61,16.47
04/11/2023,16.69,20.6,16.16,16.62
04/10/2023,18,19.25,15.82,15.82
04/06/2023,16.92,23.14,16.56,16.63
04/05/2023,17.18,20.38,16.67,16.72
04/04/2023,16.75,21.84,16.7,16.9
04/03/2023,17.42,20.9,14.01,16.63
03/31/2023,17.76,20.44,14.71,17.55
03/30/2023,17.64,19.86,16.63,17.98
03/29/2023,17.97,21.34,16.24,18.05
03/28/2023,19.54,26.24,16.94,18.87
03/27/2023,19.29,24.5,16.95,19.2
03/24/2023,21.31,26.02,18.82,20.2
03/23/2023,19.19,22.97,18.34,20.41
03/22/2023,19.24,21.07,14.89,20.44
03/21/2023,19.86,22.79,18.31,18.87
03/20/2023,23.05,27.42,18.79,21.34
03/17/2023,19.62,26.55,19.53,22.47
03/16/2023,23.02,25.94,18.13,19.4
03/15/2023,22.14,29.87,16.76,22
03/14/2023,20.35,27.01,15.75,20.1
03/13/2023,24.68,25.31,15.85,22.66
03/10/2023,19.89,26.03,19.89,21.22
03/09/2023,17.02,24.98,16.57,23.01
03/08/2023,17.56,19.32,16.1,17.26
03/07/2023,16.85,20.26,16.54,17.55
03/06/2023,16.73,19.4,14.56,16.6
03/03/2023,17,21.42,16.13,17.99
03/02/2023,18.36,23.94,17.07,17.13
03/01/2023,17.73,20.1,16.7,18.06
02/28/2023,18.14,22.53,16.95,17.9
02/27/2023,18.27,19.96,15.39,18.02
02/24/2023,19.02,24.73,18.43,18.47
02/23/2023,18.71,24.14,16.76,18.15
02/22/2023,19.66,27.35,14.38,19.35
02/21/2023,18.59,25.15,17.29,19.56
02/17/2023,18.3,20.32,15.12,17.31
02/16/2023,16.98,28,15.84,17.74
02/15/2023,16.84,21.42,16.23,16.3
02/14/2023,17.94,22,16.7,17.01
02/13/2023,19,20.98,15.37,17.97
02/10/2023,19.05,24.75,18.26,18.49
02/09/2023,17.24,18.96,14.89,18.78
02/08/2023,16.64,18.1,15.35,17.52
02/07/2023,17.58,23.12,15.64,16.63
02/06/2023,17.75,17.92,15.26,17.21
02/03/2023,17.09,26.42,16.04,16.89
02/02/2023,16.66,22.69,14.9,17.31
02/01/2023,17.96,24.09,15.25,16.55
01/31/2023,17.99,23.16,16.72,17.77
01/30/2023,17.3,21.99,14.43,18.23
01/27/2023,17.05,24.73,13.58,16.81
01/26/2023,17.09,21.87,16.87,16.94
01/25/2023,18.14,22.86,15.53,17.12
01/24/2023,18.04,25.1,17,17.11
01/23/2023,17.95,24.24,15.05,17.56
01/20/2023,18.31,20.6,13.97,17.44
01/19/2023,18.81,21.81,17.73,18.15
01/18/2023,16.44,18.34,16.31,17.98
01/17/2023,16.86,17.71,14.22,16.51
01/13/2023,16.5,17.08,14.37,15.78
01/12/2023,17.38,18.25,16.17,16.18
01/11/2023,17.73,19.24,17.73,18.58
01/10/2023,19.36,20.84,18.02,18.02
01/09/2023,18.92,19.4,18.57,19.34
01/06/2023,19.07,27.12,15.96,18.32
01/05/2023,19.44,22.16,18.79,19.61
01/04/2023,19.98,21.21,16.44,19.22
01/03/2023,20.44,26.99,14.7,20.14
12/30/2022,20.08,22.72,15.79,19.39
12/29/2022,19.97,21.45,18.95,19.63
12/28/2022,19.75,21.91,18.77,20.2
12/27/2022,19.7,22.31,18.55,19.43
12/23/2022,19.13,20.04,15.36,18.27
12/22/2022,18.23,24.04,16.49,19.09
12/21/2022,17.74,21.79,14.25,17.72
12/20/2022,19.45,20.82,17.94,18.46
12/19/2022,19.51,24.3,11.88,19.24
12/16/2022,19.19,20.9,14.98,18.8
12/15/2022,18.21,21.75,17.72,18.63
12/14/2022,18.54,20.53,13.65,16.71
12/13/2022,17.69,22.57,16.44,18.61
12/12/2022,20.47,24.06,18.65,20.99
12/09/2022,20.6,22.23,18.88,20.88
12/08/2022,21.03,23.24,19.96,20.35
12/07/2022,20.92,22.26,20.46,20.94
12/06/2022,19.84,25.99,19.78,20.42
12/05/2022,19.96,22.9,17.15,19.86
12/02/2022,20.3,21.43,18.67,18.7
12/01/2022,19.35,22.48,17.74,19.97
11/30/2022,20.9,22.26,18.16,19.25
11/29/2022,21.47,23.92,18.1,20.7
11/28/2022,22.03,23.4,20,21.49
11/25/2022,20.64,27.36,19.8,20.36
11/23/2022,19.88,20.57,17.79,19.4
11/22/2022,20.34,20.77,18.12,19.72
11/21/2022,21.7,21.91,19.08,20.61
11/18/2022,21.25,22.43,20.1,20.91
11/17/2022,22.52,22.79,20.59,21.45
11/16/2022,22.08,22.53,20.41,21.56
11/15/2022,21.46,23.69,17.75,22.2
11/14/2022,22.43,28.78,18.62,21.87
11/11/2022,22.64,23.79,21.06,21.66
11/10/2022,22.05,23,21.76,22.77
11/09/2022,25.14,26.13,23.5,24.76
11/08/2022,23.22,25.66,22.89,24.86
11/07/2022,23.74,24.19,23.03,23.23
11/04/2022,23.02,24.05,21.95,23.05
11/03/2022,25.04,25.6,22.71,23.66
11/02/2022,24.77,27.12,21.52,24.35
11/01/2022,23.69,25.69,22.9,24.28
10/31/2022,24.89,24.96,23.63,23.78
10/28/2022,24.01,25.42,23.25,23.47
10/27/2022,24.9,25.87,23.15,24.71
10/26/2022,25.69,28.1,24.25,24.93
10/25/2022,27.08,27.31,22.95,25.72
10/24/2022,27.46,31.3,22.73,27.08
10/21/2022,26.08,28.85,23.86,26.26
10/20/2022,27.21,31.88,26.48,26.72
10/19/2022,27.96,34.44,22.81,27.24
10/18/2022,27.15,29.76,25.48,27.13
10/17/2022,27.9,29.03,26.74,27.53
10/14/2022,27.91,32.08,24.52,27.99
10/13/2022,29.31,33.31,26.4,28.31
10/12/2022,29.94,31.78,26.86,29.41
10/11/2022,29.34,34.27,28.67,32.15
10/10/2022,28.69,30.15,27.83,28.7
10/07/2022,26.88,28.31,26.2,27.86
10/06/2022,26.24,27.35,25.19,26.96
10/05/2022,27,27.09,18.34,25.86
10/04/2022,25.1,26.82,24.93,26.2
10/03/2022,24.64,27.17,24.64,25.97
09/30/2022,25.33,29.03,22.55,26.41
09/29/2022,27.52,33.93,25.75,27.24
09/28/2022,25.93,28.89,25.26,26.16
09/27/2022,26.92,29.38,23.47,27.82
09/26/2022,23.05,28.17,23.05,27.18
09/23/2022,24.48,27.48,23.4,25.46
09/22/2022,24.26,25.15,22.63,23.56
09/21/2022,23.41,26.81,14.77,24.19
09/20/2022,23.56,27.69,22.65,23.61
09/19/2022,24.08,27.68,21.34,22.65
09/16/2022,24.25,25.64,15.39,22.78
09/15/2022,22.92,29.38,21.76,23.14
09/14/2022,23.07,24.3,14.07,22.57
09/13/2022,20.86,29.18,20.45,23.03
09/12/2022,19.45,24.76,19.1,20.12
09/09/2022,20.05,20.78,19.45,20.12
09/08/2022,21.79,23.23,18.95,20.64
09/07/2022,23.61,25.38,20.03,21.79
09/06/2022,22.81,24.8,22.08,23.58
09/02/2022,20.47,23.71,18.11,22.39
09/01/2022,23.61,24.09,21.25,22.24
08/31/2022,22.98,27.59,20.24,23.02
08/30/2022,22.98,27.64,22.22,23.16
08/29/2022,23.92,23.92,21.84,23.43
08/26/2022,18.84,22.62,15.56,22.36
08/25/2022,20.06,22.58,18.1,18.83
08/24/2022,20.48,23.46,17.72,19.9
08/23/2022,20.31,22.13,17.28,20.6
08/22/2022,19.28,22.14,15.16,20.18
08/19/2022,17.59,18.09,14.91,17.44
08/18/2022,17.36,19.73,16.08,19.73
08/17/2022,17.3,18.06,15.04,17.26
08/16/2022,16.95,17.79,13.24,16.69
08/15/2022,17.38,17.79,16.49,16.82
08/12/2022,16.72,18,16.19,16.52
08/11/2022,16.56,18.54,16.06,16.97
08/10/2022,16.88,18.52,16.28,16.52
08/09/2022,18.39,19.14,17.57,18.41
08/08/2022,17.8,21.94,15.96,18.25
08/05/2022,18,21.44,15.59,17.54
08/04/2022,18.8,20.2,16.62,18
08/03/2022,19.39,20.21,17.19,18.33
08/02/2022,20.15,21.59,18.28,20.19
08/01/2022,19.04,19.76,17.15,18.95
07/29/2022,17.87,21.04,16.26,17.84
07/28/2022,19.14,21.67,17.68,18.5
07/27/2022,20.58,20.7,16.77,19.61
07/26/2022,19.08,22.25,19.08,21.08
07/25/2022,19.79,21.6,17.75,19.6
07/22/2022,19.55,21.32,18.98,19.49
07/21/2022,20.96,21.63,18.79,19.38
07/20/2022,21.14,21.66,16.58,21.06
07/19/2022,20.44,22.26,19.67,21.34
07/18/2022,20.43,23.12,18.19,22
07/15/2022,21.85,25.76,17.6,21.12
07/14/2022,25.06,26.07,15.6,23.59
07/13/2022,21.04,29.91,21.04,23.72
07/12/2022,22.85,23.89,18.05,23.52
07/11/2022,22.73,22.85,18.11,22.21
07/08/2022,22.61,22.68,20.03,20.83
07/07/2022,22.68,23.02,21.38,22.87
07/06/2022,23.6,24.24,21.85,23.08
07/05/2022,25.72,25.91,22.64,23.46
07/01/2022,21.02,24.82,18.66,18.66
06/30/2022,24.37,25.36,17.8,17.81
06/29/2022,23.79,24.68,20.72,23.74
06/28/2022,22.9,25.38,22.33,25.38
06/27/2022,22.06,24.45,20.99,21.09
06/24/2022,24.42,24.5,22.74,22.82
06/23/2022,25.23,26.04,23.94,25.05
06/22/2022,25.18,26.86,22.04,25.02
06/21/2022,25.22,25.86,20.64,25.73
06/17/2022,25.61,31.27,20.76,25.84
06/16/2022,27.1,32.49,20.66,27.85
06/15/2022,25.85,32.05,20.49,24.9
06/14/2022,27.31,37.57,23.14,27.31
06/13/2022,25.69,30.31,22.06,26.48
06/10/2022,21.72,24.06,17.71,21.37
06/09/2022,18.76,22.83,18.76,21.72
06/08/2022,20.5,21.1,19.2,19.81
06/07/2022,21.64,21.84,19.52,19.73
06/06/2022,18.74,21.11,16.45,20.57
06/03/2022,20.44,21.01,17.79,20.68
06/02/2022,21.31,21.76,19.4,20.44
06/01/2022,19.3,22.29,18.45,21.31
05/31/2022,21.04,25,17.65,19.3
05/27/2022,21.69,21.86,18.67,21.1
05/26/2022,22.12,22.84,18.2,21.7
05/25/2022,24.66,25.32,21.1,22.11
05/24/2022,22.86,25.94,20.21,24.66
05/23/2022,23.62,24.43,21.69,22.86
05/20/2022,23.03,26.11,19.74,23.62
05/19/2022,28.73,28.73,20.79,23.42
05/18/2022,23.3,28.84,21.95,28.71
05/17/2022,24.82,26.06,20.05,23.3
05/16/2022,24.83,27.89,22.7,24.82
05/13/2022,24.62,27.74,23.46,24.83
05/12/2022,24.22,29.55,22.19,24.62
05/11/2022,23.79,26.98,22.43,24.22
05/10/2022,24.78,27.81,23.43,23.79
05/09/2022,24.26,29.05,24.26,24.78
05/06/2022,24.37,27.35,23.51,24.25
05/05/2022,15.55,25,15.55,24.37
05/04/2022,23.86,26.27,14.12,15.57
05/03/2022,23.64,27.49,21.27,23.86
05/02/2022,24.51,29.18,22.35,23.64
04/29/2022,20.93,27.05,15.5,24.51
04/28/2022,24.18,29.5,15.46,20.93
04/27/2022,28.18,30.63,21.19,24.18
04/26/2022,23.64,28.3,22.33,28.17
04/25/2022,24.63,27.25,23.56,23.64
04/22/2022,20,24.74,17.81,24.63
04/21/2022,17.61,20.34,16.22,20
04/20/2022,18.69,18.69,15.39,17.6
04/19/2022,19.41,20.09,15.63,18.78
04/18/2022,20.23,23.22,15.9,19.41
04/14/2022,23.34,23.34,3.27,20.23
04/13/2022,22.77,30.01,17.93,23.34
04/12/2022,21.1,22.88,15.77,22.77
04/11/2022,19.53,25.72,17.23,21.1
04/08/2022,20.03,22.48,16.18,19.53
04/07/2022,20.08,21.89,15.64,20.04
04/06/2022,19.62,27.18,17.71,20.1
04/05/2022,17.38,19.88,16.59,19.62
04/04/2022,17.81,19.31,16.42,17.38
04/01/2022,18.83,19.28,15.58,18.27
03/31/2022,17.96,21.18,17.5,18.8
03/30/2022,17.72,18.65,16.12,17.96
03/29/2022,18.13,22.21,16.85,17.7
03/28/2022,18.8,21.06,15.5,18.13
03/25/2022,19.31,19.8,15.96,18.83
03/24/2022,20.86,20.98,18.52,19.31
03/23/2022,19.94,22.57,19.94,20.86
03/22/2022,21.16,21.16,19.66,19.92
03/21/2022,21.07,22.85,20.09,21.16
03/18/2022,21.91,24.64,18.02,21.07
03/17/2022,23.06,25.72,21.28,21.91
03/16/2022,26.71,26.71,21.3,23.07
03/15/2022,28.69,28.75,26.52,26.69
03/14/2022,27.37,32.48,27.16,28.69
03/11/2022,27.33,27.65,22.67,27.35
03/10/2022,28.85,29.58,23.09,27.34
03/09/2022,31.69,31.69,28.07,28.86
03/08/2022,32.08,38.4,26.47,31.69
03/07/2022,27.91,33.91,27.91,32.07
03/04/2022,27.19,32.58,27.19,27.91
03/03/2022,26.91,29.45,24.84,27.2
03/02/2022,30.07,30.07,22.8,26.91
03/01/2022,27.34,31.01,24.91,30.08
02/28/2022,25.11,28.31,24.58,27.34
02/25/2022,27.56,27.56,24.67,25.07
02/24/2022,27.73,45.37,27.25,27.49
02/23/2022,26.82,29.12,25.89,27.73
02/22/2022,26.08,28.34,26.08,26.82
02/18/2022,26.1,27.18,21.55,26.08
02/17/2022,22.39,26.45,22.39,26.1
02/16/2022,23.18,24.95,22.11,22.39
02/15/2022,26.88,26.88,23.15,23.15
02/14/2022,25.67,29.07,24.63,26.88
02/11/2022,22.36,26.76,21.57,25.67
02/10/2022,19.44,22.57,19.04,22.36
02/09/2022,20.37,20.37,17.63,19.44
02/08/2022,21.96,22.61,19.39,20.38
02/07/2022,21.62,22.65,19.62,21.96
02/04/2022,22.58,24.06,19.89,21.62
02/03/2022,20.1,24.78,18.97,22.57
02/02/2022,20.57,21.39,17.44,20.16
02/01/2022,23.21,23.47,20.15,20.57
01/31/2022,24.51,26.17,22.96,23.27
01/28/2022,28.24,29.36,21.01,24.51
01/27/2022,29.18,30.03,25.59,27.87
01/26/2022,28.2,38.94,19.02,29.22
01/25/2022,26.89,36.99,24.79,28.2
01/24/2022,25.49,37.91,23.56,26.89
01/21/2022,23.99,28.15,19.44,25.49
01/20/2022,21.87,24,16.37,23.99
01/19/2022,21.35,22.37,20.07,21.87
01/18/2022,17.95,21.35,17.95,21.35
01/14/2022,18.37,19.83,13.41,17.95
01/13/2022,16.4,18.88,15.82,18.37
01/12/2022,17.27,17.61,16.38,16.4
01/11/2022,18.73,21.08,16.78,17.27
01/10/2022,18.68,22.03,18.29,18.73
01/07/2022,19.89,20.26,18.65,18.68
01/06/2022,19.09,21.36,18.14,19.87
01/05/2022,17.52,19.97,16.35,19.1
01/04/2022,17.41,18.15,17.26,17.52
01/03/2022,17.57,19.58,17.38,17.41
12/31/2021,17.7,18.07,17.41,17.57
12/30/2021,17.53,21.48,16.7,17.7
12/29/2021,18.13,23.1,17.25,17.53
12/28/2021,17.62,18.92,17.23,18.13
12/27/2021,17.29,19.18,17.29,17.62
12/24/2021,17.29,17.29,17.29,17.29
12/23/2021,18.09,18.09,16.74,17.29
12/22/2021,20.5,20.5,17.95,18.09
12/21/2021,22.91,22.91,19.84,20.5
12/20/2021,21.68,29.04,20.95,22.91
12/17/2021,19.87,28.06,19.87,21.67
12/16/2021,20.44,21.11,17.94,19.87
12/15/2021,20,27.71,15.48,20.45
12/14/2021,18.71,21.93,18.01,20
12/13/2021,18.79,26.78,18.28,18.71
12/10/2021,21,21,18.79,18.79
12/09/2021,21.46,21.46,19.92,21
12/08/2021,22.76,23.13,20.38,21.46
12/07/2021,26.5,26.5,21.11,22.77
12/06/2021,29.85,33.16,25.77,26.5
12/03/2021,27.8,33.06,24.75,29.85
12/02/2021,28.13,31.67,22.63,27.81
12/01/2021,26.28,28.47,22.29,28.09
11/30/2021,22.78,31.7,22.78,26.22
11/29/2021,24.49,25.91,22.4,22.78
11/26/2021,17.5,31.15,17.5,24.49
11/24/2021,17.86,18.98,14.56,17.5
11/23/2021,17.4,19.38,15.77,17.86
11/22/2021,17.45,19.08,16.34,17.4
11/19/2021,16.21,17.51,16.21,17.45
11/18/2021,16.01,16.4,15.56,16.2
11/17/2021,14.95,15.99,14.95,15.99
11/16/2021,15.45,16.76,14.66,14.95
11/15/2021,15.9,16.23,15.45,15.45
11/12/2021,16.29,16.29,15.5,15.9
11/11/2021,17.49,17.49,16.21,16.28
11/10/2021,16.58,17.65,16.39,17.49
11/09/2021,15.76,16.89,15.44,16.58
11/08/2021,14.65,16.04,14.65,15.76
11/05/2021,14.65,14.65,14.65,14.65
11/04/2021,14.86,15.1,14.62,14.65
11/03/2021,15.56,21.22,14.82,14.86
11/02/2021,16.1,16.13,14.47,15.56
11/01/2021,15.76,17.15,15.76,16.1
10/29/2021,15.42,16.19,15.27,15.76
10/28/2021,16.08,17.84,14.68,15.42
10/27/2021,16,18.6,15.61,16.08
10/26/2021,15.34,19.89,14.96,16
10/25/2021,14.94,16.04,14.94,15.34
10/22/2021,14.35,15.91,13.87,14.94
10/21/2021,14.97,15.58,14.17,14.41
10/20/2021,15.23,15.27,12.68,14.97
10/19/2021,16.07,16.07,15.17,15.23
10/18/2021,14.9,17.04,14.9,16.07
10/15/2021,15.53,19.32,12.95,14.9
10/14/2021,17.79,17.79,15.21,15.53
10/13/2021,18.94,19.97,12.63,17.79
10/12/2021,19.16,21.87,18.13,18.94
10/11/2021,19.35,19.35,16.83,19.16
10/08/2021,19.84,19.84,18.79,19.34
10/07/2021,21.34,22.65,19.22,19.83
10/06/2021,21.87,24.82,21.33,21.33
10/05/2021,22.85,25.08,19.9,21.85
10/04/2021,20.66,26.49,20.66,22.85
10/01/2021,23.14,30.32,20.39,20.64
09/30/2021,21.57,24.84,20.68,23.14
09/29/2021,24.63,31.16,19.89,21.57
09/28/2021,18.4,22.55,18.4,21.73
09/27/2021,17.28,18.57,16.29,18.4
09/24/2021,17.84,19.69,17.28,17.39
09/23/2021,20.08,20.08,17.74,17.9
09/22/2021,23.11,23.94,19.48,20.06
09/21/2021,23.78,24.02,21.43,23.12
09/20/2021,18.81,26.27,18.81,23.78
09/17/2021,17.59,22.18,13.8,18.81
09/16/2021,17.35,19.33,17.23,17.59
09/15/2021,18.72,19.3,16.5,17.36
09/14/2021,17.52,20.4,17.13,18.72
09/13/2021,18.04,18.79,17.06,17.52
09/10/2021,17.21,18.27,15.94,17.98
09/09/2021,16.73,17.4,15.39,17.21
09/08/2021,15.49,17.87,15.49,16.73
09/07/2021,14.56,16.69,14.56,15.49
09/03/2021,14.78,19.87,14.2,14.56
09/02/2021,14.96,22.09,14.38,14.78
09/01/2021,14.88,16.74,14.43,14.97
08/31/2021,14.98,15.7,12.07,14.88
08/30/2021,15.08,15.82,14.68,14.98
08/27/2021,17.21,17.21,12.79,15.07
08/26/2021,15.48,19.14,15.48,17.21
08/25/2021,16.12,21.13,15.44,15.48
08/24/2021,16.57,16.63,15.96,16.12
08/23/2021,18.62,18.62,16.36,16.57
08/20/2021,19.55,21.12,18.44,18.6
08/19/2021,20.41,22.1,17.3,19.55
08/18/2021,17.91,31.05,16.02,20.41
08/17/2021,16.51,19.7,16.51,17.91
08/16/2021,15.77,20.72,15.77,16.51
08/13/2021,15.79,16.01,15.55,15.77
08/12/2021,16.33,16.9,15.79,15.79
08/11/2021,17.17,17.17,16.1,16.33
08/10/2021,17.32,17.35,16.7,17.17
08/09/2021,16.39,21.07,16.39,17.32
08/06/2021,16.93,16.93,16,16.39
08/05/2021,17.95,19.43,16.93,16.93
08/04/2021,17.52,21.07,17.52,17.96
08/03/2021,18.54,21.1,16.84,17.52
08/02/2021,17.88,19.97,17.73,18.54
07/30/2021,17.11,24.94,16.68,17.88
07/29/2021,17.89,25.66,17.02,17.11
07/28/2021,18.88,21.83,17.44,17.89
07/27/2021,17.55,19.9,16.96,18.88
07/26/2021,12.99,19.73,12.99,17.55
07/25/2021,12.99,12.99,12.99,12.99
07/23/2021,17.48,20.94,16.59,19.73
07/22/2021,17.91,18.2,17.07,17.48
07/21/2021,18.97,21.92,17.54,17.91
07/20/2021,21.27,26.53,15.37,18.97
07/19/2021,15.3,29.15,15.3,21.27
07/16/2021,15.47,16.56,13.45,15.3
07/15/2021,15.51,17.12,14.13,15.47
07/14/2021,2.71,16.9,2.71,15.51
07/13/2021,14.86,17.81,2.67,2.71
07/12/2021,12.45,17.28,10.73,14.86
07/09/2021,17.34,17.34,12.45,12.45
07/08/2021,14.27,19.57,14.27,17.34
07/07/2021,17.89,18.04,13.28,14.27
07/06/2021,13.66,19.34,13.66,17.89
07/02/2021,14.06,15.93,10.98,13.66
07/01/2021,14.76,16.05,11.59,14.06
06/30/2021,15.34,18.71,14.48,14.76
06/29/2021,15.11,15.67,14.65,15.32
06/28/2021,14.49,15.57,14.33,15.11
06/25/2021,15.32,21.33,14.32,14.49
06/24/2021,16.26,16.26,14.84,15.33
06/23/2021,16.34,18.24,13.94,16.26
06/22/2021,17.13,20.82,16.33,16.34
06/21/2021,19.09,19.71,17.11,17.13
06/18/2021,15.74,26.33,15.74,19.09
06/17/2021,15.17,20.83,13.62,15.74
06/16/2021,14.59,18.38,12.46,15.17
06/15/2021,14.43,19.3,14.43,14.59
06/14/2021,14.14,14.7,13.99,14.43
06/11/2021,14.78,14.78,12.65,14.14
06/10/2021,15.6,17.61,14.39,14.78
06/09/2021,15.23,17.87,15.17,15.6
06/08/2021,15.22,16.59,14.93,15.23
06/07/2021,14.84,17.16,14.84,15.22
06/04/2021,15.88,15.88,14.8,14.84
06/03/2021,15.3,17.91,14.45,15.88
06/02/2021,17.95,20.88,15.11,15.3
06/01/2021,14.82,18.37,14.04,17.95
05/28/2021,15.46,16.14,14.67,14.82
05/27/2021,15.81,16.28,13.96,15.46
05/26/2021,16.61,16.67,15.69,15.81
05/25/2021,16.88,21.98,16.32,16.61
05/24/2021,17.56,19.94,16.88,16.88
05/21/2021,18.28,21.57,17.39,17.56
05/20/2021,19.42,19.94,18.05,18.28
05/19/2021,18.24,22.43,18.24,19.42
05/18/2021,17.61,22.77,17.07,18.24
05/17/2021,17.31,19.58,17.31,17.61
05/14/2021,19.97,19.97,16.73,17.31
05/13/2021,25.36,25.36,19.47,19.97
05/12/2021,19.3,25.68,13.15,25.36
05/11/2021,17.19,24.69,13.91,19.3
05/10/2021,15.19,26.17,15.19,17.19
05/07/2021,18.03,18.03,14.82,15.19
05/06/2021,16.12,18.03,15.24,18.03
05/05/2021,16.9,22.2,15.54,16.12
05/04/2021,16.09,21.53,16.09,16.9
05/03/2021,16.21,19.18,14.6,16.09
04/30/2021,16.26,24.59,15.87,16.21
04/29/2021,16.59,24.81,16.09,16.26
04/28/2021,16.73,20.77,16.26,16.59
04/27/2021,16.6,22.44,16.44,16.73
04/26/2021,16.36,20.42,16.36,16.6
04/23/2021,17.38,21.92,16.14,16.36
04/22/2021,16.13,21.79,16,17.38
04/21/2021,16.7,21.02,15.83,16.13
04/20/2021,15.32,26,15.32,16.7
04/19/2021,14.44,20.1,11.76,15.32
04/16/2021,15.43,19.03,9.96,14.41
04/15/2021,15.9,26.69,15.42,15.43
04/14/2021,16.08,19.58,15.18,15.9
04/13/2021,15.74,27.15,15.08,16.08
04/12/2021,16.21,20.65,14.34,15.74
04/09/2021,16.35,20.51,16.05,16.21
04/08/2021,16.54,20.07,16.34,16.35
04/07/2021,16.77,18.01,16.5,16.54
04/06/2021,17.15,19.11,16.7,16.77
04/05/2021,17.17,19.89,16.96,17.15
04/02/2021,17.17,17.17,17.17,17.17
04/01/2021,17.82,19.29,15.48,17.17
03/31/2021,17.99,29.73,17.63,17.82
03/30/2021,21.89,26.55,17.77,17.99
03/29/2021,17.66,29.84,17.66,21.89
03/26/2021,18.56,24.97,17.58,17.66
03/25/2021,19.4,28.17,18.39,18.56
03/24/2021,18.9,22.62,17.25,19.4
03/23/2021,18.37,26.42,17.64,18.9
03/22/2021,19.1,26.47,18.04,18.37
03/19/2021,19.83,34.34,17.29,19.1
03/18/2021,18.58,27.22,18.58,19.83
03/17/2021,18.8,23.77,16.45,18.58
03/16/2021,19.12,32.31,12.94,18.8
03/15/2021,19.52,27.36,17.8,19.12
03/12/2021,20.69,23.71,19.52,19.52
03/11/2021,22.02,27.06,20.37,20.69
03/10/2021,22.19,29.97,20.95,22.02
03/09/2021,24.4,28.98,21.81,22.19
03/08/2021,21.98,27.48,20.47,24.4
03/05/2021,24.15,39.58,18.11,21.98
03/04/2021,22.29,38.03,21.61,24.15
03/03/2021,21.08,31.8,19.43,22.29
03/02/2021,21.2,23.96,20.38,21.08
03/01/2021,24.1,26.98,20.82,21.2
02/26/2021,23.47,32.2,22.98,24.1
02/25/2021,19.96,28.19,19.96,23.47
02/24/2021,20.63,26.89,19.11,19.96
02/23/2021,20.75,30.8,18.38,20.63
02/22/2021,20.29,21.73,20.17,20.75
02/19/2021,20.01,34.48,17.66,20.29
02/18/2021,19.67,22.74,17.06,20.01
02/17/2021,19.69,25.24,19.58,19.67
02/16/2021,19.36,21.45,19.36,19.69
02/12/2021,20.24,27.21,19.34,19.36
02/11/2021,20.38,21.25,18.52,20.24
02/10/2021,19.69,22.59,18.88,20.38
02/09/2021,19.87,20.19,19.01,19.69
02/08/2021,20.16,23.53,19.87,19.87
02/05/2021,19.97,24.71,19.67,20.16
02/04/2021,21.3,28.77,19.9,19.97
02/03/2021,23.34,25.06,20.78,21.3
02/02/2021,26.82,30.66,22.33,23.34
02/01/2021,28.68,34.48,24.11,26.82
01/29/2021,24.91,40.8,22.79,28.68
01/28/2021,27.58,27.58,17.69,24.91
01/27/2021,22.49,45.68,22.49,27.58
01/26/2021,22.1,22.54,21.68,22.49
01/25/2021,20.46,29.64,20.05,22.1
01/22/2021,20.31,26.19,20.05,20.46
01/21/2021,21,21.86,19.83,20.31
01/20/2021,22.38,25.54,20.58,21
01/19/2021,22.14,22.62,21.88,22.38
01/15/2021,21.65,23.26,18.67,22.14
01/14/2021,21.61,29.87,17.78,21.65
01/13/2021,22.07,34.2,18.18,21.61
01/12/2021,22.86,32.17,18.19,22.07
01/11/2021,21,31.26,20.46,22.86
01/08/2021,21.64,22.09,20.98,21
01/07/2021,23.79,23.79,20.36,21.64
01/06/2021,23.73,39.46,19.88,23.79
01/05/2021,24.01,24.58,20.9,23.73
01/04/2021,20.53,26.12,20.53,24.01
12/31/2020,20.71,20.96,17.72,20.53
12/30/2020,20.93,24.41,18.3,20.71
12/29/2020,20.12,21.46,17.34,20.93
12/28/2020,20.49,22.63,19.51,20.12
12/24/2020,21.29,21.29,20.38,20.49
12/23/2020,22.8,26.02,20.3,21.29
12/22/2020,22.75,24.36,22.54,22.8
12/21/2020,20.05,26.03,20.05,22.75
12/18/2020,20.41,21.71,19.9,20.05
12/17/2020,21.88,22.99,20.4,20.41
12/16/2020,21.68,23.26,20.9,21.88
12/15/2020,23.07,25.69,17.61,21.68
12/14/2020,22.58,23.2,21.55,23.07
12/11/2020,21.78,22.88,18.12,22.58
12/10/2020,21.96,23.17,21.72,21.78
12/09/2020,21.55,22.51,19.71,21.96
12/08/2020,21.94,22.23,21.37,21.55
12/07/2020,21.21,24.29,21.21,21.94
12/04/2020,22.21,24.41,21.18,21.21
12/03/2020,23.04,23.8,21.88,22.21
12/02/2020,22.95,23.33,17.98,23.04
12/01/2020,22.88,22.96,21.92,22.95
11/30/2020,22.27,24.04,19.86,22.88
11/27/2020,22.35,22.57,22,22.27
11/25/2020,22.22,26.8,19.65,22.35
11/24/2020,22.3,22.48,19.86,22.22
11/23/2020,22.69,23.21,15.35,22.3
11/20/2020,22.21,24.18,22,22.69
11/19/2020,23.47,23.99,21.5,22.21
11/18/2020,22.86,23.66,21.91,23.47
11/17/2020,23.26,24.18,18.37,22.86
11/16/2020,23.96,24.08,23.06,23.26
11/13/2020,25.52,25.52,23.35,23.96
11/12/2020,24.11,30.43,24.01,25.52
11/11/2020,25.29,25.29,22.67,24.11
11/10/2020,25.08,25.59,20.92,25.29
11/09/2020,25.08,27.17,18.88,24.99
11/06/2020,25.97,31.74,21.16,25.07
11/05/2020,27.43,31.64,23.6,25.97
11/04/2020,32.55,32.55,21.6,27.43
11/03/2020,34.06,34.06,27.58,32.56
11/02/2020,35.18,37.31,27.82,34.06
10/30/2020,34.94,45.53,30.51,35.18
10/29/2020,35.49,36.6,29.06,34.93
10/28/2020,30.3,46.19,30.3,35.48
10/27/2020,30.18,31.31,27.71,30.3
10/26/2020,25.56,47.53,25.56,30.18
10/23/2020,26.35,28.58,25.32,25.56
10/22/2020,27.13,38.41,25.83,26.33
10/21/2020,27.7,34.41,26.33,27.18
10/20/2020,27.4,30.94,25.32,27.71
10/19/2020,25.65,38.41,25.65,27.4
10/15/2020,25.21,26.49,25.21,25.46
10/14/2020,25.05,30.59,24.21,25.21
10/13/2020,24.1,27.38,23.98,25.05
10/12/2020,24.27,24.5,7.84,24.06
10/09/2020,25.85,26.16,24.25,24.26
10/08/2020,26.71,26.71,21.99,25.86
10/07/2020,28.01,31.57,22.73,26.71
10/06/2020,27.46,43.99,24.64,28.01
10/05/2020,27.59,30.69,26.68,27.46
10/02/2020,27.18,30.39,26.37,27.59
10/01/2020,26.7,34.12,24.29,27.18
09/30/2020,26.69,34.38,21.53,26.7
09/29/2020,26.25,27.35,25.37,26.69
09/28/2020,26.39,34.46,26.17,26.25
09/25/2020,27.36,28.02,26.2,26.39
09/24/2020,27.39,32.53,26.57,27.4
09/23/2020,25.75,30.21,21.41,27.39
09/22/2020,26.46,27.07,25.54,25.75
09/21/2020,23.53,28.11,23.53,26.46
09/18/2020,23.42,24.41,17.26,23.53
09/17/2020,22.57,27.61,22.57,23.42
09/16/2020,23.6,36.7,20.41,22.57
09/15/2020,24.22,27.63,18.99,23.6
09/14/2020,26,33.67,22.39,24.2
09/11/2020,27.62,33.61,24.43,26
09/10/2020,27.71,28.8,24.06,27.62
09/09/2020,30.14,30.14,25.91,27.7
09/08/2020,29.43,33.36,29.43,30.15
09/04/2020,31.49,45.91,24.3,29.43
09/03/2020,26.64,40.15,23.92,31.47
09/02/2020,26.19,28.29,23.43,26.64
09/01/2020,26.01,29.25,23.59,26.2
08/31/2020,23.84,26.14,23.84,26.01
08/28/2020,24.43,26.16,21.98,23.84
08/27/2020,23.4,25.35,20.75,24.43
08/26/2020,22.35,28.36,22.35,23.4
08/25/2020,22.68,24.1,22.29,22.36
08/24/2020,21.82,22.91,21.82,22.68
08/21/2020,22.81,24.4,18.7,21.83
08/20/2020,22.93,23.98,18.05,22.8
08/19/2020,22.25,26.73,13.58,22.93
08/18/2020,22.56,23.3,21.93,22.25
08/17/2020,23.5,23.63,22.52,22.57
08/14/2020,23.88,24.48,23.1,23.5
08/13/2020,23.98,24.19,23.24,23.88
08/12/2020,25.41,25.41,22.7,23.97
08/11/2020,23.35,25.66,22.52,25.41
08/10/2020,23.33,23.88,23.2,23.35
08/07/2020,22.85,23.81,22.51,23.34
08/06/2020,22.88,23.28,22.09,22.85
08/05/2020,23.15,29.38,21.55,22.88
08/04/2020,24.17,24.47,22.62,23.16
08/03/2020,23.88,27.02,21.41,24.16
07/31/2020,25.38,26.69,18.29,23.87
07/30/2020,24.84,27.8,23.62,25.37
07/29/2020,25.8,26.04,24.12,24.85
07/28/2020,26.08,26.76,18.64,25.81
07/27/2020,26.77,27.78,21.88,26.09
07/24/2020,27.09,38.55,26.61,26.79
07/23/2020,26.46,28.66,25.38,27.08
07/22/2020,26.8,30.07,20.69,26.46
07/21/2020,26.75,26.95,23.08,26.79
07/20/2020,27.9,28.69,26.71,26.72
07/17/2020,29.83,30.74,15.85,27.93
07/16/2020,30.1,31.02,22.68,29.83
07/15/2020,31.34,31.98,29.31,30.1
07/14/2020,33.12,33.7,19.72,31.34
07/13/2020,29.48,51.68,29.43,33.12
07/10/2020,31.36,31.45,29.38,29.46
07/09/2020,29.62,32.48,29.47,31.37
07/08/2020,30.66,31.77,29.59,29.62
07/07/2020,29.36,34.69,29.29,30.68
07/06/2020,28.59,30.59,28.59,29.04
07/02/2020,30.81,33.18,26.83,28.59
07/01/2020,31.12,31.46,26.3,30.81
06/30/2020,33.1,33.81,24.09,31.14
06/29/2020,35.68,36.55,31.75,33.13
06/26/2020,33.52,36.63,31.28,35.71
06/25/2020,35.38,37.27,33.18,33.48
06/24/2020,33.7,38,31.1,35.38
06/23/2020,34.7,35.18,31.53,33.64
06/22/2020,36.3,37.53,29.51,34.7
06/19/2020,34.97,39.06,28.6,36.3
06/18/2020,35.6,38.89,27.98,34.96
06/17/2020,35.76,44.79,34.31,35.6
06/16/2020,36.3,43.78,22.72,35.76
06/15/2020,39.18,43.8,23.07,36.35
06/12/2020,40.79,50.12,36.38,39.18
06/11/2020,30.35,40.99,30.35,40.79
06/10/2020,29.48,31.76,26.05,30.35
06/09/2020,28.16,31.07,28.16,29.47
06/08/2020,26.55,28.24,17.26,28.16
06/05/2020,26.7,28.31,24.36,26.55
06/04/2020,27.25,27.64,25.97,26.7
06/03/2020,28.44,28.44,26.57,27.25
06/02/2020,29.43,29.43,28.4,28.45
06/01/2020,28.73,36.09,28.73,29.43
05/29/2020,30.33,40.36,27.93,28.73
05/28/2020,28.92,39.52,26.27,30.39
05/27/2020,29.62,31.47,28.19,28.85
05/26/2020,29.89,30.3,28.05,29.63
05/22/2020,30.93,32.59,29.82,29.89
05/21/2020,30.62,35.59,24.91,30.92
05/20/2020,33.27,37.97,28.74,30.62
05/19/2020,32.65,36.14,31.62,33.29
05/18/2020,34.86,34.86,27.91,32.65
05/15/2020,35.77,37.39,20.18,34.86
05/14/2020,38.19,42.84,12.05,35.89
05/13/2020,35.71,41.68,35.27,38.19
05/12/2020,31.94,38.38,29.64,35.71
05/11/2020,30.91,34.63,25.86,31.98
05/08/2020,33.65,33.65,30.86,30.91
05/07/2020,35.37,39.45,32.98,33.64
05/06/2020,35.08,36.65,34.15,35.37
05/05/2020,37.54,38.96,34.07,35.08
05/04/2020,38.46,40.71,37.47,37.54
05/01/2020,36.55,42.15,36.55,38.46
04/30/2020,34.31,38.12,34.31,36.55
04/29/2020,36.8,44.2,31.66,34.31
04/28/2020,36.76,48.61,32.41,36.8
04/27/2020,38.99,40.32,36.1,36.76
04/24/2020,43.67,43.67,36.67,38.99
04/23/2020,44.77,47.15,42.11,43.67
04/22/2020,48,48,43.86,44.77
04/21/2020,45.55,52.95,45.55,48
04/20/2020,41.65,48.34,41.65,45.54
04/17/2020,44.18,46.7,41.42,41.65
04/16/2020,43.83,45.12,43.02,44.19
04/15/2020,41.32,45.11,41.32,43.83
04/14/2020,46.02,46.02,36.31,41.32
04/13/2020,46.03,48.58,45.31,46.05
04/09/2020,46.31,52.81,45.42,46.03
04/08/2020,48.15,54.01,44.17,46.31
04/07/2020,45.88,53.99,44.8,48.15
04/06/2020,48.49,48.49,40.52,45.97
04/03/2020,52.15,52.15,48.49,48.49
04/02/2020,55.8,58.8,51.83,52.15
04/01/2020,54.6,56.87,54.6,55.8
03/31/2020,59.72,59.72,53.89,54.6
03/30/2020,63.51,63.51,59.65,59.72
03/27/2020,61.33,66.77,61.33,63.51
03/26/2020,65.22,65.22,60.77,61.33
03/25/2020,58.38,66.7,58.38,65.22
03/24/2020,50.49,61.2,48.28,58.38
03/23/2020,54.26,54.26,50.26,50.49
03/20/2020,63.31,63.31,53.8,54.26
03/19/2020,67.07,67.36,62.12,63.31
03/18/2020,60.64,71.05,60.64,67.07
03/17/2020,63.83,64.29,58.14,61.93
03/16/2020,55.21,66.24,55.21,63.81
03/13/2020,64.3,65.25,53.84,55.14
03/12/2020,53.67,68.55,53.67,64.74
03/11/2020,47.71,57.39,47.71,53.63
03/10/2020,52.03,52.27,45.53,47.78
03/09/2020,42.3,59.64,42.3,52.03
03/06/2020,38.65,49.86,38.65,42.3
03/05/2020,31.33,41.17,31.33,38.65
03/04/2020,37.26,37.26,30.27,31.33
03/03/2020,34.19,40.57,29.49,37.29
03/02/2020,48.05,48.05,30.96,34.19
02/28/2020,37.6,54.16,33.47,42.67
02/27/2020,27.01,37.65,27.01,37.65
02/26/2020,27.45,27.45,23.44,27.01
02/25/2020,23.93,34.73,19.98,27.49
02/24/2020,17.7,25.3,17.7,24.03
02/21/2020,16.27,18.43,14.72,17.7
02/20/2020,14.88,31.77,11.72,16.26
02/19/2020,15.26,15.26,14.58,14.88
02/18/2020,14.29,15.92,14.29,15.24
02/14/2020,14.63,14.82,14.3,14.3
02/13/2020,14.03,15.91,14.03,14.64
02/12/2020,15.19,15.19,14.02,14.05
02/11/2020,15.03,15.3,14.68,15.19
02/10/2020,15.4,16.14,15,15.03
02/07/2020,14.56,15.58,14.56,15.4
02/06/2020,14.81,15.06,14.55,14.56
02/05/2020,15.72,16.7,14.46,14.82
02/04/2020,17.46,17.46,11.67,15.72
02/03/2020,17.95,19.11,14.49,17.47
01/31/2020,15.35,18.77,14.02,17.95
01/30/2020,15.73,22.69,10.65,15.35
01/29/2020,15.78,20.5,11.55,15.73
01/28/2020,17.58,17.58,13.39,15.87
01/27/2020,14.8,18.57,14.8,17.58
01/24/2020,13.39,16.07,13.19,14.8
01/23/2020,13.69,17.17,13.39,13.39
01/22/2020,13.32,13.72,9.56,13.69
01/21/2020,11.9,14.7,10.13,13.28
01/17/2020,11.47,12.44,11.47,11.9
01/16/2020,11.82,12.14,7.2,11.46
01/15/2020,12.09,14.32,2.47,11.82
01/14/2020,12.07,15.04,8.52,12.09
01/13/2020,13.49,15.27,11.71,12.04
01/10/2020,12.86,15.46,12.52,13.49
01/09/2020,13.43,20.13,11.68,12.86
01/08/2020,13.96,21.48,11.74,13.44
01/07/2020,14.03,14.51,9.96,13.96
01/06/2020,14.09,15.46,13.79,14.04
01/03/2020,12.27,14.28,12.27,14.09
01/02/2020,13.27,16.41,12.26,12.27
12/31/2019,14.08,17.4,13.29,13.29
12/30/2019,12.61,17.54,12.61,14.08
12/27/2019,11.96,12.72,11.96,12.64
12/26/2019,12.06,12.29,11.96,11.97
12/24/2019,12.22,12.22,11.91,12.06
12/23/2019,11.63,15.34,11.63,12.22
12/20/2019,11.48,24.52,11.24,11.63
12/19/2019,11.61,11.78,11.4,11.48
12/18/2019,11.49,12.62,11.27,11.61
12/17/2019,11.64,11.67,11.32,11.48
12/16/2019,12.28,12.28,11.27,11.64
12/13/2019,13.77,13.86,12.25,12.28
12/12/2019,14.55,16.16,13.19,13.77
12/11/2019,14.9,20.22,14.39,14.55
12/10/2019,14.67,17,14.41,14.92
12/09/2019,13.81,14.73,13.81,14.67
12/06/2019,14.79,14.79,13.38,13.81
12/05/2019,15.34,17.9,14.75,14.79
12/04/2019,16.39,16.39,14.09,15.34
12/03/2019,15.11,18.26,15.11,16.39
12/02/2019,13.48,16.49,13.48,15.11
11/29/2019,12.39,13.57,12.39,13.48
11/27/2019,12.16,20.15,12.16,12.36
11/26/2019,12.46,13.82,12.14,12.16
11/25/2019,12.69,12.85,12.13,12.46
11/22/2019,13.54,13.54,12.66,12.69
11/21/2019,13.19,20,13.19,13.53
11/20/2019,12.82,16.66,12.23,13.19
11/19/2019,13.08,14.1,10.24,12.81
11/18/2019,11.88,13.15,11.88,13.08
11/15/2019,13.06,13.06,10.33,11.88
11/14/2019,12.92,21.46,12.9,13.14
11/13/2019,12.66,30.37,12.65,12.92
11/12/2019,12.67,14.12,6,12.66
11/11/2019,13.12,15.48,7.2,12.67
11/08/2019,13.09,14.04,12.98,13.12
11/07/2019,13.44,15.62,11.88,13.08
11/06/2019,13.43,13.87,13.36,13.44
11/05/2019,13.27,16.46,9.87,13.43
11/04/2019,12.94,15.18,12.94,13.26
11/01/2019,14.09,14.09,12.92,12.94
10/31/2019,13.52,15.6,13.52,14.09
10/30/2019,14.17,19.82,13.46,13.52
10/29/2019,13.67,17.2,13.67,14.17
10/28/2019,13.36,13.96,13.36,13.64
10/25/2019,13.71,14.77,13.25,13.36
10/24/2019,14.14,19.23,13.58,13.71
10/23/2019,14.52,18.14,14.07,14.14
10/22/2019,14.62,17.87,13.8,14.52
10/21/2019,14.57,16.93,14.57,14.62
10/18/2019,13.42,14.79,13.42,14.57
10/17/2019,13.49,16.01,13.13,13.43
10/16/2019,13.31,18.49,13.29,13.49
10/15/2019,14.5,15.91,13.21,13.31
10/14/2019,15.75,15.78,14.31,14.5
10/11/2019,17.32,17.32,13.62,15.75
10/10/2019,17.92,23.03,17.01,17.33
10/09/2019,19.31,28.21,17.61,17.92
10/08/2019,17.3,20.39,17.3,19.31
10/07/2019,16.73,17.99,16.37,17.34
10/04/2019,18.94,18.94,16.55,16.71
10/03/2019,20.11,21.65,17.03,18.94
10/02/2019,18.66,21.41,18.66,20.11
10/01/2019,16.36,22.83,15.84,18.66
09/30/2019,17.33,20.07,16.32,16.36
09/27/2019,16.45,19.94,15.92,17.33
09/26/2019,15.98,18.16,15.98,16.45
09/25/2019,16.91,18.81,15.86,15.98
09/24/2019,16.4,21.97,15.1,16.91
09/23/2019,15.88,16.42,15.88,16.4
09/20/2019,13.97,21.11,13.61,15.88
09/19/2019,14.17,16.4,13.19,13.97
09/18/2019,14.83,22.41,14.03,14.18
09/17/2019,14.59,20.67,14.37,14.82
09/16/2019,13.75,17.5,13.75,14.59
09/13/2019,13.93,17.02,13.49,13.75
09/12/2019,14.13,17.06,13.36,13.96
09/11/2019,15.38,15.45,14.02,14.13
09/10/2019,15.95,16.92,15.26,15.38
09/09/2019,15.73,16.47,15.69,15.95
09/06/2019,17,21.11,15.74,15.75
09/05/2019,18.02,18.33,16.22,17
09/04/2019,19.57,21.49,16.15,18.02
09/03/2019,18.41,24.8,18.41,19.57
08/30/2019,17.67,26.85,16.77,18.41
08/29/2019,19.46,19.46,17.53,17.67
08/28/2019,20.44,24.04,19.27,19.46
08/27/2019,19.81,21.81,19.07,20.44
08/26/2019,20.54,23.64,19.76,19.81
08/23/2019,17.13,21.39,16.86,20.58
08/22/2019,16.02,18.02,15.68,17.13
08/21/2019,17.89,17.89,15.84,16.02
08/20/2019,17.36,17.94,16.98,17.9
08/19/2019,18.87,18.87,17.1,17.39
08/16/2019,21.12,21.12,17.31,18.87
08/15/2019,22.11,22.89,20.98,21.19
08/14/2019,17.58,22.63,17.58,22.11
08/13/2019,20.83,25.75,15.55,17.65
08/12/2019,17.95,21.04,17.95,20.8
08/09/2019,17.22,20.06,17.22,17.95
08/08/2019,19.53,19.53,17.22,17.22
08/07/2019,19.75,23.12,19.13,19.5
08/06/2019,23.23,23.23,19.45,19.73
08/05/2019,18.11,24.03,18.11,23.23
08/02/2019,17.84,21.07,17.01,18.11
08/01/2019,15.32,22.4,14.27,17.84
07/31/2019,14.22,22.21,13.8,15.32
07/30/2019,13.63,14.86,13.63,14.22
07/29/2019,13.38,14.32,13.16,13.63
07/26/2019,13.68,14.07,13.26,13.38
07/25/2019,13.09,15.42,13.09,13.68
07/24/2019,13.25,13.85,12.44,13.08
07/23/2019,13.71,16.06,13,13.25
07/22/2019,13.8,14.71,12.08,13.71
07/19/2019,13.67,13.85,11.79,13.8
07/18/2019,13.52,21.04,13.43,13.67
07/17/2019,13.13,17.68,12.93,13.52
07/16/2019,12.55,17.16,12.25,13.13
07/15/2019,12.43,15.42,12.43,12.55
07/12/2019,12.76,12.76,12.29,12.44
07/11/2019,13.08,15.09,12.67,12.76
07/10/2019,13.81,18.03,11.13,13.08
07/09/2019,13.66,14.21,13.66,13.81
07/08/2019,13.04,22.65,13.04,13.66
07/03/2019,12.89,15.26,10.75,12.9
07/02/2019,13.94,14.17,12.88,12.89
07/01/2019,15.33,15.33,13.73,13.94
06/28/2019,15.81,21.89,15.32,15.32
06/27/2019,15.87,20.44,15.57,15.81
06/26/2019,15.86,16.49,15.5,15.87
06/25/2019,15.04,23.37,14.45,15.85
06/24/2019,14.67,18.29,14.67,15.04
06/21/2019,14.15,14.94,13.8,14.63
06/20/2019,14.07,14.74,13.45,14.15
06/19/2019,14.77,18.15,13.89,14.07
06/18/2019,15.1,15.72,13.19,14.77
06/17/2019,15.14,15.99,14.29,15.08
06/14/2019,15.41,15.82,14.34,15.14
06/13/2019,15.74,15.81,15.37,15.41
06/12/2019,15.68,16.08,15.6,15.74
06/11/2019,15.63,16.46,15.2,15.68
06/10/2019,15.54,15.78,15.34,15.63
06/07/2019,15.67,15.83,15.34,15.54
06/06/2019,16.35,16.51,15.54,15.68
06/05/2019,17.18,17.47,16.25,16.35
06/04/2019,18.83,22.45,17.15,17.18
06/03/2019,19.24,23.05,18.39,18.83
05/31/2019,17.5,24.05,17.5,19.24
05/30/2019,18.3,19.58,16.66,17.5
05/29/2019,17.6,19.3,17.6,18.3
05/28/2019,16.05,18.43,15.03,17.6
05/24/2019,17.33,17.33,16.02,16.05
05/23/2019,14.85,23.53,14.85,17.33
05/22/2019,15.06,15.47,14.44,14.85
05/21/2019,16.57,16.57,14.86,15.06
05/20/2019,15.93,17.51,15.93,16.57
05/17/2019,15.43,18.89,15.07,15.93
05/16/2019,16.72,16.98,15.29,15.43
05/15/2019,18.29,28.18,16.25,16.72
05/14/2019,20.66,22.36,16.27,18.29
05/13/2019,16.76,21.33,16.61,20.66
05/10/2019,19.47,22.84,16.58,16.76
05/09/2019,18.96,24.38,18.96,19.47
05/08/2019,19.55,22.78,17.28,18.89
05/07/2019,15.62,21.04,15.62,19.55
05/06/2019,13.77,17.11,13.77,15.63
05/03/2019,14.71,16.85,13.65,13.77
05/02/2019,14.64,16.71,14.39,14.71
05/01/2019,13.56,22.65,11.58,14.64
04/30/2019,13.5,14.19,12.62,13.56
04/29/2019,13.2,18.16,13.2,13.5
04/26/2019,13.55,14.82,13,13.2
04/25/2019,13.48,14.46,12.25,13.54
04/24/2019,12.94,13.94,12.93,13.48
04/23/2019,13.07,13.09,12.71,12.94
04/22/2019,12.64,13.78,12.64,13.07
04/18/2019,13.16,13.19,12.28,12.64
04/17/2019,13.13,16.73,12.8,13.16
04/16/2019,13.25,13.53,12.48,13.16
04/15/2019,13.39,13.8,13.04,13.25
04/12/2019,14.25,15.33,13.04,13.39
04/11/2019,14.35,14.47,14.07,14.28
04/10/2019,15,25.85,13.63,14.35
04/09/2019,14.41,16.73,14.41,15
04/08/2019,13.61,15.98,13.61,14.4
04/05/2019,14.01,14.01,13.38,13.61
04/04/2019,14.26,14.59,13.92,14.02
04/03/2019,14.09,15.57,13.43,14.27
04/02/2019,13.9,14.41,12.41,14.09
04/01/2019,14.3,15.91,12.31,13.9
03/29/2019,15.32,16.73,14.13,14.33
03/28/2019,15.99,21.44,15.29,15.31
03/27/2019,15.66,17.95,15.49,15.97
03/26/2019,16.92,16.92,14.85,15.66
03/25/2019,17.41,18.4,16.91,16.93
03/22/2019,14.51,18.85,14.36,17.43
03/21/2019,14.9,18.09,14.41,14.51
03/20/2019,14.49,21.22,14.25,14.88
03/19/2019,14.03,21.12,12.52,14.5
03/18/2019,13.84,14.68,13.84,14.03
03/15/2019,14.39,17.44,13.22,13.81
03/14/2019,14.66,17.84,14.13,14.41
03/13/2019,15.12,20.95,14.4,14.66
03/12/2019,15.71,15.96,14.55,15.14
03/11/2019,16.18,17.87,15.24,15.71
03/08/2019,16.8,21.08,15.08,16.18
03/07/2019,15.96,17.7,15.96,16.8
03/06/2019,15.23,16.32,15.23,15.96
03/05/2019,15.52,16.08,15.52,15.81
03/04/2019,14.03,18.47,14.03,15.51
03/01/2019,14.77,14.85,12.52,14.03
02/28/2019,14.8,16.54,14.15,14.77
02/27/2019,15.21,17.82,14.63,14.8
02/26/2019,15.02,20.42,14.54,15.19
02/25/2019,14.11,15.79,14.08,15.02
02/22/2019,14.54,14.54,13.88,14.11
02/21/2019,14.49,15.21,11.89,14.53
02/20/2019,15.12,15.22,12.25,14.5
02/19/2019,14.9,16.04,14.61,15.12
02/15/2019,15.83,15.83,12.7,14.9
02/14/2019,15.58,16.61,14.33,15.82
02/13/2019,15.29,15.71,14.56,15.56
02/12/2019,16.03,16.03,9.34,15.29
02/11/2019,15.84,16.45,15.32,16.02
02/08/2019,16.36,17.19,14.84,15.84
02/07/2019,15.54,17.34,15.54,16.36
02/06/2019,15.85,15.85,12.91,15.54
02/05/2019,16.26,16.35,12.3,15.85
02/04/2019,16.73,17.28,16.01,16.26
02/01/2019,17.11,17.2,13.25,16.73
01/31/2019,17.72,18.17,13.82,17.11
01/30/2019,19.3,19.3,13.82,17.73
01/29/2019,19.51,20.04,12.27,19.31
01/28/2019,18.75,21.07,12.73,19.53
01/25/2019,19.57,19.76,13.04,18.75
01/24/2019,19.5,20.33,12.13,19.57
01/23/2019,20.43,21.55,14.5,19.48
01/22/2019,17.59,20.69,14.65,20.43
01/18/2019,17.83,17.86,13.51,17.59
01/17/2019,18.97,19.42,12.63,17.83
01/16/2019,18.92,18.96,16.9,18.94
01/15/2019,19.3,20.71,12.48,18.92
01/14/2019,18.96,20.75,9.17,19.3
01/11/2019,19.66,24.73,18.85,18.96
01/10/2019,20.76,21.78,11.79,19.64
01/09/2019,21.17,21.51,14.35,20.76
01/08/2019,22.47,22.63,13.41,21.17
01/07/2019,22.16,23.19,14.28,22.47
01/04/2019,25.47,25.47,17.39,22.16
01/03/2019,23.06,25.61,14.92,25.47
01/02/2019,24.53,26.58,17.61,23.06
12/31/2018,25.73,28.47,22.29,24.53
12/28/2018,28.12,28.98,19.42,26.78
12/27/2018,28.18,31.32,22.68,28.12
12/26/2018,32.02,32.91,26.13,28.14
12/24/2018,28.19,32.14,21.38,32.02
12/21/2018,26.66,28.78,16.03,28.19
12/20/2018,23.98,28,23.86,26.66
12/19/2018,24.35,26.57,22.13,23.98
12/18/2018,24.02,29.06,23.01,24.35
12/17/2018,21.9,25.17,21.9,24.02
12/14/2018,21.05,26.86,20.87,21.9
12/13/2018,21.88,22.64,19.77,21.05
12/12/2018,22.46,22.46,20.99,21.88
12/11/2018,22.77,25.13,20.68,22.46
12/10/2018,23.43,29.02,21.22,22.77
12/07/2018,21.83,32.64,19.68,23.37
12/06/2018,20.97,28.41,20.97,21.83
12/04/2018,17.3,25.63,16.78,20.97
11/30/2018,18.69,23.21,18.06,18.13
11/29/2018,18.88,24.12,18.27,18.69
11/28/2018,19.41,22.92,16.53,18.88
11/27/2018,19.25,20.21,17.81,19.41
11/26/2018,21.17,21.17,15.71,19.22
11/23/2018,20.58,21.95,18.24,21.17
11/21/2018,22.11,22.11,15.21,20.58
11/20/2018,19.96,24.36,14.7,22.11
11/19/2018,17.95,20.75,14.35,19.96
11/16/2018,19.47,30.85,8.51,17.95
11/15/2018,20.9,25.54,4.07,19.47
11/14/2018,19.69,32.73,12.25,20.9
11/13/2018,20.32,22.23,15.57,19.69
11/12/2018,17.21,33.17,13.76,20.32
11/09/2018,16.79,25.82,16.07,17.21
11/08/2018,16.59,26.89,16.34,16.79
11/07/2018,19.67,26.49,16.51,16.59
11/06/2018,20.21,20.38,14.11,19.67
11/05/2018,19.98,29.59,13.71,20.21
11/02/2018,19.91,30.34,13.81,20
11/01/2018,21.65,21.65,13.74,19.91
10/31/2018,23.5,23.5,16.11,21.65
10/30/2018,24.66,30.54,19.22,23.5
10/29/2018,23.98,32.01,21.1,24.72
10/26/2018,23.22,30.72,22.25,23.98
10/25/2018,23.99,27.97,21.68,23.22
10/24/2018,20.91,28.5,20.27,23
10/23/2018,20.13,26.65,19.74,20.91
10/22/2018,19.77,30.07,19,20.13
10/19/2018,20.36,27.59,17.66,20.09
10/18/2018,18.08,28.91,18.05,20.36
10/17/2018,18.1,23.79,17.47,18.06
10/16/2018,21.5,23.92,17.86,18.1
10/15/2018,20.73,23.75,19.62,21.5
10/12/2018,24.17,24.87,19.62,20.73
10/11/2018,21.75,25.65,20,24.17
10/10/2018,16.26,27.07,15.66,21.92
10/09/2018,16.04,18.26,14.61,16.26
10/08/2018,15.63,24.14,13.6,16.03
10/05/2018,15.31,19.5,14.7,15.63
10/04/2018,13.08,16.98,12.39,15.31
10/03/2018,13.53,13.85,11.72,13.08
10/02/2018,13.43,13.71,11.49,13.53
10/01/2018,13.16,13.76,11.41,13.43
09/28/2018,13.33,13.98,11.12,13.16
09/27/2018,13.39,13.49,11.04,13.33
09/26/2018,13.37,16.46,10.85,13.39
09/25/2018,12.98,13.53,8.68,13.37
09/24/2018,12.44,13.65,8.69,12.97
09/21/2018,12.75,12.84,8.31,12.41
09/20/2018,12.34,12.89,8.89,12.75
09/19/2018,13.34,13.34,9.15,12.34
09/18/2018,14.16,14.16,7.48,13.34
09/17/2018,12.88,14.31,11.56,14.16
09/14/2018,13.36,13.49,8.03,12.9
09/13/2018,13.87,13.87,9.98,13.36
09/12/2018,13.92,15.05,9.89,13.87
09/11/2018,14.57,15.32,10.35,13.91
09/10/2018,15.03,15.03,11.64,14.57
09/07/2018,14.77,20.75,10.49,15.04
09/06/2018,14.49,24.2,11.08,14.77
09/05/2018,13.83,23.56,11.44,14.49
09/04/2018,13.37,17.26,8.76,13.83
08/31/2018,13.48,14.27,10.91,13.37
08/30/2018,12.97,16.72,8.62,13.94
08/29/2018,13.07,13.34,9.27,12.97
08/28/2018,12.78,24.2,10.31,13.07
08/27/2018,12.55,13.14,9.27,12.78
08/24/2018,12.87,13.15,9.64,12.55
08/23/2018,12.79,21.9,10.34,12.87
08/22/2018,13.52,13.52,10.1,12.75
08/21/2018,12.98,24.35,10.35,13.52
08/20/2018,12.96,13.18,9.54,12.98
08/17/2018,13.49,13.94,12.57,12.96
08/16/2018,14.96,14.96,10.73,13.49
08/15/2018,13.98,19.34,13.1,14.96
08/14/2018,15.62,15.62,13.48,13.98
08/13/2018,14.36,16.01,13.51,15.62
08/10/2018,13.12,14.85,13.12,14.36
08/09/2018,12.77,13.22,11.85,13.12
08/08/2018,12.76,13.06,11.92,12.75
08/07/2018,13.37,13.37,12.39,12.76
08/06/2018,13.44,14.15,13.32,13.37
08/03/2018,13.91,14.1,12.61,13.44
08/02/2018,14.48,16.17,13.83,13.91
08/01/2018,13.98,20.56,12.83,14.48
07/31/2018,14.89,17.1,13.35,13.98
07/30/2018,13.58,14.97,13.58,14.89
07/27/2018,13.22,19.32,12.06,13.58
07/26/2018,13.29,19.69,12.93,13.22
07/25/2018,13.45,22.17,12.93,13.29
07/24/2018,13.62,14.11,11.54,13.4
07/23/2018,13.53,14.35,13.53,13.6
07/20/2018,13.48,14.18,13.22,13.53
07/19/2018,13.12,13.97,12.28,13.48
07/18/2018,12.92,13.41,12.15,13.12
07/17/2018,13.1,13.7,11.8,12.92
07/16/2018,13.14,13.68,12.99,13.1
07/13/2018,13.73,14,12.94,13.15
07/12/2018,14.65,14.65,13.56,13.73
07/11/2018,13.61,14.95,13.6,14.6
07/10/2018,14,14.2,13.55,13.61
07/09/2018,14.72,16.4,13.82,14
07/06/2018,16.01,18.97,14.67,14.7
07/05/2018,16.79,24.71,15.83,16.01
07/03/2018,16.21,22.5,15.53,16.79
07/02/2018,16.34,27.38,16.21,16.21
06/29/2018,17.13,28.17,15.28,16.34
06/28/2018,17.93,21.55,16.71,17.13
06/27/2018,16.65,32.38,15.58,17.93
06/26/2018,17.71,26.78,15.99,16.63
06/25/2018,14.82,25.76,14.82,17.71
06/22/2018,15.83,22.43,14.47,14.83
06/21/2018,14.47,22.62,14.47,15.8
06/20/2018,14.84,25.37,14.03,14.47
06/19/2018,13.02,15.77,13.02,14.84
06/18/2018,12.73,14.5,12.73,13.03
06/15/2018,12.71,29.66,12.69,12.73
06/14/2018,12.96,13.16,12.4,12.71
06/13/2018,12.81,31.1,12.56,12.96
06/12/2018,12.88,13.19,12.54,12.81
06/11/2018,13.54,25.94,11.63,12.9
06/08/2018,13.47,17.79,13.2,13.53
06/07/2018,13.31,17.43,12.94,13.46
06/06/2018,14.01,23.92,13.31,13.31
06/05/2018,14.18,14.58,13.93,14.02
06/04/2018,14.37,20.97,13.97,14.16
06/01/2018,16.14,17.16,14.25,14.37
05/31/2018,15.56,20.5,15.43,16.15
05/30/2018,17.29,17.29,15.05,15.55
05/29/2018,13.94,19.99,13.94,17.29
05/25/2018,13.41,14.14,13.14,13.91
05/24/2018,13.54,14.93,13.38,13.4
05/23/2018,14.21,15.22,12.8,13.54
05/22/2018,14.07,14.42,12.64,14.21
05/21/2018,14.28,15.84,10.9,14.07
05/18/2018,14.2,14.78,11.53,14.28
05/17/2018,14.62,15.08,10.26,14.2
05/16/2018,15.65,15.65,14.03,14.62
05/15/2018,14.2,20.32,13.23,15.62
05/14/2018,14.61,14.78,13.54,14.2
05/11/2018,14.97,15.12,14.08,14.62
05/10/2018,15.4,15.4,12.19,14.97
05/09/2018,16.2,16.27,12.93,15.4
05/08/2018,16.5,17.72,13.54,16.2
05/07/2018,16.52,17.08,13.66,16.5
05/04/2018,17.44,18.05,15.9,16.53
05/03/2018,17.53,19.81,17.05,17.44
05/02/2018,17.35,17.75,15.89,17.53
05/01/2018,17.64,19,16.44,17.33
04/30/2018,16.89,22.07,16.15,17.64
04/27/2018,17.4,18.1,15.78,16.89
04/26/2018,18.61,20.03,16.65,17.41
04/25/2018,18.8,20.16,13.62,18.63
04/24/2018,17.63,20.4,16.57,18.8
04/23/2018,18.56,18.81,15.31,17.63
04/20/2018,17.77,20.69,16.02,18.56
04/19/2018,17.86,20.42,9.76,17.77
04/18/2018,17.66,19.26,14.35,17.88
04/17/2018,18.61,18.61,13.91,17.66
04/16/2018,19.27,21.42,17.04,18.61
04/13/2018,20.21,20.21,18.56,19.24
04/12/2018,22.09,22.75,19.4,20.21
04/11/2018,22.02,23.8,14.78,22.08
04/10/2018,23.18,27.55,13.97,22.04
04/09/2018,23.13,24.02,16.72,23.18
04/06/2018,20.28,25.83,18.35,23.13
04/05/2018,21.47,24.24,10.94,20.2
04/04/2018,22.32,25.31,21.23,21.49
04/03/2018,24.74,24.74,20.81,22.33
04/02/2018,21.55,26.64,18.55,24.74
03/29/2018,24.35,24.35,18.56,21.53
03/28/2018,23.84,25.76,17.27,24.35
03/27/2018,21.4,24.6,18.52,23.84
03/26/2018,22.96,23.98,20.03,21.45
03/23/2018,22.06,23.98,17.08,22.89
03/22/2018,17.65,22.38,16.25,22.06
03/21/2018,17.84,18.42,12.23,17.65
03/20/2018,17.85,18.42,17.53,17.85
03/19/2018,15.02,19.14,15.02,17.85
03/16/2018,16.13,17.64,14.47,15.02
03/15/2018,16.24,16.59,14.31,16.08
03/14/2018,15.47,18.23,15.23,16.24
03/13/2018,14.72,16.03,11.83,15.45
03/12/2018,15.64,15.64,14.23,14.72
03/09/2018,17.67,17.67,11.68,15.66
03/08/2018,18.37,18.37,16.64,17.67
03/07/2018,18.37,19.62,12.9,18.36
03/06/2018,18.64,19.27,12.59,18.37
03/05/2018,19.41,20.5,13.69,18.63
03/02/2018,20.94,23.68,17.1,19.46
03/01/2018,18.27,23.15,12.71,20.86
02/28/2018,18.01,18.82,13.13,18.26
02/27/2018,15.76,18.45,14.66,17.98
02/26/2018,16.2,16.48,13.91,15.83
02/23/2018,18.25,18.68,12.51,16.19
02/22/2018,19.55,19.58,14.12,18.25
02/21/2018,19.81,19.83,12.18,19.56
02/20/2018,18.83,20.51,17.73,19.8
02/16/2018,20.2,20.2,14.6,18.83
02/15/2018,21.28,21.62,18.7,20.04
02/14/2018,25.59,25.59,15.02,21.29
02/13/2018,26.39,27.66,19.78,23.93
02/12/2018,28.2,29.99,23.55,26.39
02/09/2018,28.73,40.21,24.29,28.2
02/08/2018,21.53,32.39,20.36,28.43
02/07/2018,25.34,25.34,15.25,21.49
02/06/2018,22.69,35.51,19.89,25.35
02/05/2018,17.44,28.07,13.48,22.9
02/02/2018,14.59,17.65,11.72,17.32
02/01/2018,14.65,15.14,10.29,14.6
01/31/2018,15.64,15.83,11.05,14.67
01/30/2018,14.89,16.62,11.28,15.64
01/29/2018,12.72,14.91,10.91,14.89
01/26/2018,13.21,13.61,11.24,12.73
01/25/2018,12.99,13.23,9.11,13.22
01/24/2018,12.8,13.7,10.6,13.02
01/23/2018,12.58,13.03,9.64,12.76
01/22/2018,12.07,12.67,10.67,12.58
01/19/2018,12.95,13.26,10.74,12.07
01/18/2018,12.98,13.89,9.87,12.95
01/17/2018,12.58,13.31,10.84,12.99
01/16/2018,10.9,13.13,10.8,12.58
01/12/2018,10.54,11.22,10.47,10.9
01/11/2018,10.67,10.91,8.18,10.54
01/10/2018,10.91,12.38,9.73,10.66
01/09/2018,10.52,11.06,10.36,10.91
01/08/2018,10.21,10.71,9.75,10.52
01/05/2018,10.09,10.46,8.83,10.21
01/04/2018,10.49,10.56,9.47,10.09
01/03/2018,11.05,11.05,8.33,10.47
01/02/2018,11.78,12,9.76,11.05
12/29/2017,11.02,11.79,9.93,11.78
12/28/2017,10.59,11.36,9.63,11.02
12/27/2017,10.9,11.01,10.01,10.59
12/26/2017,10.51,11.39,10.07,10.91
12/22/2017,11.4,11.56,7.96,10.51
12/21/2017,10.58,11.69,10.37,11.4
12/20/2017,11.45,19.85,10.06,10.58
12/19/2017,11.59,11.73,8.77,11.45
12/18/2017,10.56,11.91,10.56,11.6
12/15/2017,11.59,12.96,9.23,10.57
12/14/2017,11.34,11.76,6.53,11.6
12/13/2017,11.41,11.57,9.4,11.34
12/12/2017,11.04,11.65,10.98,11.41
12/11/2017,11.69,11.78,9.66,11.04
12/08/2017,12.62,15.99,11.58,11.68
12/07/2017,13.25,20.61,11.84,12.65
12/06/2017,13.85,14.1,9.32,13.24
12/05/2017,14.08,18.16,13.35,13.83
12/04/2017,14.12,20.5,11.4,14.07
12/01/2017,13.42,19.94,11.29,14.11
11/30/2017,12.78,13.67,11.17,13.42
11/29/2017,10.52,13.02,10.13,12.78
11/28/2017,10.99,11.14,9.11,10.52
11/27/2017,11.21,11.81,10.47,10.99
11/24/2017,10.92,11.71,10.92,11.21
11/22/2017,10.67,11.13,9.82,10.92
11/21/2017,11.48,11.48,10.27,10.67
11/20/2017,12.39,12.55,11.44,11.48
11/17/2017,12.32,20.02,11.95,12.38
11/16/2017,13.51,13.51,11.56,12.32
11/15/2017,11.96,20.05,11.4,13.53
11/14/2017,11.56,12.99,10.45,11.95
11/13/2017,11.57,12.93,11.18,11.56
11/10/2017,11.35,17.8,11.06,11.57
11/09/2017,10.24,12.19,8.96,11.35
11/08/2017,10.41,10.94,9.94,10.26
11/07/2017,10.4,11.25,9.67,10.41
11/06/2017,10.24,11.08,10.15,10.4
11/03/2017,10.9,14.63,9.1,10.23
11/02/2017,10.83,27.74,10.58,10.9
11/01/2017,11.01,22.84,10.38,10.83
10/31/2017,12.56,16.93,10.76,11
10/30/2017,11.89,13.26,11.73,12.55
10/27/2017,13.31,15.4,10.78,11.89
10/26/2017,12.63,16.07,12,13.31
10/25/2017,13.59,17.84,11.76,12.66
10/24/2017,12.52,15.22,11.23,13.59
10/23/2017,11.69,12.53,11.17,12.52
10/20/2017,11.39,11.74,8.99,11.69
10/19/2017,10.93,17.28,10.06,11.39
10/18/2017,10.42,11.21,7.57,10.93
10/17/2017,10.07,10.53,9.7,10.42
10/16/2017,10.18,10.3,8.85,10.05
10/13/2017,10.4,10.4,9.91,10.19
10/12/2017,10.62,10.79,10.35,10.4
10/11/2017,10.77,10.77,10.41,10.63
10/10/2017,10.57,10.91,10.13,10.77
10/09/2017,10.07,10.69,10.07,10.57
10/06/2017,10.03,10.89,9.07,10.07
10/05/2017,10.08,10.25,9.83,10.03
10/04/2017,10.1,10.44,9.01,10.09
10/03/2017,10.21,10.33,9.78,10.11
10/02/2017,10.35,10.71,9.67,10.21
09/29/2017,10.12,10.49,8.99,10.37
09/28/2017,10.32,10.62,10.02,10.12
09/27/2017,10.51,10.87,9.75,10.32
09/26/2017,10.35,10.86,9.16,10.52
09/25/2017,10.01,11.09,10.01,10.35
09/22/2017,9.88,12.14,9.66,10.01
09/21/2017,9.83,10.22,9.18,9.88
09/20/2017,9.95,10.36,8.01,9.83
09/19/2017,9.76,10.01,9.59,9.95
09/18/2017,9.84,10.19,8.89,9.76
09/15/2017,9.84,10.11,7.57,9.84
09/14/2017,9.96,10.19,9.01,9.84
09/13/2017,10.19,10.19,9.59,9.96
09/12/2017,9.63,16.52,9.2,10.01
09/11/2017,12.01,12.01,3.93,9.63
09/08/2017,11.47,12.41,10.15,12.01
09/07/2017,11.77,12.21,10.72,11.47
09/06/2017,12.45,12.55,11.25,11.77
09/05/2017,10.62,13.83,10.62,12.45
09/01/2017,11.11,11.11,10.3,10.62
08/31/2017,11.62,12.19,10.28,11.12
08/30/2017,11.67,12,9.01,11.58
08/29/2017,11.47,13.44,11.02,11.66
08/28/2017,11.2,11.87,11.2,11.46
08/25/2017,11.59,11.88,10.26,11.19
08/24/2017,11.72,12.45,11.5,11.59
08/23/2017,10.9,12.1,10.15,11.72
08/22/2017,12.53,12.53,10.9,10.9
08/21/2017,13.3,14.66,12.41,12.53
08/18/2017,13.93,14.9,12.77,13.28
08/17/2017,11.1,14.15,10.38,13.93
08/16/2017,11.34,11.7,10.53,11.12
08/15/2017,12.04,12.04,11.15,11.34
08/14/2017,13.91,13.91,11.23,12.04
08/11/2017,15.07,15.07,13.78,13.89
08/10/2017,11.59,15.21,11.59,15.07
08/09/2017,11.47,12.66,11.4,11.57
08/08/2017,10.62,11.85,10.08,11.47
08/07/2017,10.33,10.85,10.29,10.61
08/04/2017,10.26,10.68,10.03,10.33
08/03/2017,10.65,10.7,9.51,10.26
08/02/2017,10.06,10.82,9.64,10.65
08/01/2017,10.37,10.4,9.76,10.05
07/31/2017,10.44,10.83,10.21,10.37
07/28/2017,10.11,11.13,10.11,10.46
07/27/2017,9.7,10.97,7.74,10.14
07/26/2017,9.84,9.84,9.22,9.7
07/25/2017,9.62,10.53,8.86,9.84
07/24/2017,9.55,10.06,8.36,9.63
07/21/2017,9.66,10.23,9.44,9.55
07/20/2017,9.67,12.54,9.03,9.63
07/19/2017,9.88,9.98,8.4,9.67
07/18/2017,9.97,10.78,9.78,9.88
07/17/2017,9.75,10.18,9.43,9.97
07/14/2017,9.88,10.13,9.6,9.76
07/13/2017,10.2,10.3,9.9,9.91
07/12/2017,10.85,10.85,9.98,10.2
07/11/2017,10.89,15.71,10.78,10.85
07/10/2017,11.05,11.48,10.71,10.87
07/07/2017,11.87,11.87,10.88,11.05
07/06/2017,10.86,13.96,9.29,11.86
07/05/2017,10.88,11.61,10.38,10.86
07/03/2017,10.53,10.97,9.26,10.88
06/30/2017,10.59,10.93,10.06,10.53
06/29/2017,9.88,13.39,9.88,10.59
06/28/2017,10.86,10.86,9.74,9.88
06/27/2017,9.85,11.02,9.65,10.86
06/26/2017,9.71,10.26,9.63,9.85
06/23/2017,10.22,10.41,9.59,9.71
06/22/2017,10.4,13.56,9.98,10.22
06/21/2017,10.36,11.44,9.99,10.4
06/20/2017,9.94,10.5,9.94,10.36
06/19/2017,9.84,10.06,9.59,9.94
06/16/2017,10.43,10.69,9.76,9.83
06/15/2017,9.99,11.18,9.99,10.46
06/14/2017,10.03,11.37,6.96,9.99
06/13/2017,10.62,10.62,9.82,10.03
06/12/2017,10.59,13.79,10.57,10.61
06/09/2017,10.56,13.23,9.57,10.59
06/08/2017,10.83,12.25,9.55,10.56
06/07/2017,11.06,12.91,9.16,10.83
06/06/2017,10.64,12.38,10.45,11.06
06/05/2017,10.04,10.67,9.93,10.64
06/02/2017,9.9,10.74,9.53,10.04
06/01/2017,10.3,11.28,9.41,9.9
05/31/2017,10.29,11.05,10.14,10.3
05/30/2017,9.6,11.26,9.6,10.28
05/26/2017,9.92,10.18,9.47,9.6
05/25/2017,9.71,10.03,9.18,9.92
05/24/2017,10.19,10.34,9.59,9.71
05/23/2017,10.13,10.39,9.97,10.19
05/22/2017,11.09,11.09,10.03,10.12
05/19/2017,13.47,13.47,10.7,11.09
05/18/2017,13.7,14.49,10.12,13.47
05/17/2017,10.43,14.08,10.43,13.7
05/16/2017,10.38,10.45,9.49,10.42
05/15/2017,10.62,10.75,9.71,10.38
05/12/2017,10.84,11.4,10.57,10.63
05/11/2017,10.94,11.59,9.36,10.84
05/10/2017,10.59,10.96,9.83,10.94
05/09/2017,10.42,10.75,9.14,10.59
05/08/2017,10.78,10.78,8.62,10.41
05/05/2017,10.95,11.3,10.41,10.78
05/04/2017,10.73,12.1,8.21,10.95
05/03/2017,10.66,11.26,10.31,10.73
05/02/2017,10.31,10.68,10.29,10.66
05/01/2017,10.49,12.49,8.86,10.31
04/28/2017,10.22,10.67,7.53,10.49
04/27/2017,10.4,11.1,10.16,10.22
04/26/2017,10.37,10.58,10.02,10.4
04/25/2017,10.3,10.44,8.43,10.36
04/24/2017,13.84,13.84,10.17,10.3
04/21/2017,13.06,14.48,10.83,13.84
04/20/2017,14.36,15.73,11.19,13.04
04/19/2017,13.84,14.54,10.07,14.36
04/18/2017,13.71,19.27,13.02,13.77
04/17/2017,14.58,14.9,12.07,13.71
04/13/2017,14.18,14.79,14.18,14.58
04/12/2017,13.98,14.66,13.96,14.13
04/11/2017,12.64,15.55,12.64,13.98
04/10/2017,12.14,13.27,12.14,12.64
04/07/2017,11.86,12.65,11.73,12.14
04/06/2017,12.33,12.77,11.42,11.86
04/05/2017,11.23,12.33,10.75,12.33
04/04/2017,11.6,12.04,11.19,11.23
04/03/2017,11.42,12.62,11.22,11.59
03/31/2017,10.97,11.61,9.32,11.44
03/30/2017,11.01,11.14,10.78,10.97
03/29/2017,10.98,11.23,10.28,10.99
03/28/2017,12.12,12.12,10.74,10.98
03/27/2017,12.31,13.42,12.1,12.12
03/24/2017,12.19,13.54,9.99,12.31
03/23/2017,12.39,14.13,10.44,12.21
03/22/2017,11.98,12.55,11.56,12.38
03/21/2017,10.44,12.33,10.44,11.98
03/20/2017,10.34,10.95,10.34,10.46
03/17/2017,10.56,10.56,9.98,10.33
03/16/2017,9.83,10.9,9.83,10.56
03/15/2017,11.43,12.37,7.58,7.58
03/14/2017,10.36,11.6,10.36,11.4
03/13/2017,11.52,11.52,10.27,10.37
03/10/2017,12.07,12.07,11.45,11.52
03/09/2017,11.68,12.25,11.44,12.07
03/08/2017,11.15,11.73,11.15,11.68
03/07/2017,11.34,11.75,11.15,11.15
03/06/2017,11.26,11.77,11.26,11.34
03/03/2017,11.86,11.86,9.37,11.26
03/02/2017,12.41,12.41,11.42,11.86
03/01/2017,12.94,12.94,10.26,12.41
02/28/2017,12.33,13.16,12.12,12.94
02/27/2017,11.34,12.51,11,12.32
02/24/2017,11.7,11.81,8.81,11.34
02/23/2017,11.71,12.35,11.69,11.71
02/22/2017,11.74,12.09,11.54,11.71
02/21/2017,11.33,11.93,10.05,11.74
02/17/2017,11.59,11.86,10.83,11.33
02/16/2017,11.79,12.43,11.56,11.6
02/15/2017,10.72,11.86,8.06,11.79
02/14/2017,10.85,11.2,10.68,10.72
02/13/2017,10.98,11.22,10.83,10.84
02/10/2017,11.22,11.22,10.98,10.98
02/09/2017,11.81,11.81,11.12,11.22
02/08/2017,11.4,11.87,11.4,11.81
02/07/2017,11.39,11.42,11.34,11.4
02/06/2017,11.36,12.01,11.34,11.39
02/03/2017,12.09,12.09,11.23,11.36
02/02/2017,11.93,13.8,11.68,12.1
02/01/2017,12.26,13.64,11.26,11.93
01/31/2017,12.13,13.3,12.13,12.25
01/30/2017,10.56,12.53,10.56,12.13
01/27/2017,10.67,11.25,10.45,10.56
01/26/2017,10.85,11.98,9.57,10.67
01/25/2017,11.16,11.16,10.48,10.85
01/24/2017,11.88,11.88,11.11,11.16
01/23/2017,11.44,12.61,11.44,11.88
01/20/2017,12.74,12.79,11.42,11.47
01/19/2017,12.77,13.31,10.33,12.74
01/18/2017,12.22,13.11,12.22,12.79
01/17/2017,11.73,12.78,11.73,12.22
01/13/2017,11.83,11.83,11.68,11.73
01/12/2017,11.69,14.49,11.69,11.83
01/11/2017,12.05,15.14,11.66,11.7
01/10/2017,12.05,12.29,11.95,12.05
01/09/2017,11.79,12.62,11.79,12.05
01/06/2017,12.04,12.3,11.56,11.79
01/05/2017,12.27,12.44,8.89,12.04
01/04/2017,13.08,13.08,12.04,12.27
01/03/2017,13.88,13.88,12.49,13.08
12/30/2016,13.32,14.46,10.76,13.88
12/29/2016,12.94,13.66,12.92,13.32
12/28/2016,12.31,12.92,12.13,12.91
12/27/2016,11.54,12.49,11.54,12.31
12/23/2016,11.49,11.92,11.49,11.54
12/22/2016,11.36,12.88,10.16,11.49
12/21/2016,11.45,13.65,10.78,11.36
12/20/2016,11.48,11.7,11.3,11.45
12/19/2016,11.77,12.26,11.47,11.48
12/16/2016,12.3,12.44,11.48,11.77
12/15/2016,12.54,12.79,3.59,12.3
12/14/2016,12.29,16.45,10.91,12.54
12/13/2016,12.1,12.85,5.77,12.29
12/12/2016,12.41,12.64,11.57,12.09
12/09/2016,13.21,13.37,12.41,12.41
12/08/2016,12.07,13.71,12.07,13.21
12/07/2016,12.22,12.34,9.98,12.07
12/06/2016,12.31,12.58,11.97,12.22
12/05/2016,13.58,13.92,9.21,12.32
12/02/2016,13.62,14.16,12.46,13.58
12/01/2016,13.51,14.14,13.33,13.62
11/30/2016,13.17,13.54,12.23,13.5
11/29/2016,13.66,14.03,13.17,13.17
11/28/2016,12.81,13.94,12.81,13.66
11/25/2016,12.77,13.06,10.48,12.81
11/23/2016,12.55,13.22,12.55,12.77
11/22/2016,12.66,13.01,12.31,12.55
11/21/2016,13.14,13.36,12.48,12.66
11/18/2016,13.55,13.71,12.68,13.14
11/17/2016,13.61,13.81,13.16,13.56
11/16/2016,13.3,14.16,13.23,13.61
11/15/2016,13.93,14.47,13.17,13.3
11/14/2016,15.02,15.08,13.86,13.96
11/11/2016,14.55,15.18,14.54,15.02
11/10/2016,14.63,15.65,11.66,14.55
11/09/2016,17.93,18.58,13.85,14.62
11/08/2016,18.01,19.21,16.02,17.93
11/07/2016,21.46,21.46,17.83,18
11/04/2016,20.66,21.91,20.14,21.46
11/03/2016,18.6,20.94,15.87,20.63
11/02/2016,18.31,19.29,17.89,18.58
11/01/2016,17.29,20.07,12.65,18.31
10/31/2016,16.36,17.75,14.06,17.29
10/28/2016,15.43,17.4,14.15,16.35
10/27/2016,14.58,15.44,14.21,15.42
10/26/2016,14,15.04,14,14.59
10/25/2016,13.7,14.41,13.7,14
10/24/2016,13.78,13.97,12.99,13.68
10/21/2016,13.81,14.63,13.63,13.78
10/20/2016,14.31,14.66,13.77,13.81
10/19/2016,15.06,15.06,13.95,14.32
10/18/2016,15.62,15.62,14.79,15.06
10/17/2016,15.48,16.19,15.43,15.62
10/14/2016,15.82,15.82,14.81,15.48
10/13/2016,15.24,17.03,15.24,15.82
10/12/2016,15.06,15.7,14.94,15.25
10/11/2016,13.63,23.23,13.63,15.04
10/10/2016,14.17,14.17,13.61,13.63
10/07/2016,13.94,14.83,13.88,14.17
10/06/2016,13.94,14.76,13.91,13.93
10/05/2016,14.47,14.47,13.47,13.94
10/04/2016,14.15,15.24,13.46,14.47
10/03/2016,13.81,14.99,13.81,14.15
09/30/2016,14.7,14.7,13.18,13.76
09/29/2016,13.01,16.2,12.78,14.7
09/28/2016,13.52,14.03,11.75,13.01
09/27/2016,14.82,15.4,13.49,13.52
09/26/2016,12.47,14.94,11.18,14.82
09/23/2016,12.08,12.8,12.08,12.45
09/22/2016,13.13,13.13,11.83,12.08
09/21/2016,15.37,15.37,13.01,13.13
09/20/2016,14.85,15.45,14.36,15.39
09/19/2016,14.61,15.25,14.01,14.86
09/16/2016,14.9,15.76,14.51,14.61
09/15/2016,16.79,16.79,14.57,14.9
09/14/2016,16.55,19.47,12.3,16.75
09/13/2016,13.33,17.46,13.33,16.55
09/12/2016,16.48,16.72,13.11,13.34
09/09/2016,12.06,16.53,12.06,16.48
09/08/2016,12.05,12.11,12.05,12.06
09/07/2016,11.98,12.06,11.98,12.05
09/06/2016,11.65,11.98,11.65,11.98
09/02/2016,12.84,12.84,11.63,11.65
09/01/2016,12.78,13.81,12.78,12.85
08/31/2016,12.63,13.66,12.63,12.78
08/30/2016,12.72,13.04,12.47,12.64
08/29/2016,12.97,13.41,12.71,12.72
08/26/2016,12.93,13.95,11.87,12.97
08/25/2016,12.72,13.28,12.63,12.94
08/24/2016,12.11,13.29,12.11,12.72
08/23/2016,11.92,12.2,11.54,12.11
08/22/2016,11.09,12.67,11.09,11.92
08/19/2016,11.16,11.84,11.08,11.09
08/18/2016,11.61,11.76,11.1,11.16
08/17/2016,12.08,12.93,11.54,11.6
08/16/2016,11.44,12.22,11.44,12.1
08/15/2016,11.61,11.61,11.25,11.44
08/12/2016,11.62,11.86,11.41,11.61
08/11/2016,11.69,11.8,11.49,11.62
08/10/2016,11.41,11.7,11.41,11.69
08/09/2016,11.76,11.76,11.41,11.41
08/08/2016,11.85,11.95,11.75,11.76
08/05/2016,12.53,12.53,11.83,11.85
08/04/2016,12.8,12.91,12.46,12.53
08/03/2016,13.17,13.52,12.62,12.79
08/02/2016,12.56,13.78,12.56,13.17
08/01/2016,11.98,13.05,11.98,12.56
07/29/2016,12.25,12.59,11.97,11.98
07/28/2016,12.43,12.93,12.17,12.24
07/27/2016,13.02,13.58,12.19,12.43
07/26/2016,13,13.41,12.77,13.02
07/25/2016,12,13.48,12,13
07/22/2016,12.59,12.71,11.95,12
07/21/2016,11.64,13.03,11.64,12.59
07/20/2016,11.72,11.75,11.25,11.65
07/19/2016,12.09,12.4,11.69,11.7
07/18/2016,11.75,12.7,11.75,12.09
07/15/2016,12.08,12.18,11.43,11.75
07/14/2016,12.27,12.36,11.87,12.08
07/13/2016,12.76,12.76,12.09,12.27
07/12/2016,12.61,12.98,11.79,12.76
07/11/2016,13.43,13.43,11.55,12.61
07/08/2016,14.72,14.72,13.43,13.43
07/07/2016,15.58,15.58,14.34,14.72
07/06/2016,15.07,16.13,15.07,15.58
07/05/2016,14.26,15.74,14.26,15.08
07/01/2016,15.15,15.15,13.83,14.26
06/30/2016,15.86,15.86,14.8,15.15
06/29/2016,17.97,17.97,15.87,15.87
06/28/2016,21.95,21.95,17.03,17.97
06/27/2016,22.73,23.69,21.36,21.95
06/24/2016,16.3,22.71,16.3,22.71
06/23/2016,19.3,19.3,15.7,16.3
06/22/2016,17.16,19.34,16.37,19.3
06/21/2016,16.77,17.35,16.38,17.16
06/20/2016,17.67,17.67,14.94,16.79
06/17/2016,17.7,18.2,16.92,17.68
06/16/2016,18.17,20.63,17.39,17.7
06/15/2016,18.23,18.23,15.64,18.17
06/14/2016,18.44,19.71,18.17,18.2
06/13/2016,14.86,18.45,14.86,18.44
06/10/2016,13.72,14.99,13.72,14.86
06/09/2016,13.11,13.87,13.11,13.72
06/08/2016,12.79,13.24,12.79,13.11
06/07/2016,13.24,13.24,12.65,12.79
06/06/2016,12.66,13.31,12.66,13.24
06/03/2016,13.09,13.83,12.46,12.66
06/02/2016,13.57,14.22,12.99,13.09
06/01/2016,13.7,14.61,13.42,13.57
05/31/2016,12.44,14.23,12.44,13.7
05/27/2016,12.81,12.96,12.32,12.44
05/26/2016,13.14,13.29,12.81,12.81
05/25/2016,13.57,13.57,12.69,13.14
05/24/2016,14.67,16.16,13.49,13.57
05/23/2016,14.48,15.27,14.36,14.67
05/20/2016,15.74,15.74,14.46,14.48
05/19/2016,15.31,16.91,15.31,15.74
05/18/2016,15.06,15.86,14.33,15.31
05/17/2016,14.47,15.71,13.34,15.06
05/16/2016,15.22,15.57,14.07,14.46
05/13/2016,14.34,15.32,14.34,15.22
05/12/2016,14.79,15.25,14.21,14.34
05/11/2016,13.82,14.78,13.81,14.78
05/10/2016,14.52,14.52,13.81,13.82
05/09/2016,14.42,14.93,14.16,14.49
05/06/2016,15.58,15.72,14.41,14.43
05/05/2016,15.67,15.95,15.24,15.58
05/04/2016,15.28,16.27,15.28,15.67
05/03/2016,14.52,16.06,14.52,15.28
05/02/2016,15,15.37,14.33,14.52
04/29/2016,14.85,18.35,14.85,15.01
04/28/2016,13.65,15.16,13.38,14.88
04/27/2016,13.89,14.8,13.5,13.65
04/26/2016,13.84,14.22,13.58,13.93
04/25/2016,13.15,14.48,13.15,13.84
04/22/2016,13.49,13.98,13.08,13.15
04/21/2016,12.99,13.77,12.99,13.49
04/20/2016,12.78,13.24,12.23,12.99
04/19/2016,13.1,13.36,12.58,12.78
04/18/2016,12.79,13.87,12.79,13.11
04/15/2016,12.72,13.18,12.68,12.79
04/14/2016,12.85,13.12,12.55,12.72
04/13/2016,13.95,13.95,12.49,12.85
04/12/2016,14.91,15.29,13.49,13.97
04/11/2016,15.33,15.33,13.53,14.91
04/08/2016,15.7,15.77,15.11,15.33
04/07/2016,14.74,16.26,14.74,15.7
04/06/2016,15.4,15.94,10.76,14.74
04/05/2016,14.28,15.57,14.28,15.4
04/04/2016,13.59,14.56,13.59,14.28
04/01/2016,13.74,16.33,13.37,13.59
03/31/2016,13.26,13.97,13.17,13.74
03/30/2016,13.68,13.68,11.09,13.26
03/29/2016,14.66,15.55,12.46,13.69
03/28/2016,14.19,15.28,14.19,14.65
03/24/2016,14.34,15.71,14.16,14.19
03/23/2016,13.78,15.18,13.29,14.33
03/22/2016,13.4,15.22,13.4,13.79
03/21/2016,13.24,14.18,13.06,13.41
03/18/2016,13.62,13.63,12.93,13.25
03/17/2016,14.36,14.69,13.34,13.59
03/16/2016,15.84,15.91,13.95,14.34
03/15/2016,16.12,16.79,15.6,15.84
03/14/2016,16.37,16.74,15.41,16.12
03/11/2016,17.27,17.27,16.35,16.37
03/10/2016,17.54,18.49,16.28,17.27
03/09/2016,17.71,18.06,17.18,17.54
03/08/2016,17,17.98,17,17.67
03/07/2016,16.79,17.64,16.5,16.99
03/04/2016,16.71,17.14,16.13,16.77
03/03/2016,16.82,17.63,16.15,16.71
03/02/2016,17.51,18.3,16.53,16.82
03/01/2016,19.77,19.77,17.4,17.51
02/29/2016,19.09,19.99,18.57,19.77
02/26/2016,18.21,19.27,17.9,19.09
02/25/2016,19.94,20.23,18.2,18.2
02/24/2016,19.87,21.66,19.78,19.94
02/23/2016,18.45,20.02,18.13,19.87
02/22/2016,19.46,19.46,17.97,18.44
02/19/2016,20.51,21.36,19.45,19.46
02/18/2016,21.34,21.34,19.26,20.51
02/17/2016,23.32,23.32,20.87,21.35
02/16/2016,24.58,24.59,23.09,23.29
02/12/2016,27.39,27.39,24.29,24.58
02/11/2016,25.07,28.83,25.07,27.39
02/10/2016,25.21,25.24,23.43,25.07
02/09/2016,24.69,26.7,24.69,25.21
02/08/2016,22.13,26.04,22.13,24.66
02/05/2016,20.95,22.55,20.95,22.13
02/04/2016,20.99,22.05,20.36,20.94
02/03/2016,21.32,23.54,20.63,20.99
02/02/2016,19.86,21.66,19.86,21.33
02/01/2016,19.57,21.14,19.57,19.86
01/29/2016,21.63,21.63,19.47,19.57
01/28/2016,22.16,22.97,16.58,21.63
01/27/2016,21.85,22.97,21.14,22.19
01/26/2016,23.46,23.52,21.67,21.85
01/25/2016,21.9,23.51,21.9,23.46
01/22/2016,25.46,25.46,21.65,21.93
01/21/2016,26.98,27.28,24.4,25.46
01/20/2016,25.18,30.36,25.18,26.98
01/19/2016,25.57,26.27,24.52,25.18
01/15/2016,22.5,28.47,22.5,25.57
01/14/2016,23.47,24.43,21.75,22.5
01/13/2016,21.54,24.54,20.73,23.47
01/12/2016,22.72,22.72,20.37,21.52
01/11/2016,25.04,25.62,22.36,22.72
01/08/2016,22.9,25.16,21.66,25.05
01/07/2016,19.63,24.18,19.63,22.87
01/06/2016,18.89,25.78,18.89,19.62
01/05/2016,19.12,19.96,18.61,18.89
01/04/2016,17.01,23.66,17.01,19.12
12/31/2015,16.6,17.73,16.6,17.01
12/30/2015,15.92,16.72,15.92,16.56
12/29/2015,16.7,17.53,15.47,15.92
12/28/2015,15.65,17.6,15.65,16.73
12/24/2015,15.71,15.97,15.3,15.65
12/23/2015,16.42,22.55,15.48,15.71
12/22/2015,18.13,23.7,16.42,16.44
12/21/2015,19.3,19.3,17.93,18.13
12/18/2015,17.53,19.51,17.53,19.3
12/17/2015,16.69,24.44,15.34,17.53
12/16/2015,19.26,19.89,10.3,16.69
12/15/2015,20.89,20.89,18.6,19.26
12/14/2015,22.61,24.23,19.82,20.89
12/11/2015,18.21,23.37,18.21,22.57
12/10/2015,18.58,18.69,17.37,18.21
12/09/2015,17.31,19.13,16.24,18.5
12/08/2015,15.69,17.83,15.69,17.31
12/07/2015,14.96,16.7,14.96,15.71
12/04/2015,17.6,17.6,14.66,14.96
12/03/2015,15.84,18.44,15.8,17.6
12/02/2015,15,17.17,14.81,15.84
12/01/2015,15.83,20.1,14.7,15
11/30/2015,15.13,16.35,15.13,15.83
11/27/2015,14.79,15.69,14.79,15.13
11/25/2015,15.3,17.39,14.61,14.79
11/24/2015,15.15,16.35,14.78,15.3
11/23/2015,14.91,18.97,14.91,15.15
11/20/2015,16.18,16.18,14.7,14.92
11/19/2015,16.36,16.36,15.69,16.18
11/18/2015,17.8,17.97,16.19,16.36
11/17/2015,17.42,18.59,16.74,17.8
11/16/2015,19.17,19.44,17.13,17.42
11/13/2015,17.55,19.69,17.55,19.17
11/12/2015,15.68,17.55,15.68,17.55
11/11/2015,15.26,15.79,14.87,15.69
11/10/2015,15.99,16.43,15.09,15.26
11/09/2015,14.2,16.52,14.2,15.99
11/06/2015,14.92,15.54,14.19,14.2
11/05/2015,15.27,16.01,14.92,14.92
11/04/2015,14.54,15.46,13.97,15.27
11/03/2015,14.28,14.74,13.79,14.54
11/02/2015,15.08,15.31,14.14,14.29
10/30/2015,14.62,15.19,14.17,15.08
10/29/2015,14.4,15.44,14.4,14.62
10/28/2015,15.33,15.56,12.41,14.42
10/27/2015,15.01,15.78,14.58,15.33
10/26/2015,14.19,15.2,14.19,15
10/23/2015,14.21,14.69,13.15,14.19
10/22/2015,15.72,15.72,14.02,14.25
10/21/2015,14.73,15.75,13.98,15.72
10/20/2015,14.14,15.08,14.1,14.72
10/19/2015,14.38,15.48,13.8,14.14
10/16/2015,14.69,15.27,14.08,14.37
10/15/2015,16.42,16.59,14.7,14.7
10/14/2015,16.19,17.03,15.81,16.42
10/13/2015,14.59,16.23,14.59,16.2
10/12/2015,16.55,16.55,14.57,14.59
10/09/2015,16.96,17.52,16.31,16.56
10/08/2015,17.64,18.07,16.51,16.96
10/07/2015,18.52,18.83,17.53,17.64
10/06/2015,18.86,19.04,18.27,18.52
10/05/2015,19.95,19.95,18.64,18.87
10/02/2015,21.59,23.23,19.83,19.95
10/01/2015,22.53,27.38,21.58,21.59
09/30/2015,24.43,24.43,17.4,22.53
09/29/2015,25.06,26.09,23.99,24.43
09/28/2015,21.94,25.66,21.94,25.06
09/25/2015,22.12,22.71,20,21.94
09/24/2015,20.8,32.44,20.8,22.12
09/23/2015,21.14,21.58,20.51,20.8
09/22/2015,19.4,22.49,19.4,21.14
09/21/2015,21.36,21.45,19.4,19.4
09/18/2015,21.41,24.79,20.82,21.36
09/17/2015,20.55,24.62,13.72,21.44
09/16/2015,21.88,22.23,20.51,20.51
09/15/2015,23.57,23.57,21.61,21.87
09/14/2015,23,24.52,23,23.5
09/11/2015,24.77,31.8,23,23
09/10/2015,25.4,26.4,15.45,24.77
09/09/2015,24.86,25.97,22.69,25.4
09/08/2015,26.93,27.72,24.32,24.86
09/04/2015,24.83,28.2,24.83,26.92
09/03/2015,25.18,25.48,23.43,24.83
09/02/2015,29.78,31.74,24.6,25.2
09/01/2015,27.01,31.34,27.01,29.8
08/31/2015,25.31,28.08,25.31,27.01
08/28/2015,25.49,27.67,25.25,25.31
08/27/2015,29.53,29.53,17.71,25.51
08/26/2015,34.51,34.51,28.82,29.61
08/25/2015,33.11,36.84,27.25,34.51
08/24/2015,28.18,56.32,23.93,33.11
08/21/2015,19.73,30.12,19.73,28.03
08/20/2015,15.7,19.77,15.7,19.73
08/19/2015,14.31,16.51,14.15,15.68
08/18/2015,13.87,14.46,13.87,14.3
08/17/2015,14.11,15.33,13.75,13.81
08/14/2015,14.67,14.75,14.09,14.13
08/13/2015,15.6,15.68,14.26,14.67
08/12/2015,15.3,17.93,15.3,15.63
08/11/2015,13.67,15.75,13.67,15.3
08/10/2015,14.67,14.67,13.58,13.7
08/07/2015,14.76,15.54,14.61,14.67
08/06/2015,13.76,15.06,13.5,14.76
08/05/2015,13.98,13.98,13.11,13.76
08/04/2015,13.63,14.16,13.52,13.95
08/03/2015,12.91,16.17,9.09,13.62
07/31/2015,12.94,13.58,11.28,12.96
07/30/2015,13.27,14.05,12.84,12.96
07/29/2015,14.1,14.17,11.9,13.28
07/28/2015,15.79,15.8,11.48,14.1
07/27/2015,13.98,16.39,13.98,15.79
07/24/2015,13.37,14.87,9.64,13.99
07/23/2015,12.69,13.82,12.69,13.36
07/22/2015,12.82,13.29,11.28,12.69
07/21/2015,12.75,13.64,12.54,12.8
07/20/2015,12.11,12.86,12.08,12.79
07/17/2015,12.31,12.45,8.09,12.11
07/16/2015,13.05,17.94,11.96,12.31
07/15/2015,13.03,13.53,12.61,13.05
07/14/2015,13.67,13.71,12.56,13.03
07/13/2015,16.81,16.81,13.24,13.66
07/10/2015,19.17,19.17,16.73,16.84
07/09/2015,19.24,19.29,17.12,19.17
07/08/2015,16.27,20.61,14.79,19.24
07/07/2015,17.09,18.69,15.99,16.27
07/06/2015,17,18.83,17,17.09
07/02/2015,16.39,17.45,15.65,17
07/01/2015,18.3,18.3,13.23,16.39
06/30/2015,18.68,19.3,17.5,18.3
06/29/2015,14.02,19.94,14.02,18.69
06/26/2015,14.38,14.72,9.67,14.15
06/25/2015,13.63,14.6,13.32,14.38
06/24/2015,12.45,13.65,12.41,13.63
06/23/2015,12.96,12.96,12.22,12.47
06/22/2015,13.82,13.82,12.67,12.97
06/19/2015,13.45,14.6,13.1,13.82
06/18/2015,14.45,19.44,12.73,13.45
06/17/2015,14.92,16.45,7.76,14.57
06/16/2015,15.38,15.71,14.83,14.92
06/15/2015,13.85,15.88,11.15,15.38
06/12/2015,13.15,14.17,13.15,13.85
06/11/2015,13.56,13.56,12.81,13.15
06/10/2015,14.94,14.94,13.42,13.56
06/09/2015,15.34,15.62,14.88,14.96
06/08/2015,14.67,15.47,14.67,15.34
06/05/2015,15.05,17.59,14.57,14.66
06/04/2015,13.83,15.5,13.83,15.06
06/03/2015,14.37,14.7,13.49,13.83
06/02/2015,14.14,15.14,13.9,14.37
06/01/2015,13.92,14.89,13.81,14.14
05/29/2015,13.58,15.39,13.35,13.92
05/28/2015,13.51,14.09,13.43,13.58
05/27/2015,14.04,14.3,13.06,13.51
05/26/2015,12.59,17.85,12.59,14.14
05/22/2015,12.32,12.68,12.27,12.59
05/21/2015,12.87,13.9,12.26,12.46
05/20/2015,12.73,15.85,12.51,12.87
05/19/2015,12.85,13.56,12.53,12.82
05/18/2015,12.44,13.36,12.44,12.85
05/15/2015,12.9,13.4,11.95,12.44
05/14/2015,13.7,13.7,12.62,12.9
05/13/2015,13.79,13.94,11.02,13.7
05/12/2015,13.85,15.22,13.64,13.8
05/11/2015,13.54,13.84,13.3,13.84
05/08/2015,15.37,15.37,13.44,13.54
05/07/2015,15.46,16.76,15.2,15.37
05/06/2015,14.82,16.42,14.33,15.45
05/05/2015,13.88,14.99,13.88,14.82
05/04/2015,13.79,14.04,13.6,13.88
05/01/2015,15.09,15.09,12,13.79
04/30/2015,14.1,15.86,14.1,15.09
04/29/2015,13.38,15.01,10.49,14.1
04/28/2015,13.96,14.97,13.3,13.38
04/27/2015,13.3,14.18,13.3,13.96
04/24/2015,13.39,13.74,13.18,13.3
04/23/2015,13.52,14.02,12.99,13.39
04/22/2015,13.77,14.44,13.25,13.52
04/21/2015,13.45,13.93,13.09,13.77
04/20/2015,14.27,14.27,12.9,13.45
04/17/2015,12.81,16.51,11.58,14.27
04/16/2015,13.23,13.62,12.61,12.81
04/15/2015,13.93,13.93,13.07,13.23
04/14/2015,14.49,15,13.58,13.93
04/13/2015,13.32,14.68,13.15,14.49
04/10/2015,13.75,13.85,13.12,13.34
04/09/2015,14.34,14.79,13.42,13.75
04/08/2015,14.79,16.92,14.16,14.34
04/07/2015,14.86,14.86,14.32,14.79
04/06/2015,15.04,16.22,14.51,14.86
04/02/2015,15.25,15.55,14.58,15.04
04/01/2015,15.41,16.71,15.19,15.25
03/31/2015,14.48,16.51,14.48,15.41
03/30/2015,15.05,15.05,14.1,14.48
03/27/2015,15.52,16.29,14.97,15.06
03/26/2015,15.38,16.96,15.24,15.52
03/25/2015,13.64,15.49,13.6,15.38
03/24/2015,13.42,13.71,12.86,13.64
03/23/2015,13.01,15.51,12.94,13.42
03/20/2015,13.94,13.94,12.39,13.03
03/19/2015,13.79,14.74,13.73,13.94
03/18/2015,15.42,16.06,7.04,13.79
03/17/2015,15.3,16.03,15.18,15.42
03/16/2015,15.44,15.44,14.69,15.3
03/13/2015,14.84,16.29,13.07,15.44
03/12/2015,16.15,16.15,14.59,14.84
03/11/2015,15.67,18.07,15.65,16.14
03/10/2015,14.36,15.83,14.36,15.67
03/09/2015,14.7,15.17,14.13,14.35
03/06/2015,13.6,15.22,13.6,14.7
03/05/2015,13.89,14.15,13.41,13.6
03/04/2015,13.47,16.13,13.47,13.89
03/03/2015,12.96,14.11,12.96,13.47
03/02/2015,13.2,13.67,12.55,12.96
02/27/2015,13.31,13.54,13.01,13.23
02/26/2015,13.18,13.66,13.03,13.31
02/25/2015,13.05,14.88,12.75,13.18
02/24/2015,14.03,14.03,12.69,13.05
02/23/2015,13.88,15.66,9.95,14.03
02/20/2015,14.97,15.67,13.73,13.88
02/19/2015,15.16,15.75,14.15,14.97
02/18/2015,15.48,16.05,11.62,15.16
02/17/2015,14.85,15.9,14.83,15.48
02/13/2015,15.81,15.81,14.23,14.85
02/12/2015,16.93,16.93,15.32,15.8
02/11/2015,17.03,17.56,16.81,16.94
02/10/2015,17.94,17.94,16.6,17.03
02/09/2015,16.97,18.8,16.97,17.94
02/06/2015,16.48,17.97,15.68,16.97
02/05/2015,17.57,17.57,15.88,16.48
02/04/2015,16.94,17.52,16.32,17.51
02/03/2015,18.86,18.86,16.47,16.94
02/02/2015,19.94,21.44,18.72,18.86
01/30/2015,16.8,20.51,13.02,19.95
01/29/2015,19.31,19.88,14.91,16.8
01/28/2015,16.84,19.34,12.95,19.34
01/27/2015,15.08,17.91,12.55,16.85
01/26/2015,15.84,16.71,14.67,15.08
01/23/2015,15.43,16.05,10.57,15.84
01/22/2015,17.64,17.87,15.04,15.43
01/21/2015,18.44,19.52,17.58,17.64
01/20/2015,18.26,19.59,18.26,18.44
01/16/2015,19,20.18,14.11,18.27
01/15/2015,18.53,23.04,12.53,19
01/14/2015,17.61,19.9,17.61,18.53
01/13/2015,17.05,18.58,15.57,17.61
01/12/2015,16.25,17.75,16.08,17.01
01/09/2015,15.76,16.69,15.25,16.27
01/08/2015,17.32,17.32,15.74,15.77
01/07/2015,18.47,18.47,13.27,17.32
01/06/2015,17.92,19.74,12.56,18.46
01/05/2015,16.11,18.77,16.11,17.88
01/02/2015,16.66,17.64,15.65,16.07
12/31/2014,14.81,17.44,10.45,16.63
12/30/2014,14.5,18.02,14.5,14.81
12/29/2014,14.02,15.25,14.02,14.49
12/26/2014,14.22,14.22,13.72,14.01
12/24/2014,14.12,14.23,13.54,14.22
12/23/2014,14.3,14.53,11.14,14.12
12/22/2014,16.05,16.46,14.29,14.3
12/19/2014,16.39,16.39,15.02,16.05
12/18/2014,19.19,20.2,15.2,16.39
12/17/2014,21.48,23.19,18.57,19.19
12/16/2014,19.39,21.72,17.68,21.48
12/15/2014,20.45,20.73,18.47,19.39
12/12/2014,18.75,22.33,17.8,20.45
12/11/2014,17.51,18.75,15.34,18.75
12/10/2014,14.92,17.8,14.92,17.51
12/09/2014,14.25,16.03,14.25,14.92
12/08/2014,11.98,14.5,11.98,14.25
12/05/2014,13,13,11.98,11.98
12/04/2014,13.07,13.55,12.47,13
12/03/2014,13.28,13.38,12.4,13.07
12/02/2014,14.16,14.19,12.89,13.28
12/01/2014,13.27,14.43,13.27,14.13
11/28/2014,12.19,13.31,12.19,13.27
11/26/2014,12.15,13.14,11.54,12.19
11/25/2014,12.37,12.53,11.82,12.15
11/24/2014,12.56,12.79,12.08,12.37
11/21/2014,12.51,12.98,11.69,12.57
11/20/2014,13.49,13.93,9.58,13.12
11/19/2014,13.22,13.93,12.79,13.49
11/18/2014,13.2,13.3,12.41,13.22
11/17/2014,12.82,13.35,12.59,13.2
11/14/2014,12.85,13.06,12.35,12.82
11/13/2014,12.85,13.27,12.26,12.85
11/12/2014,12.61,13.43,12.41,12.85
11/11/2014,12.43,12.65,12.17,12.61
11/10/2014,12.61,12.86,12.01,12.44
11/07/2014,13.11,13.35,12.1,12.61
11/06/2014,13.46,13.88,12.72,13.14
11/05/2014,14.02,14.02,12.88,13.46
11/04/2014,13.99,14.61,13.14,14.02
11/03/2014,13.21,14.03,12.91,13.99
10/31/2014,13.53,13.58,12.63,13.21
10/30/2014,13.77,14.28,11.34,13.53
10/29/2014,13.67,14.69,11.58,13.73
10/28/2014,14.97,14.97,11.9,13.71
10/27/2014,14.9,16.43,14.87,14.97
10/24/2014,15.27,16.61,11.36,14.91
10/23/2014,16.24,16.24,14.47,15.27
10/22/2014,14.69,16.65,14.5,16.23
10/21/2014,16.78,16.78,14.6,14.69
10/20/2014,17.06,18.25,16.77,16.78
10/17/2014,19.61,19.61,16.66,17.06
10/16/2014,17.4,22.6,17.4,19.63
10/15/2014,15.92,17.86,15.92,17.4
10/14/2014,16.66,16.91,15.44,15.92
10/13/2014,17.11,17.11,15.13,16.66
10/10/2014,15.75,17.23,15.27,17.11
10/09/2014,13.36,16.08,13.36,15.7
10/08/2014,14.86,15.26,13.3,13.36
10/07/2014,13.36,14.99,13.36,14.86
10/06/2014,12.98,13.69,12.62,13.36
10/03/2014,14.19,14.19,12.56,12.98
10/02/2014,14.77,15.51,13.97,14.19
10/01/2014,14.33,16.06,14.24,14.76
09/30/2014,13.93,14.48,13.44,14.33
09/29/2014,13.25,16.34,13.25,13.93
09/26/2014,14.02,14.04,12.46,13.25
09/25/2014,11.73,14.58,11.73,14.02
09/24/2014,13.39,13.39,11.93,12.01
09/23/2014,12.17,13.39,12.17,13.39
09/22/2014,11.04,12.34,11.04,12.17
09/19/2014,10.98,11.49,10.65,11.03
09/18/2014,11.77,11.77,10.78,10.99
09/17/2014,12.31,12.37,9.21,11.77
09/16/2014,13.12,13.5,12.08,12.31
09/15/2014,12.64,13.59,12.64,13.12
09/12/2014,12.27,13.36,11.91,12.64
09/11/2014,12.32,13,12.06,12.27
09/10/2014,12.61,13.14,12.22,12.32
09/09/2014,11.89,12.87,11.89,12.61
09/08/2014,11.5,12.16,11.5,11.89
09/05/2014,12.04,12.27,11.24,11.5
09/04/2014,11.79,12.28,11.19,12.04
09/03/2014,11.74,11.79,11.08,11.79
09/02/2014,11.37,12.25,11.37,11.74
08/29/2014,11.05,11.55,10.89,11.37
08/28/2014,10.7,11.73,10.29,11.05
08/27/2014,10.69,10.86,10.62,10.7
08/26/2014,10.83,10.85,10.43,10.69
08/25/2014,10.75,10.83,9.06,10.83
08/22/2014,10.73,11.3,10.35,10.75
08/21/2014,10.98,10.98,9.85,10.73
08/20/2014,11.2,11.39,7.64,10.98
08/19/2014,11.48,11.48,10.71,11.2
08/18/2014,12.83,12.83,11.16,11.47
08/15/2014,11.77,13.83,11.03,12.83
08/14/2014,12.37,12.37,11.35,11.77
08/13/2014,13.51,13.51,11.93,12.37
08/12/2014,13.71,13.93,13.32,13.51
08/11/2014,14.8,14.8,13.06,13.71
08/08/2014,15.63,15.84,14.59,14.8
08/07/2014,15.2,16,14.48,15.63
08/06/2014,15.73,16.28,14.91,15.2
08/05/2014,14.48,16.03,13.87,15.73
08/04/2014,16.11,16.11,14.23,14.48
08/01/2014,15.74,16.45,13.15,16.11
07/31/2014,12.7,15.99,11.75,15.74
07/30/2014,12.56,13.25,11.63,12.7
07/29/2014,12.01,12.56,10.81,12.56
07/28/2014,12.04,12.98,11.93,12.01
07/25/2014,11.39,12.13,11.39,12.04
07/24/2014,11.3,11.6,11.13,11.39
07/23/2014,11.44,11.57,11.11,11.3
07/22/2014,12.03,12.03,10.77,11.43
07/21/2014,11.58,12.83,11.57,12.01
07/18/2014,13.35,13.35,11.08,11.59
07/17/2014,10.3,14.15,10.23,13.35
07/16/2014,11.16,11.16,10.01,10.3
07/15/2014,10.82,11.49,10.37,11.16
07/14/2014,11.21,11.21,10.68,10.82
07/11/2014,11.76,11.92,11.2,11.21
07/10/2014,10.79,12.43,10.79,11.75
07/09/2014,11.14,11.24,10.68,10.79
07/08/2014,10.74,11.72,10.74,11.21
07/07/2014,9.71,10.78,9.71,10.75
07/03/2014,10.17,10.17,9.35,9.71
07/02/2014,10.47,10.52,10.07,10.18
07/01/2014,11.06,11.06,10.31,10.47
06/30/2014,11.02,11.41,10.91,11.06
06/27/2014,11.15,11.42,10.91,11.02
06/26/2014,11.02,12.08,10.91,11.15
06/25/2014,11.17,11.62,10.7,11.02
06/24/2014,10.19,12.77,10.17,11.17
06/23/2014,10.6,11.23,9.12,10.19
06/20/2014,10.44,10.77,10.13,10.6
06/19/2014,10.58,10.65,8.43,10.44
06/18/2014,11.96,11.96,8.67,10.58
06/17/2014,12.27,12.48,10.93,11.96
06/16/2014,11.79,12.38,11.25,12.27
06/13/2014,11.96,12.14,10.98,11.79
06/12/2014,11.25,12.15,11.25,11.97
06/11/2014,10.68,11.38,10.68,11.25
06/10/2014,10.72,11.03,10.6,10.68
06/09/2014,10.48,10.94,10.48,10.72
06/06/2014,11.27,11.27,10.46,10.48
06/05/2014,11.44,11.62,11.05,11.27
06/04/2014,11.21,11.64,11.07,11.44
06/03/2014,11.08,11.46,11.05,11.21
06/02/2014,10.69,11.39,8.71,11.08
05/30/2014,10.94,11.17,7.95,10.69
05/29/2014,11.12,11.34,10.84,10.94
05/28/2014,10.87,11.21,10.87,11.12
05/27/2014,10.47,11.18,10.47,10.87
05/23/2014,11.19,11.31,10.45,10.47
05/22/2014,11.15,11.25,10.64,11.19
05/21/2014,12.17,12.17,11,11.15
05/20/2014,11.53,12.4,11.53,12.17
05/19/2014,11.39,12.32,11.39,11.53
05/16/2014,12.07,12.42,11.12,11.39
05/15/2014,11.54,12.53,11.54,12.08
05/14/2014,11.43,11.67,11.18,11.54
05/13/2014,11.43,11.59,11.08,11.4
05/12/2014,12.12,12.12,11.24,11.43
05/09/2014,12.56,12.89,11.98,12.12
05/08/2014,12.63,12.84,12.11,12.56
05/07/2014,13.01,13.29,12.26,12.63
05/06/2014,12.55,13.14,12.55,13.01
05/05/2014,12.29,13.44,12.07,12.55
05/02/2014,12.47,12.67,11.33,12.29
05/01/2014,12.52,12.77,12,12.47
04/30/2014,12.76,13.04,10.06,12.52
04/29/2014,12.9,13.16,12.46,12.76
04/28/2014,13.06,14.11,12.05,12.9
04/25/2014,12.4,13.59,12.14,13.07
04/24/2014,12.36,12.93,12.35,12.4
04/23/2014,12.39,12.71,12.11,12.36
04/22/2014,12.59,12.59,12.14,12.39
04/21/2014,12.42,13.26,12.42,12.59
04/17/2014,12.77,12.92,10.94,12.42
04/16/2014,14.11,14.11,11.41,12.83
04/15/2014,14.66,15.7,14,14.13
04/14/2014,15.51,15.69,14.55,14.67
04/11/2014,14.64,16.16,11.81,15.51
04/10/2014,12.87,15.06,12.87,14.64
04/09/2014,14.06,14.07,12.83,12.87
04/08/2014,14.52,15.02,13.88,14.07
04/07/2014,13.12,14.84,13.12,14.51
04/04/2014,12.73,13.69,12.28,13.12
04/03/2014,12.51,12.93,11.88,12.73
04/02/2014,12.44,12.96,12.34,12.51
04/01/2014,13.16,13.16,10.43,12.44
03/31/2014,13.55,13.55,12.93,13.16
03/28/2014,13.72,14.02,12.3,13.55
03/27/2014,14.27,14.64,13.1,13.72
03/26/2014,13.57,14.37,12.94,14.27
03/25/2014,14.13,14.16,11.13,13.57
03/24/2014,14.28,14.94,13.84,14.13
03/21/2014,13.96,14.33,13.07,14.29
03/20/2014,14.5,15.56,12.78,13.96
03/19/2014,14.05,15.3,10.16,14.5
03/18/2014,14.8,14.8,13.62,14.06
03/17/2014,16.76,16.76,14.64,14.81
03/14/2014,15.57,16.97,13.33,16.76
03/13/2014,13.83,15.91,13.54,15.54
03/12/2014,14.04,14.74,13.7,13.83
03/11/2014,13.65,14.08,11.82,14.03
03/10/2014,13.37,14.51,13.37,13.65
03/07/2014,13.45,13.68,13.01,13.37
03/06/2014,13.44,13.66,13.12,13.46
03/05/2014,13.55,13.79,12.47,13.44
03/04/2014,15.19,15.19,13.39,13.55
03/03/2014,13.22,15.85,10.98,15.19
02/28/2014,13.27,13.98,10.66,13.22
02/27/2014,13.7,13.87,13.19,13.27
02/26/2014,13.41,13.84,11.78,13.7
02/25/2014,13.81,14.29,9.8,13.41
02/24/2014,14.2,14.23,13.43,13.81
02/21/2014,14.4,14.4,11.89,14.2
02/20/2014,14.96,15.16,14.17,14.4
02/19/2014,13.7,15,13.05,14.96
02/18/2014,13.14,14.12,13.14,13.7
02/14/2014,13.83,13.98,12.86,13.15
02/13/2014,13.97,14.78,13.57,13.83
02/12/2014,14.09,14.25,13.78,13.97
02/11/2014,15.03,15.13,13.87,14.09
02/10/2014,14.91,15.49,14.91,15.04
02/07/2014,16.78,16.78,14.77,14.91
02/06/2014,19.03,19.03,16.54,16.78
02/05/2014,18.56,19.82,14.45,19.03
02/04/2014,20.67,20.67,18.08,18.55
02/03/2014,17.93,20.67,13.26,20.67
01/31/2014,16.83,18.6,16.83,17.91
01/30/2014,16.8,16.83,15.67,16.82
01/29/2014,15.32,17.52,11.55,16.8
01/28/2014,16.69,16.69,13.94,15.32
01/27/2014,17.48,18.15,14.55,16.69
01/24/2014,13.61,17.43,13.61,17.43
01/23/2014,12.66,14.26,12.66,13.63
01/22/2014,12.42,12.91,12.28,12.66
01/21/2014,11.63,13.12,11.19,12.38
01/17/2014,11.94,11.95,9.69,11.64
01/16/2014,11.58,12.11,11.45,11.94
01/15/2014,11.93,11.93,11.38,11.58
01/14/2014,12.65,12.65,11.88,11.93
01/13/2014,11.84,12.87,11.49,12.65
01/10/2014,12.39,12.39,11.65,11.84
01/09/2014,12.29,12.69,12.22,12.39
01/08/2014,12.17,12.62,11.24,12.29
01/07/2014,12.68,12.68,11.95,12.17
01/06/2014,12.89,13.09,12.52,12.68
01/03/2014,13.31,13.33,12.77,12.89
01/02/2014,12.88,13.67,11.78,13.31
12/31/2013,12.64,13.24,11.23,12.9
12/30/2013,11.7,12.64,11.7,12.64
12/27/2013,11.56,11.81,11.52,11.7
12/26/2013,11.9,11.94,11.19,11.57
12/24/2013,12.45,12.45,11.51,11.9
12/23/2013,12.89,12.89,12.17,12.47
12/20/2013,13.02,13.03,12.12,12.89
12/19/2013,12.81,13.09,11.64,13.02
12/18/2013,14.98,15.24,9.25,12.81
12/17/2013,15.12,15.4,14.77,14.98
12/16/2013,14.92,15.16,14.17,15.12
12/13/2013,14.76,14.97,14.41,14.92
12/12/2013,14.33,15.32,14.33,14.76
12/11/2013,13.24,14.39,13.24,14.33
12/10/2013,12.96,13.35,12.96,13.24
12/09/2013,12.83,13.15,12.82,12.96
12/06/2013,14.23,14.23,10.43,12.85
12/05/2013,13.88,14.5,13.88,14.23
12/04/2013,13.81,14.78,13.65,13.88
12/03/2013,13.52,14.26,13.52,13.81
12/02/2013,12.76,13.53,12.58,13.52
11/29/2013,12.03,12.82,11.97,12.76
11/27/2013,11.83,12.03,11.54,12.03
11/26/2013,11.78,11.88,11.59,11.83
11/25/2013,11.4,11.82,11.4,11.78
11/22/2013,11.91,11.99,11.11,11.4
11/21/2013,12.35,12.35,8.12,11.91
11/20/2013,12.17,12.5,9.53,12.35
11/19/2013,11.86,12.26,11.81,12.17
11/18/2013,11.24,12.03,11.24,11.86
11/15/2013,11.96,11.96,10.81,11.24
11/14/2013,12.1,12.48,11.76,11.96
11/13/2013,12.18,12.8,11.73,12.1
11/12/2013,12.04,12.41,11.06,12.18
11/11/2013,12.33,12.33,11.97,12.04
11/08/2013,12.9,12.9,12.17,12.33
11/07/2013,12.12,13.05,12.12,12.89
11/06/2013,12.66,12.66,12.01,12.12
11/05/2013,12.66,13.42,12.42,12.66
11/04/2013,12.65,13.15,12.43,12.66
11/01/2013,13.05,13.16,9.44,12.66
10/31/2013,13.08,13.57,12.59,13.05
10/30/2013,12.78,14.02,12.77,13.08
10/29/2013,12.73,12.83,11.75,12.78
10/28/2013,12.38,13.9,12.38,12.74
10/25/2013,12.4,15.85,12.34,12.38
10/24/2013,12.85,12.88,12.34,12.4
10/23/2013,12.96,13.63,12.8,12.85
10/22/2013,12.98,13.32,12.65,12.97
10/21/2013,12.83,13.54,9.25,12.98
10/18/2013,13.29,13.37,12.48,12.83
10/17/2013,14.73,18.16,13.11,13.29
10/16/2013,17.78,17.78,14.43,14.73
10/15/2013,15.16,17.86,15.16,17.78
10/14/2013,14.76,16.69,14.76,15.17
10/11/2013,15.76,15.76,14.64,14.76
10/10/2013,18.39,18.48,13.92,15.76
10/09/2013,19.33,20.09,14.84,18.39
10/08/2013,18.5,19.8,18.11,19.33
10/07/2013,16.14,18.52,16.14,18.5
10/04/2013,17.16,17.28,16.13,16.15
10/03/2013,16.34,17.9,16.26,17.12
10/02/2013,15.05,16.37,15.05,16.34
10/01/2013,15.91,16.13,13.21,15.04
09/30/2013,14.69,16.67,14.69,15.91
09/27/2013,13.41,14.97,13.41,14.69
09/26/2013,13.56,13.65,13.03,13.4
09/25/2013,13.49,13.85,13.24,13.55
09/24/2013,13.64,13.79,11.85,13.48
09/23/2013,12.84,13.89,12.84,13.64
09/20/2013,12.47,12.87,12.03,12.84
09/19/2013,13.13,13.13,12.41,12.47
09/18/2013,13.44,13.8,12.21,13.13
09/17/2013,13.13,13.52,13.13,13.44
09/16/2013,12.98,14.57,12.42,13.12
09/13/2013,12.95,13.11,12.29,12.98
09/12/2013,12.56,13,12.46,12.95
09/11/2013,13.34,13.38,12.56,12.56
09/10/2013,14.23,14.23,10.88,13.34
09/09/2013,14.36,14.44,13.78,14.23
09/06/2013,14.3,15.02,13.81,14.35
09/05/2013,14.5,14.68,13.35,14.31
09/04/2013,15.12,15.41,14.4,14.5
09/03/2013,15.38,15.73,14.68,15.14
08/30/2013,15.16,15.91,14.88,15.38
08/29/2013,14.84,15.28,14.54,15.15
08/28/2013,15.12,15.34,14.59,14.84
08/27/2013,13.89,15.34,13.89,15.12
08/26/2013,13.06,13.92,13.02,13.89
08/23/2013,13.89,13.89,13.05,13.05
08/22/2013,14.9,14.9,13.79,13.89
08/21/2013,13.81,15.22,13.68,14.9
08/20/2013,13.81,14.06,13.25,13.81
08/19/2013,13.37,13.96,13.37,13.81
08/16/2013,13.84,13.84,12.83,13.37
08/15/2013,12.49,14.03,12.49,13.84
08/14/2013,11.67,12.56,11.67,12.49
08/13/2013,12.21,12.56,11.43,11.67
08/12/2013,12.59,12.96,12.19,12.21
08/09/2013,12.02,13.01,11.38,12.59
08/08/2013,12.02,12.49,11.66,12.02
08/07/2013,11.97,12.87,11.97,12.02
08/06/2013,11.13,12.3,11.13,11.97
08/05/2013,11.25,11.86,11.12,11.13
08/02/2013,12.26,12.26,11.17,11.25
08/01/2013,12.57,12.57,11.72,12.26
07/31/2013,12.33,12.83,12.02,12.57
07/30/2013,12.29,13,12.25,12.33
07/29/2013,11.79,12.7,11.79,12.3
07/26/2013,11.91,12.72,11.74,11.79
07/25/2013,12,12.51,11.85,11.91
07/24/2013,11.71,12.3,11.55,12
07/23/2013,11.68,12.09,11.31,11.71
07/22/2013,11.66,12.53,11.66,11.68
07/19/2013,12.53,12.86,11.61,11.66
07/18/2013,12.7,12.71,12.19,12.53
07/17/2013,13.35,13.46,11.84,12.7
07/16/2013,12.92,13.47,12.86,13.35
07/15/2013,12.9,13.28,12.7,12.92
07/12/2013,12.8,13.04,12.57,12.93
07/11/2013,12.93,13.01,12.42,12.79
07/10/2013,13.25,13.43,12.86,12.93
07/09/2013,13.33,13.39,12.9,13.26
07/08/2013,13.47,13.9,13.31,13.33
07/05/2013,14.7,14.93,13.46,13.47
07/03/2013,14.91,15.71,14.66,14.7
07/02/2013,14.91,15.45,14.49,14.91
07/01/2013,15.21,15.33,14.55,14.92
06/28/2013,14.89,15.81,14.54,15.21
06/27/2013,15.33,15.33,14.3,14.89
06/26/2013,16.61,16.61,15.23,15.33
06/25/2013,17.74,17.74,16.04,16.61
06/24/2013,16.77,19.51,16.5,17.74
06/21/2013,18.23,18.51,16.32,16.77
06/20/2013,14.88,18.84,14.88,18.22
06/19/2013,14.77,15.33,12.18,14.87
06/18/2013,15.16,15.34,14.66,14.77
06/17/2013,15.51,15.96,14.29,15.16
06/14/2013,14.83,15.75,14.4,15.48
06/13/2013,16.69,16.93,14.85,14.85
06/12/2013,15.17,16.9,14.62,16.69
06/11/2013,13.91,15.29,13.91,15.17
06/10/2013,13.59,14.16,13.59,13.91
06/07/2013,14.97,14.97,13.41,13.59
06/06/2013,15.63,16.76,14.95,14.97
06/05/2013,14.46,16.02,14.46,15.62
06/04/2013,14.2,15.35,14.05,14.46
06/03/2013,14.24,15.45,14.06,14.2
05/31/2013,13.21,14.45,12.13,14.23
05/30/2013,13.37,13.68,13.04,13.21
05/29/2013,13.09,14.04,13.09,13.37
05/28/2013,12.61,13.09,10.68,13.09
05/24/2013,12.57,13.18,12.57,12.61
05/23/2013,12.34,13.29,12.01,12.57
05/22/2013,12.2,12.99,11.71,12.34
05/21/2013,11.83,12.34,11.83,12.2
05/20/2013,11.45,12.24,11.45,11.83
05/17/2013,11.89,11.89,8.31,11.45
05/16/2013,11.74,12.98,10.16,11.89
05/15/2013,11.78,12.42,11.57,11.76
05/14/2013,11.45,12.41,11.45,11.78
05/13/2013,11.64,12.75,11.45,11.45
05/10/2013,11.9,12.25,11.61,11.64
05/09/2013,11.66,12.19,11.6,11.9
05/08/2013,11.7,11.85,11.6,11.66
05/07/2013,11.69,11.81,11.51,11.7
05/06/2013,11.67,12.11,11.46,11.7
05/03/2013,12.25,12.25,11.49,11.67
05/02/2013,13.02,13.02,12.18,12.25
05/01/2013,12.21,13.16,12,13.02
04/30/2013,12.34,13.65,12.04,12.21
04/29/2013,12.2,12.6,12,12.36
