Date,Open,High,Low,Price
04/27/2023,101.4,101.8,101.28,101.5
04/26/2023,101.82,101.89,101.01,101.47
04/25/2023,101.26,101.95,101.2,101.86
04/24/2023,101.72,101.91,101.32,101.35
04/21/2023,101.8,102.12,101.65,101.82
04/20/2023,101.99,102.13,101.63,101.84
04/19/2023,101.71,102.23,101.66,101.97
04/18/2023,102.1,102.14,101.64,101.75
04/17/2023,101.57,102.23,101.53,102.1
04/14/2023,101,101.75,100.79,101.55
04/13/2023,101.47,101.6,100.85,101.01
04/12/2023,102.13,102.16,101.45,101.5
04/11/2023,102.52,102.52,102.01,102.2
04/10/2023,102.1,102.81,101.99,102.58
04/07/2023,101.94,102.3,101.88,102.09
04/06/2023,101.83,102.14,101.76,101.82
04/05/2023,101.52,101.99,101.42,101.85
04/04/2023,102.01,102.28,101.46,101.59
04/03/2023,102.63,103.06,101.98,102.09
03/31/2023,102.2,102.63,102.05,102.51
03/30/2023,102.62,102.78,102.07,102.14
03/29/2023,102.49,102.79,102.37,102.64
03/28/2023,102.75,102.76,102.38,102.43
03/27/2023,103.08,103.23,102.83,102.86
03/24/2023,102.6,103.36,102.5,103.12
03/23/2023,102.5,102.64,101.92,102.53
03/22/2023,103.2,103.27,102.07,102.35
03/21/2023,103.31,103.52,103,103.26
03/20/2023,103.66,103.96,103.28,103.28
03/17/2023,104.41,104.45,103.69,103.71
03/16/2023,104.62,104.74,104.2,104.42
03/15/2023,103.74,105.1,103.44,104.65
03/14/2023,103.67,104.05,103.5,103.6
03/13/2023,104.17,104.39,103.48,103.6
03/10/2023,105.13,105.35,104.04,104.58
03/09/2023,105.62,105.73,105.15,105.31
03/08/2023,105.67,105.88,105.37,105.66
03/07/2023,104.3,105.65,104.12,105.62
03/06/2023,104.53,104.69,104.16,104.35
03/03/2023,104.94,105,104.49,104.52
03/02/2023,104.39,105.18,104.39,105.03
03/01/2023,105.04,105.09,104.09,104.48
02/28/2023,104.63,105,104.42,104.87
02/27/2023,105.23,105.36,104.55,104.67
02/24/2023,104.56,105.32,104.42,105.21
02/23/2023,104.5,104.78,104.31,104.6
02/22/2023,104.13,104.6,104.01,104.59
02/21/2023,103.91,104.26,103.77,104.18
02/20/2023,103.91,104.09,103.76,103.88
02/17/2023,104.2,104.67,103.84,103.86
02/16/2023,103.88,104.23,103.53,103.86
02/15/2023,103.21,104.11,103.16,103.92
02/14/2023,103.22,103.52,102.59,103.23
02/13/2023,103.58,103.84,103.24,103.35
02/10/2023,103.26,103.68,102.9,103.63
02/09/2023,103.43,103.55,102.64,103.22
02/08/2023,103.27,103.52,103,103.41
02/07/2023,103.54,103.96,103,103.43
02/06/2023,102.99,103.77,103.01,103.62
02/03/2023,101.83,103.01,101.55,102.92
02/02/2023,100.85,101.91,100.82,101.75
02/01/2023,102.1,102.19,101.04,101.22
01/31/2023,102.19,102.61,102.01,102.1
01/30/2023,101.92,102.31,101.66,102.28
01/27/2023,101.72,102.19,101.68,101.93
01/26/2023,101.58,102.18,101.5,101.84
01/25/2023,102.01,102.12,101.58,101.64
01/24/2023,101.99,102.43,101.72,101.92
01/23/2023,101.99,102.28,101.59,102.14
01/20/2023,102.08,102.55,101.94,102.01
01/19/2023,102.38,102.48,101.99,102.06
01/18/2023,102.47,102.9,101.53,102.36
01/17/2023,102.32,102.56,101.94,102.39
01/16/2023,102.18,102.56,101.77,102.2
01/13/2023,102.21,102.65,101.99,102.2
01/12/2023,103.06,103.29,102.08,102.25
01/11/2023,103.22,103.48,103.11,103.19
01/10/2023,103.29,103.49,103.03,103.24
01/09/2023,103.91,103.94,102.94,103
01/06/2023,105.05,105.63,103.87,103.88
01/05/2023,104.07,105.27,103.99,105.04
01/04/2023,104.58,104.6,103.83,104.25
01/03/2023,103.66,104.86,103.47,104.52
01/01/2023,103.49,104.1,103.39,103.49
12/30/2022,103.95,104.1,103.39,103.52
12/29/2022,104.37,104.45,103.78,103.84
12/28/2022,104.33,104.56,103.85,104.46
12/27/2022,104.12,104.4,103.89,104.18
12/23/2022,104.39,104.54,104.12,104.33
12/22/2022,104.22,104.6,103.75,104.43
12/21/2022,103.95,104.38,103.85,104.16
12/20/2022,104.73,104.79,103.78,103.97
12/19/2022,104.84,104.93,104.13,104.72
12/16/2022,104.45,104.84,104.21,104.7
12/15/2022,103.67,104.88,103.54,104.56
12/14/2022,104.07,104.16,103.45,103.77
12/13/2022,104.99,105.1,103.59,103.98
12/12/2022,104.93,105.25,104.67,105.13
12/09/2022,104.86,105.14,104.48,104.81
12/08/2022,105.2,105.43,104.72,104.77
12/07/2022,105.63,105.82,104.88,105.1
12/06/2022,105.16,105.63,104.89,105.58
12/05/2022,104.51,105.4,104.11,105.29
12/02/2022,104.82,105.59,104.38,104.55
12/01/2022,105.7,105.9,104.66,104.73
11/30/2022,106.72,107.2,105.78,105.95
11/29/2022,106.57,106.88,106.06,106.82
11/28/2022,106.06,106.75,105.32,106.68
11/25/2022,105.96,106.42,105.69,105.96
11/24/2022,105.99,106.07,105.63,106.08
11/23/2022,107.08,107.22,106.03,106.08
11/22/2022,107.7,107.75,107.12,107.22
11/21/2022,106.97,107.99,106.89,107.84
11/18/2022,106.69,107.04,106.34,106.93
11/17/2022,106.27,107.24,106.1,106.69
11/16/2022,106.58,106.78,105.86,106.28
11/15/2022,107,107.1,105.34,106.4
11/14/2022,106.81,107.27,106.48,106.66
11/11/2022,108.24,108.44,106.28,106.29
11/10/2022,110.3,110.99,107.71,108.21
11/09/2022,109.65,110.64,109.45,110.55
11/08/2022,110.06,110.61,109.37,109.64
11/07/2022,111.17,111.27,110.05,110.12
11/04/2022,112.97,112.99,110.72,110.88
11/03/2022,112.17,113.15,111.82,112.93
11/02/2022,111.54,112.15,110.43,111.35
11/01/2022,111.52,111.78,110.72,111.48
10/31/2022,110.67,111.67,110.72,111.53
10/28/2022,110.5,111.04,110.29,110.75
10/27/2022,109.62,110.62,109.54,110.59
10/26/2022,110.96,111.14,109.63,109.7
10/25/2022,111.82,112.13,110.76,110.95
10/24/2022,111.88,112.53,111.47,111.99
10/21/2022,112.94,113.94,111.7,112.01
10/20/2022,112.99,113.09,112.17,112.88
10/19/2022,111.91,113.1,111.92,112.98
10/18/2022,112.07,112.46,111.77,112.13
10/17/2022,113.22,113.22,111.92,112.04
10/14/2022,112.47,113.42,112.16,113.31
10/13/2022,113.24,113.92,112.15,112.36
10/12/2022,113.31,113.59,113.05,113.32
10/11/2022,113.08,113.5,112.41,113.22
10/10/2022,112.84,113.33,112.62,113.14
10/07/2022,112.25,112.88,111.95,112.8
10/06/2022,111.02,112.31,110.78,112.26
10/05/2022,110.23,111.74,110.09,110.07
10/04/2022,111.59,111.89,110.06,110.07
10/03/2022,112.17,112.54,111.47,111.75
09/30/2022,111.75,112.67,111.58,112.12
09/29/2022,113.01,113.79,111.77,112.25
09/28/2022,114.19,114.78,112.56,112.6
09/27/2022,114.02,114.1,114.1,114.1
09/26/2022,113.02,114.53,112.94,114.1
09/23/2022,111.24,113.23,111.08,113.19
09/22/2022,111.48,111.81,110.46,111.35
09/21/2022,110.16,111.58,110.13,110.64
09/20/2022,109.58,110.29,109.36,110.22
09/19/2022,109.64,110.18,109.49,109.74
09/16/2022,109.8,110.26,109.48,109.76
09/15/2022,109.61,109.66,109.66,109.66
09/14/2022,109.97,109.93,109.28,109.66
09/13/2022,108.23,110.01,107.68,109.82
09/12/2022,108.6,108.86,107.81,108.33
09/09/2022,109.58,109.54,108.36,109
09/08/2022,109.67,110.24,109.33,109.71
09/07/2022,110.32,110.79,109.53,109.84
09/06/2022,109.6,110.55,109.38,110.21
09/05/2022,109.61,110.27,109.72,109.83
09/02/2022,109.64,109.72,108.93,109.53
09/01/2022,108.84,109.98,108.77,109.69
08/31/2022,108.75,109.2,108.38,108.7
08/30/2022,108.7,109.11,108.29,108.77
08/29/2022,108.88,109.48,108.49,108.84
08/26/2022,108.47,108.87,107.59,108.8
08/25/2022,108.63,108.69,107.99,108.47
08/24/2022,108.52,109.11,108.36,108.68
08/23/2022,109,109.27,108.08,108.62
08/22/2022,108.09,109.1,108.08,109.05
08/19/2022,107.5,108.22,107.47,108.17
08/18/2022,106.68,107.56,106.51,107.48
08/17/2022,106.45,106.89,106.31,106.57
08/16/2022,106.48,106.94,106.32,106.5
08/15/2022,105.66,106.55,105.55,106.55
08/12/2022,105.16,105.88,105.09,105.63
08/11/2022,105.21,105.46,104.65,105.09
08/10/2022,106.34,106.4,104.64,105.2
08/09/2022,106.34,106.41,105.97,106.37
08/08/2022,106.6,106.8,106.09,106.44
08/05/2022,105.72,106.93,105.69,106.62
08/04/2022,106.48,106.51,105.67,105.69
08/03/2022,106.43,106.82,105.97,106.51
08/02/2022,105.36,106.35,105.05,106.24
08/01/2022,105.88,106.03,105.24,105.45
07/29/2022,106.21,106.66,105.54,105.9
07/28/2022,106.37,106.98,106.06,106.35
07/27/2022,107.13,107.43,106.26,106.45
07/26/2022,106.45,107.28,106.2,107.19
07/25/2022,106.59,107.36,106.11,106.73
07/22/2022,106.59,107.36,106.11,106.73
07/21/2022,107.09,107.32,106.42,106.91
07/20/2022,106.67,107.26,106.39,107.08
07/19/2022,107.49,107.63,106.4,106.68
07/18/2022,108.01,108.04,106.89,107.37
07/15/2022,108.67,108.71,107.91,108.06
07/14/2022,108.14,109.29,108.2,108.54
07/13/2022,108.19,108.58,107.48,107.96
07/12/2022,108.18,108.56,107.84,108.07
07/11/2022,106.93,108.27,106.92,108.02
07/08/2022,107.04,107.79,106.81,107.01
07/07/2022,107.07,107.24,106.71,107.13
07/06/2022,106.49,107.26,106.36,107.1
07/05/2022,105.14,106.79,105.05,106.54
07/04/2022,105.14,105.25,104.82,105.14
07/01/2022,104.78,105.64,104.74,105.14
06/30/2022,105.06,105.54,104.65,104.69
06/29/2022,104.46,105.15,104.36,105.11
06/28/2022,103.97,104.61,103.77,104.51
06/27/2022,104.12,104.21,103.67,103.94
06/24/2022,104.38,104.51,103.95,104.19
06/23/2022,104.21,104.77,104.06,104.43
06/22/2022,104.43,104.95,103.86,104.2
06/21/2022,104.44,104.54,103.94,104.44
06/20/2022,104.65,104.82,104.23,104.7
06/17/2022,103.88,105.09,103.83,104.7
06/16/2022,104.9,105.49,103.42,103.63
06/15/2022,105.35,105.79,104.66,105.16
06/14/2022,105.19,105.65,104.62,105.52
06/13/2022,104.21,105.29,104.21,105.08
06/10/2022,103.34,104.23,103.05,104.15
06/09/2022,102.56,103.37,102.15,103.22
06/08/2022,102.39,102.78,102.27,102.54
06/07/2022,102.49,102.84,102.26,102.32
06/06/2022,102.16,102.47,101.85,102.44
06/03/2022,101.75,102.23,101.64,102.14
06/02/2022,102.55,102.62,101.74,101.82
06/01/2022,101.76,102.73,101.74,102.5
05/31/2022,101.44,102.17,101.41,101.75
05/30/2022,101.66,101.72,101.3,101.67
05/27/2022,101.72,101.94,101.43,101.67
05/26/2022,102.02,102.27,101.74,101.83
05/25/2022,101.77,102.45,101.73,102.06
05/24/2022,102.11,102.32,101.65,101.86
05/23/2022,103.04,103.05,102.04,102.08
05/20/2022,102.9,103.26,102.77,103.15
05/19/2022,103.83,103.88,102.66,102.72
05/18/2022,103.34,103.93,103.19,103.81
05/17/2022,104.17,104.23,103.23,103.36
05/16/2022,104.47,104.64,104.14,104.19
05/13/2022,104.77,105.01,104.47,104.56
05/12/2022,104.01,104.93,103.88,104.85
05/11/2022,103.9,104.11,103.37,103.85
05/10/2022,103.73,103.98,103.5,103.92
05/09/2022,103.66,104.19,103.39,103.65
05/06/2022,103.56,104.06,103.19,103.66
05/05/2022,102.68,103.94,102.35,103.75
05/04/2022,103.46,103.62,102.46,102.59
05/03/2022,103.6,103.67,103.03,103.47
05/02/2022,103.18,103.75,103.11,103.74
04/29/2022,103.67,103.67,102.82,102.96
04/28/2022,103.04,103.93,102.98,103.62
04/27/2022,102.28,103.28,102.22,102.95
04/26/2022,101.73,101.75,101.75,101.75
04/25/2022,101.07,101.86,101.04,101.75
04/22/2022,100.62,101.33,100.47,101.22
04/21/2022,100.35,100.64,99.82,100.58
04/20/2022,100.98,101.04,100.22,100.39
04/19/2022,100.83,101.03,100.7,100.96
04/18/2022,100.5,100.86,100.46,100.78
04/15/2022,100.42,100.57,100.4,100.5
04/14/2022,99.79,100.76,99.57,100.32
04/13/2022,100.34,100.52,99.83,99.88
04/12/2022,100.04,100.33,99.74,100.29
04/11/2022,99.84,100.05,99.62,99.93
04/08/2022,99.82,100.19,99.74,99.8
04/07/2022,99.65,99.83,99.4,99.75
04/06/2022,99.47,99.77,99.31,99.6
04/05/2022,99,99.52,98.84,99.47
04/04/2022,98.57,99.08,98.52,99
04/01/2022,98.34,98.74,98.31,98.63
03/31/2022,97.83,98.4,97.69,98.31
03/30/2022,98.37,98.43,97.69,97.79
03/29/2022,99.08,99.3,98.04,98.4
03/28/2022,98.8,99.37,98.8,99.09
03/25/2022,98.75,98.83,98.4,98.79
03/24/2022,98.64,98.96,98.6,98.79
03/23/2022,98.48,98.88,98.39,98.62
03/22/2022,98.49,98.97,98.32,98.49
03/21/2022,98.24,98.53,98.16,98.5
03/18/2022,98,98.62,97.84,98.23
03/17/2022,98.5,98.51,97.73,97.97
03/16/2022,98.89,99.08,98.3,98.62
03/15/2022,99.13,99.2,98.64,99.1
03/14/2022,99.09,99.29,98.68,99
03/11/2022,98.36,99.16,98.27,99.12
03/10/2022,98.06,98.6,97.71,98.51
03/09/2022,99.12,99.11,97.85,97.97
03/08/2022,99.24,99.32,98.71,99.06
03/07/2022,98.57,99.42,98.57,99.29
03/04/2022,98.04,98.92,97.84,98.65
03/03/2022,97.47,97.95,97.43,97.79
03/02/2022,97.37,97.83,97.29,97.39
03/01/2022,96.77,97.58,96.63,97.41
02/28/2022,97.25,97.42,96.61,96.71
02/25/2022,97,97.22,96.52,96.62
02/24/2022,96.22,97.74,96.28,97.14
02/23/2022,96.04,96.24,95.85,96.19
02/22/2022,96.08,96.26,95.84,96.03
02/21/2022,96.11,96.15,95.69,96.12
02/18/2022,95.83,96.17,95.73,96.04
02/17/2022,95.77,96.11,95.71,95.8
02/16/2022,96.01,96.06,95.68,95.7
02/15/2022,96.24,96.29,95.96,95.99
02/14/2022,96.05,96.44,95.91,96.37
02/11/2022,95.94,96.11,95.64,96.08
02/10/2022,95.57,96,95.17,95.55
02/09/2022,95.59,95.67,95.38,95.49
02/08/2022,95.43,95.75,95.4,95.64
02/07/2022,95.44,95.63,95.35,95.4
02/04/2022,95.31,95.7,95.14,95.49
02/03/2022,96.02,96.25,95.24,95.38
02/02/2022,96.27,96.3,95.81,95.94
02/01/2022,96.7,96.72,96.24,96.39
01/31/2022,97.25,97.3,96.52,96.54
01/28/2022,97.25,97.44,97.06,97.27
01/27/2022,96.55,97.29,96.53,97.26
01/26/2022,95.96,96.54,95.91,95.95
01/25/2022,95.93,96.27,95.9,95.95
01/24/2022,95.64,96.13,95.63,95.92
01/21/2022,95.81,95.84,95.5,95.64
01/20/2022,95.59,95.86,95.42,95.74
01/19/2022,95.77,95.79,95.49,95.51
01/18/2022,95.22,95.83,95.13,95.73
01/17/2022,95.15,95.35,95.04,95.26
01/14/2022,94.87,95.27,94.63,95.17
01/13/2022,94.99,95.02,94.66,94.79
01/12/2022,95.58,95.69,94.91,94.92
01/11/2022,95.93,96.07,95.58,95.62
01/10/2022,95.74,96.23,95.75,95.99
01/07/2022,96.26,96.3,95.71,95.72
01/06/2022,96.2,96.39,96.04,96.32
01/05/2022,96.31,96.33,95.89,96.17
01/04/2022,96.19,96.46,96.03,96.26
01/03/2022,95.65,96.33,95.63,96.21
12/31/2021,95.99,96.11,95.57,95.97
12/30/2021,95.89,96.22,95.86,95.97
12/29/2021,96.15,96.4,95.76,95.93
12/28/2021,96.07,96.28,96,96.2
12/27/2021,96.15,96.26,96.05,96.09
12/24/2021,96.03,96.28,95.99,96.02
12/23/2021,96.03,96.28,95.99,96.06
12/22/2021,96.47,96.6,96.02,96.08
12/21/2021,96.54,96.64,96.34,96.49
12/20/2021,96.67,96.69,96.34,96.55
12/17/2021,96,96.69,95.88,96.57
12/16/2021,96.43,96.45,95.85,96.04
12/15/2021,96.55,96.91,96.3,96.51
12/14/2021,96.35,96.59,96.1,96.57
12/13/2021,96.09,96.45,96.05,96.32
12/10/2021,96.22,96.43,95.98,96.1
12/09/2021,95.96,96.34,95.97,96.27
12/08/2021,96.26,96.38,95.85,95.89
12/07/2021,96.3,96.59,96.17,96.37
12/06/2021,96.16,96.43,96.13,96.33
12/03/2021,96.12,96.45,95.97,96.12
12/02/2021,96.07,96.18,95.83,96.16
12/01/2021,95.94,96.14,95.67,96.03
11/30/2021,96.22,96.64,95.52,95.99
11/29/2021,96.16,96.45,96.14,96.34
11/26/2021,96.72,96.77,95.75,96.09
11/25/2021,96.81,96.82,96.65,96.77
11/24/2021,96.53,96.94,96.44,96.88
11/23/2021,96.46,96.61,96.31,96.49
11/22/2021,96.04,96.55,96.04,96.55
11/19/2021,95.59,96.24,95.58,96.03
11/18/2021,95.8,95.84,95.52,95.54
11/17/2021,95.94,96.24,95.73,95.83
11/16/2021,95.47,95.98,95.4,95.92
11/15/2021,95.12,95.6,94.97,95.41
11/12/2021,95.18,95.27,95,95.13
11/11/2021,94.84,95.2,94.84,95.18
11/10/2021,93.98,94.9,93.97,94.85
11/09/2021,94.09,94.15,93.88,93.96
11/08/2021,94.25,94.38,93.99,94.05
11/05/2021,94.34,94.62,94.19,94.32
11/04/2021,93.86,94.47,93.83,94.35
11/03/2021,94.12,94.21,93.82,93.86
11/02/2021,93.93,94.13,93.82,94.09
11/01/2021,94.14,94.31,93.86,93.88
10/29/2021,93.36,94.3,93.32,94.12
10/28/2021,93.88,93.97,93.28,93.35
10/27/2021,93.97,94.01,93.69,93.8
10/26/2021,93.97,93.97,93.89,93.95
10/25/2021,93.66,93.96,93.48,93.81
10/22/2021,93.75,93.79,93.54,93.64
10/21/2021,93.58,93.79,93.5,93.77
10/20/2021,93.81,93.88,93.54,93.56
10/19/2021,93.95,93.95,93.5,93.73
10/18/2021,93.95,94.17,93.87,93.95
10/15/2021,94.03,93.96,93.96,93.96
10/14/2021,94.02,94.08,94.08,94.08
10/13/2021,94.52,94.53,94,94.08
10/12/2021,94.37,94.56,94.23,94.52
10/11/2021,94.1,94.4,94.03,94.32
10/08/2021,94.21,94.34,93.94,94.07
10/07/2021,94.23,94.28,94.08,94.22
10/06/2021,93.99,94.45,93.98,94.27
10/05/2021,93.83,94.07,93.81,93.98
10/04/2021,94.05,94.1,93.68,93.78
10/01/2021,94.31,94.39,93.99,94.04
09/30/2021,94.35,94.5,94.11,94.23
09/29/2021,93.72,94.43,93.67,94.34
09/28/2021,93.41,93.81,93.36,93.77
09/27/2021,93.28,93.49,93.21,93.38
09/24/2021,93.07,93.42,93.05,93.33
09/23/2021,93.48,93.52,92.98,93.46
09/22/2021,93.23,93.51,92.99,93.46
09/21/2021,93.24,93.29,93.05,93.2
09/20/2021,93.25,93.45,93.19,93.28
09/17/2021,92.88,93.25,92.77,93.2
09/16/2021,92.46,92.96,92.46,92.93
09/15/2021,92.68,92.68,92.42,92.55
09/14/2021,92.62,92.68,92.32,92.62
09/13/2021,92.61,92.89,92.57,92.68
09/10/2021,92.53,92.65,92.33,92.58
09/09/2021,92.71,92.76,92.38,92.48
09/08/2021,92.54,92.86,92.47,92.65
09/07/2021,92.2,92.57,92.1,92.51
09/06/2021,92.13,92.31,92.1,92.22
09/03/2021,92.22,92.26,91.95,92.04
09/02/2021,92.51,92.54,92.21,92.23
09/01/2021,92.66,92.79,92.38,92.45
08/31/2021,92.71,92.75,92.4,92.63
08/30/2021,92.7,92.79,92.6,92.65
08/27/2021,93.03,93.18,92.63,92.69
08/26/2021,92.83,93.08,92.81,93.06
08/25/2021,92.88,93.13,92.81,92.83
08/24/2021,92.99,93.08,92.81,92.89
08/23/2021,93.48,93.51,92.95,92.96
08/20/2021,93.56,93.73,93.43,93.5
08/19/2021,93.14,93.58,93.17,93.57
08/18/2021,93.14,93.26,92.96,93.14
08/17/2021,92.62,93.17,92.61,93.13
08/16/2021,92.53,92.66,92.48,92.63
08/13/2021,92.97,93.01,92.47,92.52
08/12/2021,92.89,93.04,92.85,93.04
08/11/2021,93.07,93.19,92.8,92.92
08/10/2021,92.98,93.14,92.94,93.06
08/09/2021,92.78,92.99,92.72,92.95
08/06/2021,92.27,92.84,92.26,92.8
08/05/2021,92.28,92.35,92.12,92.24
08/04/2021,92.04,92.31,91.82,92.27
08/03/2021,92.06,92.16,91.89,92.08
08/02/2021,92.09,92.17,91.91,92.05
07/30/2021,91.85,92.2,91.78,92.17
07/29/2021,92.27,92.29,91.86,91.86
07/28/2021,92.46,92.75,92.24,92.32
07/27/2021,92.63,92.84,92.32,92.43
07/26/2021,92.91,92.96,92.53,92.65
07/23/2021,92.81,93.02,92.78,92.91
07/22/2021,92.8,92.92,92.51,92.82
07/21/2021,92.97,93.19,92.73,92.75
07/20/2021,92.88,93.17,92.8,92.97
07/19/2021,92.69,93.04,92.64,92.89
07/16/2021,92.59,92.76,92.53,92.69
07/15/2021,92.4,92.69,92.27,92.62
07/14/2021,92.8,92.83,92.35,92.41
07/13/2021,92.23,92.81,92.14,92.75
07/12/2021,92.13,92.42,92.08,92.26
07/09/2021,92.36,92.54,92.09,92.13
07/08/2021,92.7,92.79,92.24,92.42
07/07/2021,92.53,92.85,92.43,92.64
07/06/2021,92.24,92.66,92,92.55
07/05/2021,92.23,92.36,92.14,92.21
07/02/2021,92.57,92.74,92.18,92.23
07/01/2021,92.35,92.6,92.26,92.6
06/30/2021,92.08,92.45,92,92.44
06/29/2021,91.88,92.19,91.86,92.05
06/28/2021,91.8,92.02,91.7,91.89
06/25/2021,91.83,91.88,91.53,91.85
06/24/2021,91.8,91.91,91.66,91.81
06/23/2021,91.73,91.9,91.51,91.8
06/22/2021,91.88,92.14,91.65,91.76
06/21/2021,92.31,92.37,91.83,91.9
06/18/2021,91.88,92.41,91.81,92.23
06/17/2021,91.43,92.01,91.31,91.89
06/16/2021,90.54,91.4,90.44,91.13
06/15/2021,90.48,90.68,90.35,90.54
06/14/2021,90.5,90.6,90.41,90.52
06/11/2021,90.07,90.61,89.96,90.56
06/10/2021,90.14,90.31,89.98,90.08
06/09/2021,90.13,90.17,89.84,90.12
06/08/2021,89.99,90.18,89.96,90.08
06/07/2021,90.13,90.3,89.91,89.95
06/04/2021,90.47,90.63,90.03,90.14
06/03/2021,89.93,90.55,89.89,90.51
06/02/2021,89.92,90.25,89.86,89.91
06/01/2021,89.81,89.94,89.66,89.83
05/31/2021,90.03,90.12,89.82,90.03
05/28/2021,90.03,90.44,89.98,90.03
05/27/2021,90.08,90.18,89.89,89.97
05/26/2021,89.69,90.11,89.59,90.04
05/25/2021,89.85,89.87,89.54,89.64
05/24/2021,90.03,90.1,89.76,89.84
05/21/2021,89.78,90.15,89.65,90.02
05/20/2021,90.21,90.23,89.75,89.81
05/19/2021,89.78,90.29,89.69,90.19
05/18/2021,90.18,90.2,89.69,89.75
05/17/2021,90.3,90.43,90.15,90.16
05/14/2021,90.76,90.8,90.28,90.32
05/13/2021,90.75,90.91,90.59,90.75
05/12/2021,90.19,90.8,90.16,90.71
05/11/2021,90.24,90.36,89.98,90.14
05/10/2021,90.21,90.34,90.04,90.21
05/07/2021,90.88,90.96,90.19,90.23
05/06/2021,91.27,91.38,90.88,90.95
05/05/2021,91.28,91.44,91.17,91.31
05/04/2021,91,91.4,90.99,91.29
05/03/2021,91.3,91.39,90.87,90.95
04/30/2021,90.63,91.32,90.59,91.28
04/29/2021,90.55,90.79,90.42,90.61
04/28/2021,90.9,91.13,90.55,90.61
04/27/2021,90.88,91.07,90.81,90.91
04/26/2021,90.86,90.99,90.68,90.81
04/23/2021,91.29,91.3,90.81,90.86
04/22/2021,91.11,91.42,91,91.33
04/21/2021,91.21,91.43,91.09,91.16
04/20/2021,91.05,91.28,90.86,91.24
04/19/2021,91.58,91.75,91.03,91.07
04/16/2021,91.66,91.81,91.49,91.56
04/15/2021,91.63,91.75,91.49,91.69
04/14/2021,91.83,91.83,91.57,91.69
04/13/2021,92.08,92.33,91.79,91.85
04/12/2021,92.18,92.33,92.01,92.14
04/09/2021,92.07,92.41,92.03,92.16
04/08/2021,92.42,92.48,92,92.06
04/07/2021,92.32,92.5,92.14,92.46
04/06/2021,92.57,92.79,92.27,92.34
04/05/2021,93.01,93.11,92.54,92.6
04/02/2021,92.89,93.07,92.83,93.01
04/01/2021,93.22,93.34,92.88,92.93
03/31/2021,93.24,93.44,92.99,93.23
03/30/2021,92.91,93.35,92.88,93.3
03/29/2021,92.74,92.96,92.72,92.94
03/26/2021,92.81,92.87,92.65,92.77
03/25/2021,92.6,92.92,92.51,92.53
03/24/2021,92.39,92.61,92.34,92.53
03/23/2021,91.8,92.4,91.76,92.34
03/22/2021,91.74,92.15,91.71,91.74
03/19/2021,91.83,92.17,91.66,91.92
03/18/2021,91.4,91.9,91.3,91.86
03/17/2021,91.86,92,91.37,91.44
03/16/2021,91.83,92.03,91.68,91.87
03/15/2021,91.68,91.97,91.54,91.83
03/12/2021,91.43,91.96,91.4,91.68
03/11/2021,91.79,91.88,91.37,91.42
03/10/2021,92.05,92.24,91.77,91.82
03/09/2021,92.46,92.5,91.91,91.96
03/08/2021,91.94,92.42,91.84,92.31
03/05/2021,91.66,92.19,91.62,91.98
03/04/2021,91.01,91.67,90.97,91.63
03/03/2021,90.79,91.06,90.63,90.95
03/02/2021,91.03,91.39,90.73,90.79
03/01/2021,90.93,91.14,90.69,91.04
02/26/2021,90.36,90.97,90.13,90.88
02/25/2021,90.07,90.29,89.68,90.13
02/24/2021,90.1,90.43,89.98,90.18
02/23/2021,90.02,90.26,89.94,90.17
02/22/2021,90.32,90.58,90,90.01
02/19/2021,90.57,90.65,90.18,90.36
02/18/2021,90.9,90.98,90.54,90.59
02/17/2021,90.71,91.06,90.62,90.95
02/16/2021,90.29,90.65,90.12,90.51
02/15/2021,90.42,90.47,90.27,90.37
02/12/2021,90.41,90.74,90.38,90.48
02/11/2021,90.46,90.47,90.26,90.42
02/10/2021,90.49,90.53,90.25,90.37
02/09/2021,90.91,90.93,90.43,90.44
02/08/2021,91.03,91.24,90.9,90.93
02/05/2021,91.49,91.04,91.04,91.04
02/04/2021,91.09,91.58,91.09,91.53
02/03/2021,91.05,91.31,90.99,91.17
02/02/2021,91,91.29,90.8,91.2
02/01/2021,90.53,91.06,90.5,90.98
01/29/2021,90.56,90.78,90.36,90.58
01/28/2021,90.73,90.86,90.41,90.46
01/27/2021,90.15,90.88,90.15,90.65
01/26/2021,90.39,90.61,90.12,90.17
01/25/2021,90.24,90.52,90.08,90.39
01/22/2021,90.05,90.31,90.05,90.24
01/21/2021,90.42,90.45,90.05,90.13
01/20/2021,90.41,90.7,90.28,90.48
01/19/2021,90.73,90.76,90.4,90.5
01/18/2021,90.76,90.95,90.71,90.77
01/15/2021,90.22,90.8,90.22,90.77
01/14/2021,90.28,90.58,90.08,90.24
01/13/2021,90,90.45,89.92,90.36
01/12/2021,90.52,90.62,90.03,90.09
01/11/2021,90.03,90.73,90.03,90.47
01/08/2021,89.83,90.25,89.66,90.1
01/07/2021,89.32,89.97,89.32,89.83
01/06/2021,89.48,89.8,89.21,89.53
01/05/2021,89.9,89.9,89.43,89.44
01/04/2021,89.93,89.94,89.42,89.87
12/31/2020,89.93,89.93,89.93,89.93
12/30/2020,89.98,89.98,89.56,89.68
12/29/2020,90.21,90.23,89.85,89.99
12/28/2020,90.22,90.38,89.98,90.34
12/25/2020,90.33,90.42,90.22,90.22
12/24/2020,90.28,90.38,90.15,90.32
12/23/2020,90.52,90.67,90.16,90.41
12/22/2020,90.09,90.72,90.06,90.65
12/21/2020,90.15,91.02,89.92,90.04
12/18/2020,89.83,90.13,89.83,90.02
12/17/2020,90.27,90.27,89.73,89.82
12/16/2020,90.49,90.7,90.13,90.45
12/15/2020,90.69,90.82,90.42,90.47
12/14/2020,90.76,90.98,90.42,90.71
12/11/2020,90.74,91.04,90.62,90.98
12/10/2020,91.06,91.15,90.67,90.82
12/09/2020,90.92,91.2,90.69,91.09
12/08/2020,90.9,91.02,90.75,90.97
12/07/2020,90.79,91.24,90.62,90.79
12/04/2020,90.71,90.87,90.48,90.7
12/03/2020,91.06,91.09,90.51,90.71
12/02/2020,91.19,91.5,90.99,91.12
12/01/2020,91.95,91.95,91.16,91.31
11/30/2020,91.78,92.05,91.51,91.87
11/27/2020,92.02,92.05,91.76,91.79
11/26/2020,91.95,92.17,91.85,91.99
11/25/2020,92.11,92.26,91.93,91.99
11/24/2020,92.53,92.56,92.13,92.23
11/23/2020,92.37,92.8,92.02,92.51
11/20/2020,92.34,92.43,92.21,92.39
11/19/2020,92.56,92.72,92.24,92.29
11/18/2020,92.44,92.51,92.21,92.32
11/17/2020,92.49,92.61,92.27,92.42
11/16/2020,92.72,92.84,92.46,92.64
11/13/2020,92.95,93.01,92.71,92.76
11/12/2020,93.01,93.14,92.78,92.96
11/11/2020,92.7,93.21,92.61,93.04
11/10/2020,92.76,92.97,92.6,92.75
11/09/2020,92.24,92.96,92.13,92.73
11/06/2020,92.57,92.82,92.18,92.23
11/05/2020,93.34,93.55,92.49,92.53
11/04/2020,93.09,94.3,93.09,93.41
11/03/2020,94.05,94.05,93.29,93.55
11/02/2020,93.89,94.29,93.89,94.13
10/30/2020,93.92,94.08,93.65,94.04
10/29/2020,93.46,94.1,93.34,93.96
10/28/2020,93.15,93.65,93.05,93.41
10/27/2020,93.07,93.13,92.79,92.94
10/26/2020,92.76,93.11,92.74,93.05
10/23/2020,92.93,93.13,92.66,92.77
10/22/2020,92.67,92.97,92.61,92.95
10/21/2020,93.05,93.07,92.47,92.61
10/20/2020,93.42,93.5,93,93.07
10/19/2020,93.71,93.77,93.21,93.43
10/16/2020,93.8,93.88,93.53,93.68
10/15/2020,93.43,93.9,93.37,93.86
10/14/2020,93.54,93.67,93.25,93.38
10/13/2020,93.03,93.6,93.03,93.53
10/12/2020,93.06,93.24,93.01,93.07
10/09/2020,93.56,93.59,93.01,93.06
10/08/2020,93.61,93.78,93.5,93.61
10/07/2020,93.83,93.9,93.56,93.63
10/06/2020,93.44,93.85,93.34,93.69
10/05/2020,93.87,93.87,93.37,93.51
10/02/2020,93.73,94.03,93.69,93.84
10/01/2020,93.8,93.92,93.53,93.71
09/30/2020,93.85,94.19,93.67,93.89
09/29/2020,94.24,94.3,93.82,93.89
09/28/2020,94.6,94.64,94.15,94.28
09/25/2020,94.32,94.74,94.19,94.64
09/24/2020,94.38,94.59,94.2,94.35
09/23/2020,93.99,94.43,93.93,94.39
09/22/2020,93.55,94.08,93.47,93.99
09/21/2020,92.97,93.78,92.75,93.66
09/18/2020,92.86,93.01,92.77,92.93
09/17/2020,93.15,93.59,92.87,92.97
09/16/2020,93.08,93.28,92.78,93.21
09/15/2020,93.06,93.14,92.79,93.05
09/14/2020,93.29,93.33,92.87,93.05
09/11/2020,93.33,93.38,93.1,93.33
09/10/2020,93.23,93.45,92.7,93.34
09/09/2020,93.58,93.66,93.14,93.26
09/08/2020,93.05,93.52,93,93.45
09/07/2020,92.98,93.09,92.81,93.07
09/04/2020,92.8,93.24,92.66,92.72
09/03/2020,92.66,93.07,92.65,92.74
09/02/2020,92.28,92.87,92.21,92.85
09/01/2020,92.18,92.4,91.75,92.34
08/31/2020,92.3,92.48,91.99,92.14
08/28/2020,93.02,93.1,92.2,92.37
08/27/2020,92.85,93.32,92.42,93
08/26/2020,93.02,93.36,92.85,93.01
08/25/2020,93.28,93.35,92.97,93.02
08/24/2020,93.2,93.34,92.84,93.3
08/21/2020,92.72,93.47,92.58,93.25
08/20/2020,92.96,93.24,92.73,92.79
08/19/2020,92.28,93.05,92.15,92.89
08/18/2020,92.82,92.82,92.13,92.27
08/17/2020,93.07,93.12,92.77,92.85
08/14/2020,93.22,93.41,93.02,93.1
08/13/2020,93.37,93.39,92.93,93.34
08/12/2020,93.68,93.91,93.27,93.44
08/11/2020,93.6,93.74,93.17,93.63
08/10/2020,93.39,93.7,93.3,93.58
08/07/2020,92.81,93.62,92.76,93.44
08/06/2020,92.77,93.09,92.52,92.79
08/05/2020,93.23,93.25,92.56,92.87
08/04/2020,93.58,93.83,93.23,93.38
08/03/2020,93.46,93.99,93.32,93.35
07/31/2020,92.82,93.54,92.55,93.35
07/30/2020,93.32,93.68,92.93,93.02
07/29/2020,93.75,93.8,93.18,93.45
07/28/2020,93.58,94.01,93.49,93.7
07/27/2020,94.35,94.42,93.48,93.67
07/24/2020,94.77,94.83,94.33,94.44
07/23/2020,94.98,95.18,94.59,94.69
07/22/2020,95.13,95.41,94.83,94.99
07/21/2020,95.75,95.92,95.05,95.12
07/20/2020,96.01,96.18,95.73,95.83
07/17/2020,96.28,96.33,95.9,95.94
07/16/2020,96,96.4,95.89,96.35
07/15/2020,96.17,96.25,95.78,96.08
07/14/2020,96.54,96.7,96.18,96.26
07/13/2020,96.66,96.68,96.27,96.46
07/10/2020,96.75,96.97,96.44,96.65
07/09/2020,96.45,96.81,96.24,96.7
07/08/2020,96.99,97.05,96.4,96.43
07/07/2020,96.75,97.15,96.6,96.88
07/06/2020,97.15,97.2,96.57,96.73
07/03/2020,97.22,97.36,97.12,97.17
07/02/2020,97.15,97.34,96.81,97.32
07/01/2020,97.39,97.62,97.03,97.2
06/30/2020,97.4,97.8,97.23,97.39
06/29/2020,97.5,97.65,97.11,97.54
06/26/2020,97.35,97.68,97.26,97.43
06/25/2020,97.24,97.6,97.16,97.43
06/24/2020,96.66,97.24,96.55,97.15
06/23/2020,96.93,97.25,96.39,96.65
06/22/2020,97.66,97.74,97.01,97.04
06/19/2020,97.42,97.72,97.16,97.62
06/18/2020,97.08,97.58,96.95,97.42
06/17/2020,97.01,97.34,96.8,97.16
06/16/2020,96.56,97.25,96.43,96.96
06/15/2020,97.09,97.39,96.6,96.71
06/12/2020,96.81,97.45,96.49,97.32
06/11/2020,96.09,96.83,95.95,96.73
06/10/2020,96.43,96.46,95.72,95.96
06/09/2020,96.63,97.06,96.23,96.32
06/08/2020,96.84,97.07,96.6,96.62
06/05/2020,96.74,97.03,96.44,96.94
06/04/2020,97.32,97.63,96.57,96.68
06/03/2020,97.57,97.63,97.19,97.28
06/02/2020,97.84,97.91,97.43,97.67
06/01/2020,98.3,98.32,97.79,97.83
05/29/2020,98.52,98.55,97.95,98.34
05/28/2020,98.91,99.09,98.35,98.38
05/27/2020,99.02,99.34,98.72,99.06
05/26/2020,99.77,99.77,98.9,98.91
05/25/2020,99.8,99.98,99.69,99.86
05/22/2020,99.42,99.87,99.39,99.86
05/21/2020,99.18,99.51,99.02,99.37
05/20/2020,99.55,99.56,99,99.12
05/19/2020,99.62,99.73,99.23,99.37
05/18/2020,100.36,100.47,99.58,99.67
05/15/2020,100.26,100.49,100.08,100.4
05/14/2020,100.19,100.56,100.15,100.47
05/13/2020,100.01,100.28,99.58,100.24
05/12/2020,100.23,100.44,99.66,99.93
05/11/2020,99.12,100.28,99.67,100.24
05/08/2020,99.84,99.94,99.1,99.73
05/07/2020,100.21,100.4,99.81,99.89
05/06/2020,99.8,100.2,99.75,100.09
05/05/2020,99.51,99.97,99.3,99.71
05/04/2020,98.57,99.6,99.09,99.48
05/01/2020,99.13,99.21,98.65,99.08
04/30/2020,99.48,99.73,98.81,99.02
04/29/2020,99.88,99.89,99.47,99.57
04/28/2020,100.06,100.21,99.45,99.87
04/27/2020,100.23,100.32,99.83,100.04
04/24/2020,100.5,100.87,100.19,100.38
04/23/2020,100.45,100.69,100.04,100.43
04/22/2020,100.21,100.5,99.9,100.39
04/21/2020,99.94,100.48,99.93,100.26
04/20/2020,99.71,100.07,99.65,99.96
04/17/2020,99.86,100.29,99.62,99.78
04/16/2020,99.63,100.3,99.61,100.03
04/15/2020,98.82,99.98,98.82,99.46
04/14/2020,99.38,99.43,98.83,98.89
04/13/2020,99.49,99.63,99.14,99.35
04/10/2020,99.58,99.63,99.37,99.52
04/09/2020,100.13,100.3,99.36,99.52
04/08/2020,99.91,100.43,99.9,100.12
04/07/2020,100.75,100.79,99.77,99.9
04/06/2020,100.66,100.93,100.48,100.69
04/03/2020,100.2,100.85,100.14,100.58
04/02/2020,99.51,100.41,99.34,100.18
04/01/2020,99.01,99.84,98.91,99.67
03/31/2020,99.25,99.95,98.89,99.05
03/30/2020,98.31,99.32,98.29,99.18
03/27/2020,99.29,99.81,98.27,98.37
03/26/2020,100.96,101.02,99.24,99.35
03/25/2020,101.6,101.91,100.84,101.05
03/24/2020,102.13,102.21,101.05,102.04
03/23/2020,101.95,102.98,101.65,102.49
03/20/2020,102.94,102.99,101.09,102.82
03/19/2020,100.79,102.94,100.77,102.76
03/18/2020,99.38,101.74,99.15,101.16
03/17/2020,98.14,99.83,97.98,99.58
03/16/2020,98.7,98.47,97.45,98.07
03/13/2020,97.45,98.81,97.34,98.75
03/12/2020,96.65,98.31,96.08,97.47
03/11/2020,96.33,96.69,95.91,96.51
03/10/2020,95.34,96.58,95.23,96.41
03/09/2020,96.11,95.79,94.65,94.9
03/06/2020,96.61,96.7,95.71,95.95
03/05/2020,97.38,97.44,96.52,96.82
03/04/2020,97.17,97.59,97.12,97.34
03/03/2020,97.56,97.7,96.98,97.15
03/02/2020,98.12,98.09,97.18,97.36
02/28/2020,98.42,98.66,97.96,98.13
02/27/2020,99.02,99.05,98.36,98.51
02/26/2020,99.08,99.27,98.91,99
02/25/2020,99.33,99.39,98.88,98.97
02/24/2020,99.34,99.64,99.11,99.36
02/21/2020,99.86,99.87,99.23,99.26
02/20/2020,99.54,99.91,99.53,99.87
02/19/2020,99.43,99.72,99.38,99.71
02/18/2020,99.19,99.47,99.14,99.44
02/17/2020,99.16,99.21,99.04,99.16
02/14/2020,99.12,99.17,99,99.12
02/13/2020,98.99,99.11,98.85,99.07
02/12/2020,98.77,99.05,98.71,99.05
02/11/2020,98.86,98.95,98.71,98.72
02/10/2020,98.7,98.88,98.6,98.83
02/07/2020,98.46,98.72,98.42,98.7
02/06/2020,98.29,98.57,98.21,98.5
02/05/2020,97.94,98.32,97.9,98.3
02/04/2020,97.82,98.01,97.79,97.96
02/03/2020,97.37,97.89,97.41,97.8
01/31/2020,97.87,97.97,97.35,97.39
01/30/2020,98.03,98.07,97.79,97.87
01/29/2020,97.95,98.19,97.94,97.99
01/28/2020,97.95,98.16,97.9,98.02
01/27/2020,97.88,98,97.78,97.96
01/24/2020,97.72,97.95,97.67,97.85
01/23/2020,97.48,97.8,97.43,97.69
01/22/2020,97.62,97.69,97.44,97.53
01/21/2020,97.63,97.66,97.39,97.53
01/20/2020,97.64,97.73,97.58,97.61
01/17/2020,97.31,97.66,97.27,97.61
01/16/2020,97.18,97.36,97.09,97.32
01/15/2020,97.38,97.44,97.16,97.23
01/14/2020,97.36,97.56,97.33,97.37
01/13/2020,97.35,97.53,97.31,97.35
01/10/2020,97.43,97.58,97.3,97.36
01/09/2020,97.27,97.56,97.25,97.45
01/08/2020,96.83,97.35,96.82,97.3
01/07/2020,96.65,97.09,96.62,97.01
01/06/2020,96.9,96.9,96.54,96.67
01/03/2020,96.79,97.11,96.71,96.84
01/02/2020,96.48,96.87,96.43,96.85
01/01/2020,96.5,97.1,96.42,96.5
12/31/2019,96.73,96.73,96.36,96.39
12/30/2019,97.02,97,96.61,96.74
12/27/2019,97.54,97.55,96.92,96.92
12/26/2019,97.63,97.71,97.49,97.53
12/25/2019,97.67,97.73,96.54,97.44
12/24/2019,97.66,97.8,97.62,97.65
12/23/2019,97.67,97.82,97.58,97.66
12/20/2019,97.4,97.76,97.38,97.69
12/19/2019,97.4,97.49,97.22,97.38
12/18/2019,97.24,97.48,97.22,97.4
12/17/2019,97.14,97.3,97.03,97.22
12/16/2019,97.18,97.16,96.93,97.02
12/13/2019,96.78,97.24,96.72,97.17
12/12/2019,97.08,97.52,96.59,97.4
12/11/2019,97.51,97.6,97.04,97.41
12/10/2019,97.65,97.66,97.4,97.41
12/09/2019,97.68,97.72,97.56,97.64
12/06/2019,97.38,97.84,97.36,97.7
12/05/2019,97.59,97.6,97.36,97.41
12/04/2019,97.71,97.79,97.43,97.65
12/03/2019,97.89,97.94,97.64,97.74
12/02/2019,98.27,98.38,97.81,97.86
11/29/2019,98.35,98.54,98.23,98.27
11/28/2019,98.34,98.4,98.26,98.37
11/27/2019,98.3,98.44,98.28,98.37
11/26/2019,98.33,98.38,98.23,98.25
11/25/2019,98.27,98.38,98.17,98.32
11/22/2019,97.93,98.31,97.84,98.27
11/21/2019,97.86,98.03,97.73,97.99
11/20/2019,97.85,98.04,97.85,97.93
11/19/2019,97.81,97.89,97.75,97.86
11/18/2019,97.98,97.98,97.68,97.79
11/15/2019,98.17,98.23,97.96,98
11/14/2019,98.34,98.42,98.11,98.16
11/13/2019,98.33,98.45,98.29,98.37
11/12/2019,98.21,98.42,98.21,98.31
11/11/2019,98.37,98.38,98.13,98.2
11/08/2019,98.14,98.4,98.1,98.35
11/07/2019,97.95,98.23,97.82,98.14
11/06/2019,97.94,97.98,97.78,97.95
11/05/2019,97.55,98.01,97.47,97.98
11/04/2019,97.22,97.58,97.17,97.51
11/01/2019,97.3,97.45,97.11,97.24
10/31/2019,97.44,97.45,97.22,97.35
10/30/2019,97.67,98,97.45,97.65
10/29/2019,97.76,97.93,97.61,97.69
10/28/2019,97.85,97.89,97.67,97.76
10/25/2019,97.69,97.9,97.57,97.83
10/24/2019,97.46,97.78,97.28,97.63
10/23/2019,97.49,97.65,97.42,97.49
10/22/2019,97.31,97.57,97.26,97.53
10/21/2019,97.34,97.4,97.15,97.33
10/18/2019,97.6,97.66,97.14,97.28
10/17/2019,97.99,98.11,97.5,97.61
10/16/2019,98.32,98.42,97.9,98
10/15/2019,98.45,98.65,98.21,98.29
10/14/2019,98.36,98.53,98.34,98.45
10/11/2019,98.7,98.74,98.2,98.3
10/10/2019,98.98,99.07,98.62,98.7
10/09/2019,99.09,99.16,98.9,99.12
10/08/2019,98.98,98.97,98.97,98.97
10/07/2019,98.82,99.01,98.74,98.97
10/04/2019,98.87,99,98.74,98.81
10/03/2019,99.03,99.19,98.64,98.86
10/02/2019,99.16,99.42,98.96,99.02
10/01/2019,99.4,99.67,99.07,99.13
09/30/2019,99.12,99.46,99.05,99.38
09/27/2019,99.19,99.31,98.99,99.13
09/26/2019,98.96,99.28,98.84,99.13
09/25/2019,98.38,99.06,98.36,99.04
09/24/2019,98.64,98.71,98.29,98.34
09/23/2019,98.51,98.83,98.45,98.6
09/20/2019,98.57,98.62,98.2,98.27
09/19/2019,98.57,98.62,98.2,98.27
09/18/2019,98.21,98.69,98.19,98.56
09/17/2019,98.65,98.74,98.19,98.26
09/16/2019,98.12,98.71,98.03,98.61
09/13/2019,98.41,98.43,97.86,98.26
09/12/2019,98.63,99.1,98.19,98.31
09/11/2019,98.33,98.75,97.86,98.65
09/10/2019,98.33,98.46,98.26,98.33
09/09/2019,98.42,98.51,98.14,98.28
09/06/2019,98.42,98.52,98.01,98.39
09/05/2019,98.4,98.54,98.09,98.41
09/04/2019,98.96,98.97,98.39,98.45
09/03/2019,99.08,99.37,98.92,99
09/02/2019,98.83,99.13,98.81,99.04
08/30/2019,98.43,99.02,98.41,98.92
08/29/2019,98.19,98.55,98.16,98.46
08/28/2019,98.01,98.26,98,98.21
08/27/2019,98.05,98.05,97.86,98
08/26/2019,97.59,98.09,97.48,98.08
08/23/2019,98.19,98.45,97.17,97.64
08/22/2019,98.25,98.39,98.08,98.17
08/21/2019,98.17,98.33,97.95,98.3
08/20/2019,98.36,98.45,98.12,98.19
08/19/2019,98.17,98.39,98.13,98.35
08/16/2019,98.13,98.34,98.11,98.14
08/15/2019,97.95,98.24,97.82,98.14
08/14/2019,97.8,98.05,97.67,97.99
08/13/2019,97.48,97.85,97.32,97.81
08/12/2019,97.54,97.74,97.32,97.38
08/09/2019,97.57,97.64,97.03,97.49
08/08/2019,97.6,97.74,97.43,97.62
08/07/2019,97.56,97.85,97.31,97.54
08/06/2019,97.25,97.77,97.21,97.63
08/05/2019,98.11,98.14,97.38,97.52
08/02/2019,98.41,98.45,98.05,98.07
08/01/2019,98.59,98.93,98.27,98.37
07/31/2019,98.03,98.68,98.01,98.52
07/30/2019,98.07,98.21,98.02,98.05
07/29/2019,97.99,98.17,97.9,98.04
07/26/2019,97.79,98.09,97.76,98.01
07/25/2019,97.69,97.92,97.5,97.82
07/24/2019,97.72,97.81,97.55,97.73
07/23/2019,97.3,97.74,97.3,97.71
07/22/2019,97.15,97.3,97.13,97.26
07/19/2019,96.82,97.29,96.76,97.15
07/18/2019,97.2,97.26,96.67,96.79
07/17/2019,97.36,97.44,97.16,97.22
07/16/2019,96.92,97.44,96.92,97.4
07/15/2019,96.84,96.97,96.75,96.93
07/12/2019,97.08,97.12,96.72,96.81
07/11/2019,97.06,97.15,96.8,97.05
07/10/2019,97.51,97.55,97.04,97.1
07/09/2019,97.38,97.59,97.36,97.49
07/08/2019,97.23,97.42,97.16,97.38
07/05/2019,96.72,97.44,96.72,97.17
07/04/2019,96.71,96.81,96.66,96.77
07/03/2019,96.73,96.87,96.59,96.77
07/02/2019,96.81,96.88,96.6,96.73
07/01/2019,96.25,96.87,96.25,96.84
06/28/2019,96.19,96.3,96.02,96.11
06/27/2019,96.18,96.21,96.21,96.21
06/26/2019,96.18,96.34,96.07,96.21
06/25/2019,96,96.36,95.84,96.14
06/24/2019,96.18,96.2,95.97,95.98
06/21/2019,96.62,96.71,96.09,96.09
06/20/2019,97.18,97.2,96.57,96.63
06/19/2019,97.63,97.68,97.09,97.12
06/18/2019,97.53,97.77,97.37,97.64
06/17/2019,97.52,97.6,97.34,97.56
06/14/2019,97.01,97.58,96.94,97.45
06/13/2019,96.96,97.08,96.87,97.01
06/12/2019,96.71,97.02,96.58,97
06/11/2019,96.75,96.88,96.64,96.69
06/10/2019,96.65,96.94,96.63,96.76
06/07/2019,97.01,97.18,96.46,96.54
06/06/2019,97.29,97.35,96.78,97.04
06/05/2019,97.12,97.37,96.75,97.32
06/04/2019,97.21,97.34,97,97.07
06/03/2019,97.64,97.8,97.11,97.14
05/31/2019,98.15,98.17,97.61,97.61
05/30/2019,98.13,98.28,98.09,98.14
05/29/2019,97.93,98.21,97.86,98.14
05/28/2019,97.74,97.98,97.7,97.95
05/27/2019,97.57,97.79,97.55,97.61
05/24/2019,97.83,97.91,97.55,97.61
05/23/2019,98.06,98.37,97.81,97.86
05/22/2019,98.02,98.12,97.89,98.09
05/21/2019,97.92,98.13,97.82,98.02
05/20/2019,97.96,98.04,97.88,97.93
05/17/2019,97.83,98.03,97.77,98.02
05/16/2019,97.54,97.88,97.44,97.86
05/15/2019,97.53,97.7,97.44,97.57
05/14/2019,97.32,97.56,97.27,97.53
05/13/2019,97.3,97.38,97.03,97.37
05/10/2019,97.43,97.45,97.13,97.33
05/09/2019,97.58,97.7,97.24,97.43
05/08/2019,97.57,97.68,97.42,97.62
05/07/2019,97.52,97.74,97.38,97.56
05/06/2019,97.56,97.71,97.46,97.55
05/03/2019,97.83,98.1,97.41,97.49
05/02/2019,97.63,97.85,97.51,97.83
05/01/2019,97.53,97.73,97.15,97.69
04/30/2019,97.85,97.89,97.44,97.48
04/29/2019,98.03,98.1,97.83,97.86
04/26/2019,98.12,98.33,97.85,98.01
04/25/2019,98.1,98.32,97.99,98.2
04/24/2019,97.6,98.19,97.59,98.17
04/23/2019,97.28,97.78,97.28,97.64
04/22/2019,97.38,97.41,97.26,97.29
04/19/2019,97.01,97.49,96.96,97.47
04/18/2019,97.01,97.49,96.96,97.47
04/17/2019,97.07,97.12,96.82,97.01
04/16/2019,96.93,97.09,96.88,97.04
04/15/2019,96.93,96.96,96.79,96.94
04/12/2019,97.14,97.18,96.75,96.97
04/11/2019,96.89,97.19,96.88,97.18
04/10/2019,96.99,97.22,96.85,96.95
04/09/2019,97.08,97.09,96.86,97.01
04/08/2019,97.39,97.4,96.98,97.05
04/05/2019,97.3,97.47,97.19,97.4
04/04/2019,97.04,97.34,97.02,97.31
04/03/2019,97.3,97.32,96.96,97.09
04/02/2019,97.33,97.52,97.27,97.36
04/01/2019,97.18,97.39,97.03,97.23
03/29/2019,97.2,97.34,97.01,97.28
03/28/2019,96.97,97.3,96.82,97.2
03/27/2019,96.75,96.98,96.68,96.77
03/26/2019,96.5,96.85,96.45,96.74
03/25/2019,96.64,96.68,96.41,96.57
03/22/2019,96.32,96.81,96.21,96.65
03/21/2019,95.91,96.63,95.84,96.5
03/20/2019,96.4,96.57,95.74,95.76
03/19/2019,96.51,96.52,96.29,96.38
03/18/2019,96.57,96.63,96.38,96.52
03/15/2019,96.72,96.79,96.49,96.6
03/14/2019,96.49,96.82,96.47,96.79
03/13/2019,97.01,97.02,96.39,96.55
03/12/2019,97.05,97.28,96.86,96.94
03/11/2019,97.39,97.45,96.92,97.22
03/08/2019,97.61,97.64,97.25,97.31
03/07/2019,96.83,97.71,96.82,97.67
03/06/2019,96.9,96.99,96.78,96.87
03/05/2019,96.68,97.01,96.66,96.87
03/04/2019,96.34,96.82,96.33,96.68
03/01/2019,96.22,96.55,96.07,96.53
02/28/2019,96.09,96.28,95.82,96.16
02/27/2019,96.06,96.19,95.88,96.15
02/26/2019,96.39,96.46,95.95,96
02/25/2019,96.52,96.6,96.32,96.41
02/22/2019,96.59,96.78,96.43,96.51
02/21/2019,96.49,96.66,96.36,96.61
02/20/2019,96.53,96.65,96.29,96.45
02/19/2019,96.81,97.09,96.43,96.52
02/18/2019,97.06,97.37,96.83,96.9
02/15/2019,97.06,97.37,96.83,96.9
02/14/2019,97.14,97.29,96.95,96.98
02/13/2019,96.73,97.26,96.63,97.13
02/12/2019,97.06,97.2,96.65,96.71
02/11/2019,96.66,97.12,96.62,97.06
02/08/2019,96.6,96.69,96.45,96.64
02/07/2019,96.39,96.67,96.38,96.51
02/06/2019,96.06,96.43,96.04,96.39
02/05/2019,95.83,96.12,95.81,96.07
02/04/2019,95.6,95.92,95.57,95.85
02/01/2019,95.55,95.66,95.4,95.58
01/31/2019,95.35,95.62,95.16,95.58
01/30/2019,95.79,95.98,95.25,95.34
01/29/2019,95.74,95.87,95.62,95.82
01/28/2019,95.79,95.92,95.64,95.75
01/25/2019,96.49,96.53,95.74,95.79
01/24/2019,96.07,96.68,96.04,96.6
01/23/2019,96.32,96.37,96.05,96.12
01/22/2019,96.34,96.48,96.22,96.3
01/21/2019,96.35,96.43,96.2,96.34
01/18/2019,96.07,96.39,96.01,96.34
01/17/2019,96.07,96.26,95.98,96.07
01/16/2019,95.94,96.18,95.86,96.06
01/15/2019,95.57,96.26,95.47,96.04
01/14/2019,95.65,95.72,95.48,95.61
01/11/2019,95.44,95.76,95.2,95.67
01/10/2019,95.16,95.62,95.03,95.54
01/09/2019,95.81,95.92,95.12,95.22
01/08/2019,95.69,96.03,95.68,95.9
01/07/2019,96.16,96.16,95.64,95.67
01/04/2019,96.28,96.61,96.05,96.18
01/03/2019,96.72,96.75,96.21,96.31
01/02/2019,96.14,96.96,95.82,96.82
01/01/2019,96.4,96.51,96,96.17
12/31/2018,96.4,96.51,96,96.17
12/28/2018,96.51,96.52,96.19,96.4
12/27/2018,96.92,96.94,96.41,96.48
12/26/2018,96.58,97.12,96.53,97.05
12/25/2018,96.94,96.94,96.38,96.55
12/24/2018,96.94,96.94,96.38,96.55
12/21/2018,96.39,97.05,96.25,96.96
12/20/2018,96.99,97.04,96.17,96.28
12/19/2018,96.91,97.1,96.55,97.04
12/18/2018,97.13,97.17,96.7,97.1
12/17/2018,97.43,97.46,97.05,97.1
12/14/2018,97.09,97.71,97.08,97.44
12/13/2018,97.04,97.29,96.88,97.06
12/12/2018,97.38,97.49,96.89,97.04
12/11/2018,97.18,97.55,96.87,97.39
12/10/2018,96.72,97.24,96.36,97.22
12/07/2018,96.8,96.92,96.51,96.51
12/06/2018,97.01,97.21,96.55,96.81
12/05/2018,97.01,97.2,96.83,97.07
12/04/2018,96.94,97.13,96.38,96.97
12/03/2018,97.13,97.16,96.71,97.04
11/30/2018,96.76,97.31,96.71,97.27
11/29/2018,96.85,97.01,96.63,96.78
11/28/2018,97.37,97.54,96.69,96.79
11/27/2018,97.03,97.5,96.97,97.37
11/26/2018,96.93,97.1,96.66,97.07
11/23/2018,96.51,96.98,96.4,96.92
11/22/2018,96.72,96.72,96.32,96.71
11/21/2018,96.82,96.87,96.5,96.71
11/20/2018,96.2,96.89,96.04,96.84
11/19/2018,96.43,96.57,96.12,96.19
11/16/2018,97.05,97.06,96.4,96.47
11/15/2018,97.01,97.39,96.77,96.93
11/14/2018,97.03,97.41,96.75,96.8
11/13/2018,97.6,97.66,96.94,97.3
11/12/2018,97.05,97.69,96.97,97.54
11/09/2018,96.63,97.01,96.62,96.91
11/08/2018,96.19,96.74,96.07,96.72
11/07/2018,95.99,96.46,95.68,96
11/06/2018,96.33,96.45,96.15,96.32
11/05/2018,96.44,96.68,96.25,96.28
11/02/2018,96.31,96.59,95.99,96.54
11/01/2018,97.08,97.12,96.2,96.28
10/31/2018,96.99,97.2,96.88,97.13
10/30/2018,96.66,97.02,96.62,97.01
10/29/2018,96.44,96.7,96.35,96.58
10/26/2018,96.59,96.86,96.29,96.36
10/25/2018,96.36,96.73,96.21,96.68
10/24/2018,95.92,96.53,95.91,96.43
10/23/2018,96.03,96.16,95.81,95.96
10/22/2018,95.66,96.09,95.47,96.01
10/19/2018,95.95,96.09,95.54,95.71
10/18/2018,95.66,95.99,95.49,95.9
10/17/2018,95.09,95.66,95.06,95.58
10/16/2018,95.05,95.2,94.79,95.05
10/15/2018,95.35,95.37,94.96,95.06
10/12/2018,95.04,95.37,94.95,95.22
10/11/2018,95.43,95.43,94.99,95.02
10/10/2018,95.59,95.79,95.38,95.51
10/09/2018,95.75,96.16,95.64,95.67
10/08/2018,95.62,96.03,95.59,95.76
10/05/2018,95.76,95.95,95.52,95.62
10/04/2018,96.05,96.12,95.55,95.75
10/03/2018,95.46,96.12,95.26,95.76
10/02/2018,95.3,95.74,95.26,95.51
10/01/2018,95.11,95.37,95,95.3
09/28/2018,95.02,95.37,94.92,95.13
09/27/2018,94.26,95.01,94.21,94.89
09/26/2018,94.17,94.4,93.95,94.19
09/25/2018,94.25,94.37,94.01,94.13
09/24/2018,94.23,94.37,93.84,94.19
09/21/2018,93.89,94.33,93.81,94.22
09/20/2018,94.55,94.56,93.83,93.91
09/19/2018,94.54,94.73,94.32,94.54
09/18/2018,94.61,94.73,94.32,94.64
09/17/2018,94.93,94.98,94.44,94.5
09/14/2018,94.55,95,94.36,94.93
09/13/2018,94.83,94.97,94.43,94.52
09/12/2018,95.1,95.28,94.73,94.8
09/11/2018,95.15,95.35,94.88,95.25
09/10/2018,95.43,95.56,95.03,95.15
09/07/2018,95.02,95.46,94.87,95.37
09/06/2018,95.1,95.21,94.93,95.02
09/05/2018,95.4,95.66,95.09,95.18
09/04/2018,95.14,95.74,95.14,95.44
09/03/2018,94.7,95.22,94.55,95.14
08/31/2018,94.7,95.22,94.55,95.14
08/30/2018,94.53,94.9,94.47,94.72
08/29/2018,94.73,94.93,94.53,94.6
08/28/2018,94.77,94.91,94.43,94.72
08/27/2018,95.17,95.3,94.69,94.78
08/24/2018,95.64,95.69,95.03,95.15
08/23/2018,95.17,95.71,95.15,95.67
08/22/2018,95.21,95.38,94.93,95.15
08/21/2018,95.74,95.75,95.08,95.26
08/20/2018,96.13,96.4,95.73,95.9
08/17/2018,96.61,96.66,96.09,96.1
08/16/2018,96.72,96.77,96.32,96.65
08/15/2018,96.66,96.98,96.65,96.7
08/14/2018,95.17,96.79,95.16,96.73
08/13/2018,95.19,96.52,95.16,96.39
08/10/2018,95.64,96.45,95.53,96.36
08/09/2018,95.1,95.62,95.03,95.5
08/08/2018,95.14,95.42,94.99,95.05
08/07/2018,95.34,95.37,94.99,95.22
08/06/2018,95.2,95.52,95.2,95.36
08/03/2018,95.18,95.37,94.98,95.14
08/02/2018,94.63,95.19,94.61,95.16
08/01/2018,94.56,94.71,94.49,94.62
07/31/2018,94.33,94.57,94.16,94.49
07/30/2018,94.66,94.76,94.26,94.32
07/27/2018,94.76,94.91,94.63,94.68
07/26/2018,94.16,94.8,94.08,94.75
07/25/2018,94.59,94.67,94.14,94.36
07/24/2018,94.67,94.86,94.4,94.61
07/23/2018,94.43,94.72,94.21,94.67
07/20/2018,95.13,95.28,94.36,94.45
07/19/2018,95.08,95.65,94.93,95.15
07/18/2018,95.03,95.41,94.96,95.08
07/17/2018,94.55,95.06,94.3,94.95
07/16/2018,94.69,94.77,94.41,94.51
07/13/2018,94.9,95.24,94.67,94.75
07/12/2018,94.7,94.94,94.64,94.81
07/11/2018,94.2,94.77,94.09,94.72
07/10/2018,94.06,94.48,94.02,94.15
07/09/2018,93.97,94.21,93.71,94.08
07/06/2018,94.36,94.49,93.92,94.04
07/05/2018,94.51,94.59,94.18,94.47
07/04/2018,94.52,94.71,94.4,94.67
07/03/2018,94.84,94.98,94.56,94.67
07/02/2018,94.63,95.14,94.53,95.04
06/29/2018,95.3,95.32,94.47,94.64
06/28/2018,95.27,95.53,95.09,95.39
06/27/2018,94.67,95.42,94.53,95.27
06/26/2018,94.29,94.77,94.17,94.66
06/25/2018,94.5,94.7,94.21,94.28
06/22/2018,94.86,94.88,94.43,94.52
06/21/2018,95.13,95.53,94.68,94.74
06/20/2018,94.97,95.3,94.92,95.06
06/19/2018,94.74,95.3,94.53,95.09
06/18/2018,94.79,95.05,94.7,94.8
06/15/2018,94.91,95.13,94.65,94.79
06/14/2018,93.5,94.93,93.19,94.77
06/13/2018,93.83,94.03,93.52,93.71
06/12/2018,93.67,93.91,93.47,93.8
06/11/2018,93.54,93.68,93.37,93.58
06/08/2018,93.44,93.82,93.39,93.55
06/07/2018,93.6,93.59,93.21,93.4
06/06/2018,93.88,93.89,93.42,93.66
06/05/2018,94.06,94.32,93.78,93.9
06/04/2018,94.16,94.2,93.66,94.02
06/01/2018,94.07,94.25,93.72,93.99
05/31/2018,94.07,94.25,93.72,93.99
05/30/2018,94.82,94.97,94.04,94.15
05/29/2018,94.41,95.03,94.28,94.83
05/28/2018,94.42,94.5,93.86,94.19
05/25/2018,93.8,94.3,93.75,94.19
05/24/2018,93.92,93.98,93.61,93.76
05/23/2018,93.55,94.19,93.51,94
05/22/2018,93.54,93.73,93.29,93.61
05/21/2018,93.67,94.06,93.51,93.68
05/18/2018,93.5,93.83,93.34,93.64
05/17/2018,93.26,93.57,93.12,93.47
05/16/2018,93.31,93.63,93.14,93.39
05/15/2018,92.65,93.46,92.61,93.22
05/14/2018,92.55,92.69,92.24,92.59
05/11/2018,92.69,92.84,92.37,92.54
05/10/2018,93.08,93.16,92.54,92.65
05/09/2018,93.07,93.42,92.84,93.04
05/08/2018,92.77,93.28,92.65,93.12
05/07/2018,92.57,92.97,92.45,92.75
05/04/2018,92.43,92.9,92.35,92.57
05/03/2018,92.72,92.76,92.35,92.41
05/02/2018,92.47,92.83,92.22,92.51
05/01/2018,91.81,92.57,91.8,92.45
04/30/2018,91.53,91.92,91.48,91.84
04/27/2018,91.58,91.99,91.49,91.54
04/26/2018,91.21,91.64,90.96,91.56
04/25/2018,90.78,91.26,90.75,91.17
04/24/2018,90.92,91.08,90.71,90.77
04/23/2018,90.26,90.99,90.32,90.95
04/20/2018,89.9,90.48,89.89,90.32
04/19/2018,89.62,89.95,89.5,89.94
04/18/2018,89.51,89.78,89.45,89.62
04/17/2018,89.41,89.67,89.23,89.52
04/16/2018,89.77,89.85,89.39,89.43
04/13/2018,89.76,89.88,89.66,89.8
04/12/2018,89.52,89.96,89.44,89.75
04/11/2018,89.58,89.67,89.36,89.57
04/10/2018,89.83,89.97,89.54,89.59
04/09/2018,90.07,90.27,89.82,89.84
04/06/2018,90.38,90.6,90.07,90.11
04/05/2018,90.09,90.59,90.07,90.46
04/04/2018,90.16,90.23,89.92,90.14
04/03/2018,90.02,90.28,89.85,90.2
04/02/2018,89.97,90.15,89.82,90.05
03/30/2018,90.07,90.18,89.9,90.15
03/29/2018,90.07,90.18,89.9,90.15
03/28/2018,89.32,90.15,89.25,90.06
03/27/2018,89.02,89.63,88.94,89.37
03/26/2018,89.47,89.52,88.98,89.03
03/23/2018,89.69,89.74,89.4,89.44
03/22/2018,89.65,89.96,89.4,89.86
03/21/2018,90.41,90.4,89.63,89.78
03/20/2018,89.88,90.45,89.85,90.37
03/19/2018,90.2,90.35,89.76,89.77
03/16/2018,90.14,90.38,89.89,90.23
03/15/2018,89.75,90.17,89.62,90.14
03/14/2018,89.7,89.89,89.56,89.7
03/13/2018,89.91,90.11,89.59,89.66
03/12/2018,90.11,90.19,89.84,89.9
03/09/2018,90.2,90.36,90,90.09
03/08/2018,89.59,90.23,89.44,90.18
03/07/2018,89.51,89.78,89.41,89.64
03/06/2018,89.96,90.06,89.43,89.62
03/05/2018,89.83,90.22,89.83,90.08
03/02/2018,90.25,90.29,89.88,89.94
03/01/2018,90.67,90.93,90.21,90.32
02/28/2018,90.41,90.7,90.31,90.61
02/27/2018,89.8,90.5,89.69,90.36
02/26/2018,89.88,90.05,89.5,89.85
02/23/2018,89.78,90.06,89.76,89.88
02/22/2018,90.16,90.24,89.64,89.74
02/21/2018,89.71,90.16,89.59,90
02/20/2018,89.24,89.8,89.22,89.72
02/19/2018,88.57,89.23,88.25,89.1
02/16/2018,88.57,89.23,88.25,89.1
02/15/2018,88.96,89,88.54,88.59
02/14/2018,89.69,90.12,88.94,89.12
02/13/2018,90.09,90.18,89.61,89.7
02/12/2018,90.33,90.43,90.07,90.21
02/09/2018,90.25,90.56,90.12,90.44
02/08/2018,90.27,90.57,90.01,90.23
02/07/2018,89.63,90.4,89.47,90.26
02/06/2018,89.66,90.03,89.37,89.59
02/05/2018,89.19,89.7,89.02,89.55
02/02/2018,88.64,89.43,88.59,89.2
02/01/2018,89.04,89.33,88.56,88.67
01/31/2018,89.1,89.3,88.78,89.13
01/30/2018,89.37,89.64,88.91,89.16
01/29/2018,89.02,89.62,89.01,89.31
01/26/2018,89.4,89.58,88.44,89.07
01/25/2018,89.32,90.11,89.16,89.39
01/24/2018,90,90.59,89.97,89.21
01/23/2018,90.39,90.7,90.35,90.12
01/22/2018,90.67,90.7,90.16,90.4
01/19/2018,90.5,90.98,90.41,90.57
01/18/2018,90.78,91,90.11,90.5
01/17/2018,90.44,90.82,90.34,90.54
01/16/2018,90.44,90.83,90.34,90.39
01/15/2018,90.89,90.94,90.28,90.97
01/12/2018,91.85,91.88,90.9,90.97
01/11/2018,92.33,92.55,91.79,91.85
01/10/2018,92.57,92.58,91.92,92.33
01/09/2018,92.34,92.64,92.21,92.53
01/08/2018,92.06,92.4,91.88,92.36
01/05/2018,91.87,92.1,91.78,91.95
01/04/2018,92.22,92.26,91.8,91.85
01/03/2018,91.82,92.26,91.81,92.16
01/02/2018,92.24,92.25,91.75,91.87
01/01/2018,92.67,92.67,92.08,92.12
12/29/2017,92.67,92.67,92.08,92.12
12/28/2017,93,93.02,92.57,92.6
12/27/2017,93.3,93.31,92.96,93.03
12/26/2017,93.25,93.4,93.2,93.26
12/25/2017,93.37,93.56,93.31,93.35
12/22/2017,93.37,93.56,93.31,93.35
12/21/2017,93.31,93.5,93.24,93.28
12/20/2017,93.5,93.54,93.16,93.31
12/19/2017,93.71,93.76,93.43,93.44
12/18/2017,93.98,94.03,93.38,93.7
12/15/2017,93.65,94,93.41,93.93
12/14/2017,93.41,93.76,93.28,93.49
12/13/2017,94.06,94.11,93.4,93.43
12/12/2017,93.91,94.22,93.76,94.1
12/11/2017,93.92,93.98,93.67,93.87
12/08/2017,93.79,94.09,93.77,93.9
12/07/2017,93.54,93.8,93.51,93.8
12/06/2017,93.31,93.65,93.17,93.61
12/05/2017,93.09,93.49,93.04,93.38
12/04/2017,93.22,93.36,93.07,93.19
12/01/2017,93.03,93.25,92.6,92.89
11/30/2017,93.26,93.51,92.73,93.05
11/29/2017,93.22,93.44,92.99,93.16
11/28/2017,92.89,93.34,92.83,93.27
11/27/2017,92.69,92.98,92.5,92.9
11/24/2017,93.13,93.25,92.68,92.78
11/23/2017,93.3,93.31,93.07,93.22
11/22/2017,93.93,93.96,93.21,93.22
11/21/2017,94.04,94.17,93.88,93.95
11/20/2017,93.71,94.1,93.58,94.08
11/17/2017,93.87,93.93,93.51,93.66
11/16/2017,93.84,94,93.77,93.93
11/15/2017,93.86,93.93,93.4,93.81
11/14/2017,94.52,94.54,93.75,93.83
11/13/2017,94.41,94.64,94.4,94.49
11/10/2017,94.5,94.65,94.26,94.39
11/09/2017,94.88,94.96,94.42,94.44
11/08/2017,94.8,94.97,94.78,94.87
11/07/2017,94.72,95.15,94.7,94.91
11/06/2017,94.91,95.08,94.69,94.76
11/03/2017,94.73,95.02,94.41,94.94
11/02/2017,94.8,94.8,94.41,94.69
11/01/2017,94.55,94.85,94.51,94.82
10/31/2017,94.54,94.7,94.45,94.55
10/30/2017,94.79,94.9,94.44,94.56
10/27/2017,94.72,95.15,94.73,94.92
10/26/2017,93.63,94.72,93.48,94.61
10/25/2017,93.94,94.01,93.61,93.71
10/24/2017,93.83,93.99,93.68,93.77
10/23/2017,93.84,94.02,93.68,93.94
10/20/2017,93.16,93.78,93.12,93.7
10/19/2017,93.42,93.55,93.06,93.27
10/18/2017,93.48,93.8,93.36,93.36
10/17/2017,93.32,93.73,93.28,93.49
10/16/2017,93.08,93.36,93.08,93.31
10/13/2017,93.09,93.24,92.75,93.09
10/12/2017,92.95,93.23,92.8,93.06
10/11/2017,93.26,93.37,92.9,93.02
10/10/2017,93.73,93.74,93.14,93.29
10/09/2017,93.77,93.84,93.62,93.68
10/06/2017,93.92,94.27,93.77,93.8
10/05/2017,93.48,93.99,93.41,93.96
10/04/2017,93.59,93.58,93.26,93.46
10/03/2017,93.6,93.92,93.43,93.57
10/02/2017,93.29,93.66,93.12,93.56
09/29/2017,93.17,93.27,92.95,93.08
09/28/2017,93.47,93.67,93.07,93.09
09/27/2017,93.04,93.61,93.01,93.36
09/26/2017,92.6,93.29,92.55,92.97
09/25/2017,92.15,92.72,92.21,92.65
09/22/2017,92.18,92.22,91.78,92.17
09/21/2017,92.47,92.66,92.1,92.26
09/20/2017,91.83,92.7,91.53,92.51
09/19/2017,91.98,92.05,91.75,91.79
09/18/2017,91.93,92.21,91.8,92.05
09/15/2017,92,92.17,91.58,91.87
09/14/2017,92.35,92.66,91.98,92.12
09/13/2017,91.88,92.53,91.71,92.52
09/12/2017,91.86,92.08,91.77,91.88
09/11/2017,91.32,91.99,91.42,91.88
09/08/2017,91.49,91.51,91.01,91.35
09/07/2017,92.2,92.25,91.41,91.66
09/06/2017,92.24,92.38,91.99,92.29
09/05/2017,92.6,92.73,92.18,92.25
09/04/2017,92.61,92.93,92.1,92.81
09/01/2017,92.61,92.93,92.1,92.81
08/31/2017,92.85,93.35,92.56,92.67
08/30/2017,92.3,92.95,92.25,92.88
08/29/2017,92.22,92.48,91.62,92.25
08/28/2017,92.36,92.55,92.17,92.21
08/25/2017,93.27,93.44,92.42,92.74
08/24/2017,93.16,93.38,93.14,93.28
08/23/2017,93.51,93.63,93.13,93.15
08/22/2017,93.14,93.58,93.06,93.55
08/21/2017,93.43,93.58,93,93.1
08/18/2017,93.68,93.76,93.33,93.43
08/17/2017,93.44,94.08,93.31,93.62
08/16/2017,93.84,94.15,93.47,93.54
08/15/2017,93.46,94.14,93.44,93.85
08/14/2017,93.09,93.5,93.05,93.41
08/11/2017,93.43,93.51,92.93,93.07
08/10/2017,93.5,93.81,93.32,93.4
08/09/2017,93.56,93.89,93.49,93.55
08/08/2017,93.45,93.88,93.24,93.65
08/07/2017,93.5,93.54,93.3,93.43
08/04/2017,92.76,93.77,92.7,93.54
08/03/2017,92.9,93.04,92.68,92.84
08/02/2017,93.06,93.16,92.55,92.84
08/01/2017,92.89,93.12,92.78,93.04
07/31/2017,93.36,93.54,92.78,92.86
07/28/2017,93.87,93.95,93.26,93.26
07/27/2017,93.46,94.1,93.15,93.86
07/26/2017,94.09,94.29,93.37,93.67
07/25/2017,94.03,94.12,93.64,94.05
07/24/2017,93.95,94.12,93.82,93.98
07/21/2017,94.3,94.36,93.85,93.86
07/20/2017,94.77,95.17,94.09,94.31
07/19/2017,94.69,94.89,94.64,94.78
07/18/2017,95.16,95.19,94.48,94.6
07/17/2017,95.1,95.35,95.02,95.13
07/14/2017,95.8,95.83,95.09,95.15
07/13/2017,95.85,95.92,95.46,95.73
07/12/2017,95.71,95.98,95.51,95.77
07/11/2017,96.07,96.21,95.65,95.76
07/10/2017,96.04,96.2,95.95,96.06
07/07/2017,95.8,96.15,95.75,96
07/06/2017,96.19,96.34,95.79,95.81
07/05/2017,96.19,96.51,96.07,96.19
07/04/2017,96.16,96.33,96.05,96.26
07/03/2017,95.64,96.24,95.63,96.2
06/30/2017,95.54,95.83,95.47,95.63
06/29/2017,96.04,96.05,95.53,95.56
06/28/2017,96.43,96.62,95.97,96.04
06/27/2017,97.43,97.45,96.34,96.48
06/26/2017,97.3,97.47,97.11,97.42
06/23/2017,97.56,97.58,97.18,97.3
06/22/2017,97.55,97.65,97.43,97.54
06/21/2017,97.73,97.8,97.52,97.56
06/20/2017,97.54,97.87,97.43,97.75
06/19/2017,97.11,97.58,97.05,97.52
06/16/2017,97.48,97.56,97.1,97.16
06/15/2017,96.93,97.56,96.84,97.47
06/14/2017,97.01,97.13,96.32,96.96
06/13/2017,97.17,97.28,96.95,97
06/12/2017,97.27,97.32,97.04,97.16
06/09/2017,97.18,97.5,97.15,97.28
06/08/2017,96.71,97.23,96.59,97.21
06/07/2017,96.54,96.98,96.51,96.69
06/06/2017,96.79,96.8,96.52,96.53
06/05/2017,96.68,96.97,96.7,96.8
06/02/2017,97.19,97.31,96.65,96.67
06/01/2017,96.99,97.32,96.9,97.2
05/31/2017,97.43,97.5,96.86,96.98
05/30/2017,97.63,97.78,97.22,97.4
05/29/2017,97.45,97.61,97.33,97.59
05/26/2017,97.23,97.55,97.04,97.4
05/25/2017,97.07,97.28,96.88,97.2
05/24/2017,97.34,97.47,97.03,97.1
05/23/2017,96.95,97.42,96.8,97.34
05/22/2017,97.16,97.44,96.8,96.99
05/19/2017,97.85,97.85,97.08,97.12
05/18/2017,97.44,98.07,97.37,97.88
05/17/2017,98.09,98.13,97.33,97.39
05/16/2017,98.88,98.89,98.08,98.19
05/15/2017,99.17,99.26,98.79,98.88
05/12/2017,99.63,99.7,99.16,99.19
05/11/2017,99.66,99.89,99.49,99.65
05/10/2017,99.48,99.72,99.37,99.63
05/09/2017,99.14,99.69,99.08,99.54
05/08/2017,98.5,99.18,98.6,99.16
05/05/2017,98.77,98.98,98.54,98.58
05/04/2017,99.35,99.46,98.71,98.78
05/03/2017,98.92,99.39,98.89,99.38
05/02/2017,99.07,99.22,98.92,98.95
05/01/2017,98.94,99.21,98.89,99.13
04/28/2017,99.17,99.25,98.72,99.04
04/27/2017,98.95,99.33,98.81,99.15
04/26/2017,98.85,99.33,98.73,98.98
04/25/2017,99.05,99.22,98.7,98.84
04/24/2017,99.75,99.33,98.91,99.04
04/21/2017,99.83,100.03,99.65,99.98
04/20/2017,99.78,99.85,99.37,99.84
04/19/2017,99.51,99.89,99.51,99.81
04/18/2017,100.34,100.4,99.47,99.5
04/17/2017,100.49,100.47,100,100.3
04/14/2017,100.16,100.6,100.01,100.58
04/13/2017,100.16,100.6,100.01,100.58
04/12/2017,100.73,100.82,100.09,100.18
04/11/2017,100.97,101.08,100.58,100.71
04/10/2017,101.15,101.34,100.94,101.01
04/07/2017,100.73,101.26,100.52,101.13
04/06/2017,100.5,100.77,100.38,100.72
04/05/2017,100.52,100.85,100.41,100.52
04/04/2017,100.49,100.73,100.42,100.49
04/03/2017,100.51,100.69,100.37,100.49
03/31/2017,100.49,100.65,100.25,100.56
03/30/2017,99.96,100.6,99.93,100.51
03/29/2017,99.7,100.13,99.67,99.93
03/28/2017,99.22,99.79,99.12,99.68
03/27/2017,99.43,99.38,98.86,99.23
03/24/2017,99.77,100,99.53,99.77
03/23/2017,99.75,99.87,99.63,99.76
03/22/2017,99.69,99.93,99.55,99.72
03/21/2017,100.37,100.35,99.66,99.75
03/20/2017,100.33,100.45,100.02,100.36
03/17/2017,100.24,100.47,100.14,100.31
03/16/2017,100.56,100.75,100.21,100.23
03/15/2017,101.71,101.71,100.49,100.54
03/14/2017,101.4,101.79,101.34,101.74
03/13/2017,101.29,101.39,101.01,101.37
03/10/2017,101.99,102,101.17,101.38
03/09/2017,102.11,102.25,101.7,102.03
03/08/2017,101.79,102.19,101.71,102.12
03/07/2017,101.68,101.91,101.53,101.82
03/06/2017,101.42,101.75,101.22,101.7
03/03/2017,102.13,102.17,101.34,101.54
03/02/2017,101.92,102.26,101.78,102.15
03/01/2017,101.43,101.97,101.23,101.77
02/28/2017,101.21,101.4,100.78,101.36
02/27/2017,101.09,101.27,100.69,101.17
02/24/2017,100.95,101.17,100.66,101.12
02/23/2017,101.38,101.44,100.87,100.98
02/22/2017,101.4,101.72,101.17,101.33
02/21/2017,100.93,101.6,100.91,101.44
02/20/2017,100.52,100.96,100.45,100.95
02/17/2017,100.52,100.96,100.45,100.95
02/16/2017,101.05,101.07,100.41,100.5
02/15/2017,101.22,101.76,101,101.09
02/14/2017,100.98,101.38,100.7,101.23
02/13/2017,100.84,101.11,100.58,101.02
02/10/2017,100.67,101.01,100.58,100.71
02/09/2017,100.22,100.68,100.08,100.67
02/08/2017,100.44,100.64,100.06,100.17
02/07/2017,99.93,100.72,99.91,100.4
02/06/2017,99.61,100.25,99.63,99.9
02/03/2017,99.79,100.26,99.56,99.73
02/02/2017,99.76,99.87,99.23,99.82
02/01/2017,99.56,100.04,99.5,99.75
01/31/2017,100.33,100.51,99.43,99.55
01/30/2017,100.34,101.02,100.17,100.37
01/27/2017,100.49,100.82,100.32,100.56
01/26/2017,99.91,100.73,99.79,100.53
01/25/2017,100.31,100.41,99.84,99.92
01/24/2017,100.08,100.43,99.92,100.27
01/23/2017,100.73,100.67,99.9,99.93
01/20/2017,101.17,101.5,100.7,100.81
01/19/2017,101.35,101.73,100.97,101.17
01/18/2017,100.43,101.34,100.32,101.29
01/17/2017,101.54,101.62,100.26,100.3
01/16/2017,101.18,101.73,101.32,101.57
01/13/2017,101.51,101.67,101.01,101.19
01/12/2017,101.67,101.8,100.72,101.45
01/11/2017,102.07,102.95,101.28,101.73
01/10/2017,101.85,102.1,101.51,102.04
01/09/2017,102.25,102.52,101.8,101.84
01/06/2017,101.4,102.29,101.37,102.22
01/05/2017,102.45,102.51,101.3,101.4
01/04/2017,103.17,103.44,102.39,102.52
01/03/2017,102.88,103.82,102.59,103.21
01/02/2017,102.13,102.59,101.91,102.21
12/30/2016,102.13,102.59,101.91,102.21
12/29/2016,103.21,103.25,102.6,102.65
12/28/2016,103.02,103.63,102.87,103.22
12/27/2016,102.97,103.15,102.95,103.04
12/26/2016,103.08,103.23,102.88,102.92
12/23/2016,103.08,103.23,102.88,102.92
12/22/2016,103.05,103.14,102.59,103.09
12/21/2016,103.26,103.38,102.77,103
12/20/2016,103.15,103.65,103.03,103.25
12/19/2016,102.92,103.21,102.52,103.13
12/16/2016,103.16,103.27,102.62,102.95
12/15/2016,102.23,103.56,102.16,103.1
12/14/2016,101.04,102.35,100.73,102.2
12/13/2016,100.89,101.16,100.75,101.06
12/12/2016,101.68,101.78,100.84,100.92
12/09/2016,101.06,101.74,101.01,101.59
12/08/2016,100.21,101.25,99.43,101.09
12/07/2016,100.49,100.6,100.13,100.18
12/06/2016,100.13,100.58,99.98,100.49
12/05/2016,100.65,101.54,99.85,100.15
12/02/2016,100.88,101.11,100.62,100.66
12/01/2016,101.52,101.59,100.87,100.95
11/30/2016,100.85,101.83,100.84,101.53
11/29/2016,101.18,101.64,100.86,100.99
11/28/2016,101.48,101.6,100.64,101.16
11/25/2016,101.84,101.92,101.21,101.5
11/24/2016,101.82,102.05,101.43,101.69
11/23/2016,100.95,101.91,100.89,101.71
11/22/2016,100.77,101.32,100.65,101
11/21/2016,101.3,101.4,100.74,100.88
11/18/2016,100.97,101.48,100.83,101.21
11/17/2016,100.26,101.01,99.96,100.95
11/16/2016,100.18,100.57,99.9,100.3
11/15/2016,99.8,100.26,99.45,100.14
11/14/2016,99,100.22,99.21,99.97
11/11/2016,98.85,99.13,98.54,98.99
11/10/2016,98.61,99.08,98.31,98.86
11/09/2016,97.68,98.7,95.89,98.62
11/08/2016,97.74,98,97.55,97.97
11/07/2016,96.89,97.87,97.22,97.74
11/04/2016,97.17,97.35,96.89,96.9
11/03/2016,97.37,97.46,97.04,97.15
11/02/2016,97.75,97.8,97.18,97.38
11/01/2016,98.39,98.48,97.64,97.74
10/31/2016,98.32,98.7,98.29,98.36
10/28/2016,98.92,98.94,98.24,98.35
10/27/2016,98.62,99.03,98.5,98.93
10/26/2016,98.7,98.84,98.34,98.62
10/25/2016,98.77,99.12,98.61,98.73
10/24/2016,98.63,98.85,98.54,98.75
10/21/2016,98.32,98.81,98.31,98.7
10/20/2016,97.85,98.4,97.66,98.33
10/19/2016,97.9,97.97,97.63,97.85
10/18/2016,97.87,97.96,97.61,97.88
10/17/2016,98.06,98.17,97.81,97.88
10/14/2016,97.54,98.12,97.51,98.09
10/13/2016,97.99,98.13,97.5,97.55
10/12/2016,97.54,98.04,97.46,97.98
10/11/2016,96.91,97.76,96.92,97.7
10/10/2016,96.47,96.97,96.46,96.89
10/07/2016,97.12,97.19,96.4,96.63
10/06/2016,96.14,96.77,96.12,96.69
10/05/2016,96.1,96.31,95.96,96.17
10/04/2016,95.73,96.44,95.76,96.14
10/03/2016,95.42,95.8,95.46,95.75
09/30/2016,95.51,95.96,95.34,95.42
09/29/2016,95.37,95.68,95.33,95.53
09/28/2016,95.45,95.74,95.37,95.43
09/27/2016,95.32,95.67,95.24,95.47
09/26/2016,95.5,95.53,95.13,95.3
09/23/2016,95.36,95.68,95.34,95.51
09/22/2016,95.51,95.53,95.05,95.37
09/21/2016,96,96.33,95.45,95.5
09/20/2016,95.83,96.04,95.6,96
09/19/2016,96.04,96.06,95.65,95.87
09/16/2016,95.23,96.11,95.22,96.04
09/15/2016,95.33,95.56,95.08,95.28
09/14/2016,95.56,95.66,95.2,95.34
09/13/2016,95.12,95.67,95.08,95.58
09/12/2016,95.35,95.45,94.94,95.15
09/09/2016,94.94,95.58,94.8,95.35
09/08/2016,94.96,95.14,94.47,94.99
09/07/2016,94.9,95.06,94.69,94.96
09/06/2016,95.79,95.86,94.77,94.86
09/05/2016,95.67,95.96,95.19,95.88
09/02/2016,95.67,95.96,95.19,95.88
09/01/2016,95.98,96.24,95.6,95.65
08/31/2016,96.01,96.26,95.9,95.99
08/30/2016,95.59,96.14,95.53,96.05
08/29/2016,95.47,95.83,95.48,95.57
08/26/2016,94.72,95.59,94.25,95.48
08/25/2016,94.78,94.83,94.59,94.72
08/24/2016,94.55,94.91,94.51,94.77
08/23/2016,94.55,94.58,94.21,94.53
08/22/2016,94.5,94.96,94.44,94.53
08/19/2016,94.23,94.63,94.22,94.51
08/18/2016,94.7,94.65,94.08,94.15
08/17/2016,94.8,95.1,94.51,94.72
08/16/2016,95.61,95.66,94.43,94.78
08/15/2016,95.68,95.8,95.47,95.6
08/12/2016,95.92,95.99,95.25,95.68
08/11/2016,95.58,95.97,95.51,95.91
08/10/2016,96.13,96.12,95.44,95.57
08/09/2016,96.39,96.52,96.08,96.13
08/08/2016,96.23,96.47,96.15,96.38
08/05/2016,95.78,96.52,95.55,96.24
08/04/2016,95.54,95.9,95.42,95.79
08/03/2016,95.13,95.61,95.14,95.55
08/02/2016,95.82,95.85,95,95.11
08/01/2016,95.52,95.82,95.54,95.78
07/29/2016,96.62,96.62,95.38,95.52
07/28/2016,96.73,96.77,96.29,96.66
07/27/2016,97.14,97.53,96.67,96.79
07/26/2016,97.29,97.32,96.85,97.17
07/25/2016,97.34,97.57,97.22,97.26
07/22/2016,96.92,97.54,96.83,97.35
07/21/2016,97.13,97.21,96.73,96.97
07/20/2016,97.08,97.32,96.99,97.14
07/19/2016,96.55,97.15,96.52,97.05
07/18/2016,96.67,96.71,96.47,96.55
07/15/2016,96.13,96.73,95.91,96.68
07/14/2016,96.27,96.37,95.83,96.1
07/13/2016,96.51,96.6,96.09,96.31
07/12/2016,96.54,96.64,96.07,96.51
07/11/2016,96.28,96.79,96.27,96.55
07/08/2016,96.28,96.7,95.83,96.28
07/07/2016,96.13,96.34,95.92,96.25
07/06/2016,96.25,96.5,95.98,96.1
07/05/2016,95.54,96.25,95.34,96.21
07/04/2016,95.63,95.9,95.43,95.51
07/01/2016,95.89,96.08,95.41,95.64
06/30/2016,95.67,96.42,95.44,95.96
06/29/2016,96.04,96.2,95.59,95.65
06/28/2016,96.41,96.4,95.77,96.06
06/27/2016,95.55,96.71,95.81,96.37
06/24/2016,93.45,96.7,93.71,95.54
06/23/2016,93.5,93.61,93.02,93.21
06/22/2016,94.05,94.12,93.42,93.56
06/21/2016,93.61,94.14,93.43,94.07
06/20/2016,94.14,93.78,93.45,93.65
06/17/2016,94.58,94.59,94.07,94.14
06/16/2016,94.6,95.32,94.21,94.61
06/15/2016,94.91,95.04,94.36,94.61
06/14/2016,94.36,95.03,94.32,94.93
06/13/2016,94.65,94.75,94.24,94.39
06/10/2016,94.09,94.71,94.05,94.66
06/09/2016,93.55,94.13,93.43,94.07
06/08/2016,93.86,93.87,93.43,93.55
06/07/2016,94.02,94.09,93.75,93.86
06/06/2016,93.87,94.27,93.75,94.03
06/03/2016,95.55,95.64,93.86,93.87
06/02/2016,95.43,95.61,95.15,95.55
06/01/2016,95.81,95.9,95.34,95.42
05/31/2016,95.66,95.9,95.46,95.8
05/30/2016,95.7,95.97,95.63,95.7
05/27/2016,95.14,95.78,95.08,95.7
05/26/2016,95.42,95.42,94.94,95.14
05/25/2016,95.63,95.66,95.33,95.41
05/24/2016,95.27,95.66,95.2,95.59
05/23/2016,95.27,95.48,95.1,95.25
05/20/2016,95.29,95.46,95.17,95.27
05/19/2016,95.15,95.5,95.12,95.31
05/18/2016,94.58,95.27,94.53,95.19
05/17/2016,94.57,94.71,94.33,94.57
05/16/2016,94.58,94.68,94.4,94.56
05/13/2016,94.12,94.85,94.12,94.61
05/12/2016,93.85,94.19,93.8,94.16
05/11/2016,94.26,94.24,93.68,93.83
05/10/2016,94.13,94.36,94.03,94.27
05/09/2016,93.83,94.2,93.8,94.16
05/06/2016,93.74,93.96,93.28,93.89
05/05/2016,93.21,93.86,93.17,93.76
05/04/2016,92.98,93.36,92.85,93.27
05/03/2016,92.6,93.11,91.92,93.06
05/02/2016,93.02,93.07,92.54,92.59
04/29/2016,93.8,93.75,93.01,93.08
04/28/2016,94.39,94.58,93.69,93.76
04/27/2016,94.53,94.8,94.15,94.39
04/26/2016,94.79,94.81,94.21,94.51
04/25/2016,95.11,95.08,94.68,94.8
04/22/2016,94.63,95.2,94.47,95.12
04/21/2016,94.54,94.7,93.92,94.65
04/20/2016,94.14,94.59,93.94,94.55
04/19/2016,94.49,94.55,93.93,94.12
04/18/2016,94.7,94.83,94.38,94.46
04/15/2016,94.93,95.05,94.51,94.7
04/14/2016,94.81,95.2,94.68,94.94
04/13/2016,94.05,94.85,94,94.78
04/12/2016,93.96,94.39,93.63,94.05
04/11/2016,94.2,94.34,93.75,94.01
04/08/2016,94.56,94.68,94.09,94.19
04/07/2016,94.48,94.67,94.02,94.51
04/06/2016,94.6,95.07,94.24,94.5
04/05/2016,94.59,94.98,94.45,94.62
04/04/2016,94.58,94.83,94.41,94.56
04/01/2016,94.64,95.11,94.33,94.61
03/31/2016,94.84,95.03,94.32,94.63
03/30/2016,95.21,95.22,94.59,94.83
03/29/2016,95.96,96.22,95.09,95.18
03/28/2016,96.28,96.4,95.84,95.97
03/25/2016,96.07,96.36,96.04,96.13
03/24/2016,96.07,96.36,96.04,96.13
03/23/2016,95.64,96.23,95.62,96.04
03/22/2016,95.43,95.75,95.26,95.67
03/21/2016,95.04,95.41,95,95.4
03/18/2016,94.77,95.17,94.58,95.09
03/17/2016,95.75,95.83,94.65,94.78
03/16/2016,96.67,97.06,95.54,95.75
03/15/2016,96.6,96.87,96.47,96.66
03/14/2016,96.19,96.71,96.14,96.57
03/11/2016,96.17,96.72,95.94,96.2
03/10/2016,97.23,98.42,95.94,96.17
03/09/2016,97.22,97.57,96.93,97.17
03/08/2016,97.11,97.27,96.89,97.21
03/07/2016,97.23,97.7,97.04,97.1
03/04/2016,97.67,98.03,97.02,97.22
03/03/2016,98.2,98.35,97.46,97.65
03/02/2016,98.26,98.58,98.12,98.18
03/01/2016,98.18,98.57,98.09,98.34
02/29/2016,98.11,98.37,97.8,98.15
02/26/2016,97.4,98.26,97.1,98.15
02/25/2016,97.49,97.72,97.22,97.45
02/24/2016,97.47,97.92,97.23,97.44
02/23/2016,97.36,97.58,97.14,97.44
02/22/2016,96.59,97.6,96.74,97.39
02/19/2016,96.87,97.17,96.56,96.59
02/18/2016,96.89,97.09,96.69,96.84
02/17/2016,96.94,97.1,96.63,96.87
02/16/2016,96.58,96.99,96.38,96.9
02/15/2016,95.5,96.22,95.46,95.97
02/12/2016,95.5,96.22,95.46,95.97
02/11/2016,95.89,95.9,95.24,95.6
02/10/2016,96.06,96.72,95.76,95.82
02/09/2016,96.73,96.83,95.66,96.06
02/08/2016,96.56,97.48,96.54,96.68
02/05/2016,96.56,97.27,96.32,96.96
02/04/2016,97.29,97.47,96.26,96.56
02/03/2016,98.83,98.94,96.89,97.3
02/02/2016,98.99,99.09,98.75,98.81
02/01/2016,98.65,99.63,98.93,99.04
01/29/2016,98.65,99.83,98.58,99.53
01/28/2016,98.88,99.11,98.43,98.59
01/27/2016,99.02,99.16,98.71,98.92
01/26/2016,99.3,99.46,99,99.04
01/25/2016,99.18,99.55,99.23,99.28
01/22/2016,99.18,99.59,99.11,99.53
01/21/2016,99.19,99.8,98.91,99.12
01/20/2016,99.02,99.19,98.63,99.06
01/19/2016,99.12,99.31,98.86,99.08
01/18/2016,99.1,99.2,98.88,99.1
01/15/2016,99.1,99.12,98.38,98.95
01/14/2016,98.82,99.26,98.59,99.07
01/13/2016,99.03,99.33,98.86,98.89
01/12/2016,98.8,99.28,98.57,99.02
01/11/2016,98.3,98.9,98.25,98.82
01/08/2016,98.3,99.18,98.27,98.38
01/07/2016,99.21,99.3,98.17,98.29
01/06/2016,99.39,99.58,99.11,99.26
01/05/2016,98.87,99.63,98.75,99.33
01/04/2016,98.69,99.18,98.05,98.85
01/01/2016,98.22,98.78,98.18,98.69
12/31/2015,98.22,98.78,98.18,98.69
12/30/2015,98.21,98.41,98.11,98.26
12/29/2015,97.9,98.41,97.8,98.24
12/28/2015,97.87,98.03,97.81,97.95
12/25/2015,98.33,98.38,97.86,97.9
12/24/2015,98.33,98.38,97.86,97.9
12/23/2015,98.21,98.6,98.19,98.4
12/22/2015,98.46,98.51,98,98.22
12/21/2015,99.02,98.84,98.29,98.47
12/18/2015,99.02,99.18,98.64,98.72
12/17/2015,98.56,99.29,98.53,99.05
12/16/2015,98.19,98.6,97.66,98.58
12/15/2015,97.64,98.29,97.19,98.13
12/14/2015,97.98,97.93,97.28,97.58
12/11/2015,97.98,98.1,97.33,97.63
12/10/2015,97.41,97.99,97.36,97.93
12/09/2015,98.45,98.52,97.22,97.39
12/08/2015,98.73,98.76,98.33,98.4
12/07/2015,97.83,98.9,98.3,98.75
12/04/2015,97.83,98.61,97.75,98.25
12/03/2015,100.01,100.47,97.59,97.92
12/02/2015,99.83,100.51,99.8,100.02
12/01/2015,100.23,100.26,99.72,99.84
11/30/2015,99.86,100.31,100.05,100.2
11/27/2015,99.86,100.2,99.66,100.08
11/26/2015,99.74,99.91,99.71,99.87
11/25/2015,99.56,100.17,99.31,99.76
11/24/2015,99.68,99.79,99.47,99.61
11/23/2015,99.09,100,99.53,99.76
11/20/2015,99.09,99.65,99,99.61
11/19/2015,99.41,99.48,98.74,99
11/18/2015,99.65,99.85,99.31,99.55
11/17/2015,99.4,99.75,99.36,99.67
11/16/2015,98.57,99.46,98.87,99.39
11/13/2015,98.57,99.21,98.53,98.8
11/12/2015,98.82,99.29,98.43,98.56
11/11/2015,99.1,99.24,98.78,98.85
11/10/2015,99.01,99.5,98.94,99.21
11/09/2015,97.95,99.26,98.82,98.99
11/06/2015,97.95,99.35,97.89,99.15
11/05/2015,97.94,98.14,97.75,97.99
11/04/2015,97.2,98.05,97.17,97.89
11/03/2015,96.9,97.48,96.77,97.18
11/02/2015,97.19,96.97,96.64,96.91
10/30/2015,97.19,97.35,96.58,96.92
10/29/2015,97.61,97.69,97.19,97.22
10/28/2015,96.95,97.82,96.47,97.62
10/27/2015,96.8,96.97,96.58,96.91
10/26/2015,96.4,97.08,96.68,96.82
10/23/2015,96.4,97.2,96.15,97.04
10/22/2015,95.04,96.54,94.94,96.4
10/21/2015,94.85,95.08,94.72,95.05
10/20/2015,94.93,94.95,94.59,94.86
10/19/2015,94.47,95,94.55,94.92
10/16/2015,94.47,94.77,94.37,94.73
10/15/2015,93.95,94.59,93.81,94.44
10/14/2015,94.76,94.76,93.85,93.91
10/13/2015,94.9,94.98,94.54,94.76
10/12/2015,95.23,94.9,94.62,94.88
10/09/2015,95.23,95.34,94.69,94.89
10/08/2015,95.57,95.61,94.98,95.3
10/07/2015,95.47,95.7,95.33,95.57
10/06/2015,96.05,96.16,95.4,95.46
10/05/2015,96.14,96.17,95.45,96.08
10/02/2015,96.14,96.38,95.22,95.92
10/01/2015,96.27,96.49,95.97,96.1
09/30/2015,95.91,96.41,95.85,96.28
09/29/2015,96.02,96.24,95.71,95.9
09/28/2015,96.24,96.5,95.9,96.01
09/25/2015,96.24,96.7,96.12,96.26
09/24/2015,96.24,96.33,95.46,96.3
09/23/2015,96.31,96.55,96.02,96.2
09/22/2015,95.92,96.4,95.76,96.32
09/21/2015,94.58,95.98,95.04,95.93
09/18/2015,94.58,95.38,94.06,95.15
09/17/2015,95.32,95.39,94.36,94.54
09/16/2015,95.58,95.85,95.16,95.33
09/15/2015,95.31,95.68,95.13,95.59
09/14/2015,95.49,95.45,94.91,95.28
09/11/2015,95.49,95.69,95.12,95.18
09/10/2015,95.92,96.2,95.4,95.51
09/09/2015,95.84,96.41,95.85,95.95
09/08/2015,96.14,96.24,95.73,95.86
09/07/2015,96.41,96.58,95.97,96.22
09/04/2015,96.41,96.58,95.97,96.22
09/03/2015,95.94,96.62,95.79,96.41
09/02/2015,95.41,95.98,95.42,95.97
09/01/2015,95.91,95.87,95.19,95.38
08/31/2015,95.77,96.25,95.62,95.93
08/28/2015,95.77,96.32,95.38,96.15
08/27/2015,95.21,96.03,94.99,95.77
08/26/2015,93.94,95.44,93.72,95.28
08/25/2015,93.39,94.69,93.49,93.96
08/24/2015,95.81,94.96,92.62,93.42
08/21/2015,95.81,95.82,94.8,94.8
08/20/2015,96.46,96.58,95.71,95.77
08/19/2015,97,97.08,96.34,96.45
08/18/2015,96.84,97.07,96.68,97
08/17/2015,96.4,96.94,96.51,96.82
08/14/2015,96.4,96.68,96.09,96.59
08/13/2015,96.35,96.81,96.12,96.36
08/12/2015,97.18,97.33,95.93,96.29
08/11/2015,97.19,97.59,96.88,97.21
08/10/2015,97.8,97.92,97.04,97.19
08/07/2015,97.8,98.33,97.51,97.56
08/06/2015,97.88,98.16,97.63,97.78
08/05/2015,97.93,98.22,97.64,97.9
08/04/2015,97.48,98,97.21,97.94
08/03/2015,97.47,97.58,97.16,97.45
07/31/2015,97.47,97.6,96.31,97.19
07/30/2015,97.13,97.77,97.17,97.49
07/29/2015,96.64,97.25,96.5,97.17
07/28/2015,96.58,96.97,96.47,96.65
07/27/2015,97.19,97.29,96.29,96.54
07/24/2015,97.19,97.62,97.12,97.24
07/23/2015,97.44,97.51,96.89,97.2
07/22/2015,97.34,97.79,97.11,97.45
07/21/2015,98.01,98.15,97.14,97.31
07/20/2015,97.66,98.15,97.74,98.05
07/17/2015,97.66,97.98,97.42,97.96
07/16/2015,97.12,97.76,97.17,97.66
07/15/2015,96.62,97.31,96.53,97.16
07/14/2015,96.79,97.05,96.27,96.61
07/13/2015,96.38,96.86,95.63,96.8
07/10/2015,96.38,96.4,95.45,96.03
07/09/2015,96.21,96.76,95.97,96.27
07/08/2015,96.7,96.88,96.12,96.22
07/07/2015,96.26,97.24,96.31,96.77
07/06/2015,96.08,96.63,96.02,96.26
07/03/2015,96.08,96.22,95.87,95.95
07/02/2015,96.33,96.42,95.87,96.07
07/01/2015,95.6,96.35,95.47,96.27
06/30/2015,95.05,95.68,94.85,95.53
06/29/2015,95.17,96.37,94.68,94.99
06/26/2015,95.17,95.67,95.08,95.4
06/25/2015,95.27,95.51,95.09,95.21
06/24/2015,95.38,95.54,94.93,95.28
06/23/2015,94.3,95.64,94.3,95.4
06/22/2015,94.03,94.45,93.81,94.32
06/19/2015,94.03,94.5,93.9,94.07
06/18/2015,94.22,94.23,93.56,94.01
06/17/2015,94.95,95.18,94.11,94.3
06/16/2015,94.84,95.23,94.56,94.96
06/15/2015,95.09,95.39,94.73,94.83
06/12/2015,95.09,95.68,94.69,94.97
06/11/2015,94.67,95.6,94.71,95.1
06/10/2015,95.17,95.23,94.32,94.61
06/09/2015,95.25,95.58,94.85,95.19
06/08/2015,95.8,96.55,95.05,95.25
06/05/2015,95.8,96.91,95.36,96.35
06/04/2015,95.42,95.62,94.65,95.58
06/03/2015,95.94,96.51,95.21,95.36
06/02/2015,97.44,97.53,95.67,95.94
06/01/2015,96.89,97.68,96.93,97.43
05/29/2015,96.89,97.19,96.75,96.89
05/28/2015,97.26,97.63,96.86,96.88
05/27/2015,97.23,97.78,96.89,97.3
05/26/2015,96.38,97.36,96.45,97.22
05/25/2015,95.39,96.48,96.17,96.38
05/22/2015,95.39,96.27,94.82,96.14
05/21/2015,95.58,95.65,94.97,95.4
05/20/2015,95.3,95.84,95.26,95.59
05/19/2015,94.13,95.47,94.09,95.31
05/18/2015,93.41,94.27,93.27,94.16
05/15/2015,93.41,94.03,93.14,93.23
05/14/2015,93.66,93.76,93.13,93.39
05/13/2015,94.56,94.59,93.46,93.62
05/12/2015,95.06,95.16,94.24,94.56
05/11/2015,94.64,95.26,94.8,95.03
05/08/2015,94.64,95.07,94.32,94.82
05/07/2015,94.15,94.83,93.89,94.62
05/06/2015,95.17,95.22,93.88,94.16
05/05/2015,95.43,95.95,94.88,95.14
05/04/2015,94.83,95.64,95.04,95.44
05/01/2015,94.83,95.4,94.5,95.21
04/30/2015,95.2,95.45,94.4,94.81
04/29/2015,96.1,96.18,94.68,95.21
04/28/2015,96.77,96.93,96.01,96.11
04/27/2015,97.34,97.28,96.47,96.86
04/24/2015,97.34,97.56,96.76,96.86
04/23/2015,98.06,98.43,97.15,97.31
04/22/2015,97.96,98.12,97.43,98.07
04/21/2015,97.93,98.46,97.64,97.98
04/20/2015,97.35,98.07,97.33,97.91
04/17/2015,97.64,97.82,97,97.45
04/16/2015,98.42,98.72,97.28,97.69
04/15/2015,98.78,99.36,98.22,98.4
04/14/2015,99.47,99.7,98.37,98.78
04/13/2015,99.49,99.99,99.23,99.51
04/10/2015,98.98,99.69,98.84,99.35
04/09/2015,98.03,99.18,98.04,98.97
04/08/2015,97.87,98.2,97.25,98.06
04/07/2015,97.06,98.02,96.93,97.91
04/06/2015,96.6,97.24,96.33,97.06
04/03/2015,98.18,98.28,97.33,97.53
04/02/2015,98.18,98.28,97.33,97.53
04/01/2015,98.4,98.64,97.98,98.12
03/31/2015,97.91,98.67,97.83,98.38
03/30/2015,97.4,98.07,97.42,97.96
03/27/2015,97.37,97.92,96.99,97.39
03/26/2015,96.9,97.55,96.17,97.43
03/25/2015,97.22,97.3,96.54,96.92
03/24/2015,96.89,97.38,96.39,97.24
03/23/2015,97.66,98.24,96.83,96.96
03/20/2015,99.05,99.12,97.45,97.8
03/19/2015,97.82,99.46,97.21,99.07
03/18/2015,99.63,99.8,96.63,97.82
03/17/2015,99.68,99.83,99.23,99.65
03/16/2015,100.33,100.27,99.32,99.7
03/13/2015,99.22,100.39,99.2,100.18
03/12/2015,99.68,100.06,98.65,99.27
03/11/2015,98.64,99.99,98.49,99.68
03/10/2015,97.73,98.81,97.78,98.67
03/09/2015,97.8,97.78,97.29,97.66
03/06/2015,96.32,97.73,96.3,97.72
03/05/2015,95.95,96.59,95.84,96.35
03/04/2015,95.36,96.06,95.32,95.91
03/03/2015,95.5,95.57,95.1,95.37
03/02/2015,95.36,95.51,95.06,95.47
02/27/2015,95.19,95.36,94.91,95.25
02/26/2015,94.19,95.36,94.06,95.26
02/25/2015,94.41,94.48,94.13,94.2
02/24/2015,94.57,94.99,94.43,94.48
02/23/2015,94.24,94.92,94.28,94.55
02/20/2015,94.41,94.79,94.05,94.25
02/19/2015,94.09,94.45,93.84,94.4
02/18/2015,94.14,94.53,93.99,94.1
02/17/2015,94.4,94.51,93.8,94.13
02/16/2015,94.18,94.31,93.9,94.19
02/13/2015,94.18,94.31,93.9,94.19
02/12/2015,94.9,94.97,93.98,94.18
02/11/2015,94.72,95.12,94.64,94.92
02/10/2015,94.55,94.88,94.4,94.74
02/09/2015,94.81,94.88,94.36,94.51
02/06/2015,93.6,94.76,93.52,94.65
02/05/2015,94.42,94.55,93.42,93.59
02/04/2015,93.75,94.59,93.61,94.57
02/03/2015,94.6,94.7,93.25,93.75
02/02/2015,94.67,94.88,94.37,94.56
01/30/2015,94.66,94.92,94.43,94.85
01/29/2015,94.6,95.01,94.33,94.68
01/28/2015,94.12,94.69,93.97,94.63
01/27/2015,94.91,95.01,93.7,94.08
01/26/2015,95.47,95.33,94.59,94.93
01/23/2015,94.21,95.48,94.11,94.99
01/22/2015,92.82,94.5,92.48,94.2
01/21/2015,93.08,93.09,92.15,92.71
01/20/2015,92.62,93.1,92.55,93
01/19/2015,92.65,92.73,92.33,92.61
01/16/2015,92.1,93.26,92.08,92.52
01/15/2015,92.13,92.75,91.51,92.14
01/14/2015,92.22,92.42,91.61,92.09
01/13/2015,92.04,92.43,91.81,92.22
01/12/2015,91.73,92.34,91.73,92.08
01/09/2015,92.31,92.5,91.9,91.92
01/08/2015,91.94,92.53,91.94,92.32
01/07/2015,91.74,92.27,91.65,92.02
01/06/2015,91.37,91.81,91.12,91.75
01/05/2015,91.46,91.78,91.23,91.37
01/02/2015,90.35,91.16,90.33,91.16
01/01/2015,89.95,90.3,89.86,90.28
12/31/2014,89.95,90.3,89.86,90.28
12/30/2014,90.2,90.33,89.81,89.94
12/29/2014,90.05,90.27,89.79,90.2
12/26/2014,89.87,90.08,89.78,90.03
12/25/2014,90.06,90.08,89.81,89.92
12/24/2014,90.06,90.08,89.81,89.92
12/23/2014,89.78,90.16,89.63,90.07
12/22/2014,89.64,89.79,89.37,89.78
12/19/2014,89.24,89.65,89.18,89.6
12/18/2014,89.11,89.4,88.92,89.24
12/17/2014,88.02,89.14,87.9,89.08
12/16/2014,88.47,88.51,87.63,87.97
12/15/2014,88.2,88.63,88.17,88.43
12/12/2014,88.59,88.64,88.11,88.32
12/11/2014,87.98,88.79,87.91,88.55
12/10/2014,88.63,88.81,88.19,88.23
12/09/2014,88.69,88.69,88.69,88.69
12/08/2014,89.34,89.55,88.91,89.12
12/05/2014,88.62,89.47,88.58,89.36
12/04/2014,88.93,89.12,88.21,88.6
12/03/2014,88.61,89.01,88.58,88.96
12/02/2014,87.99,88.67,87.95,88.63
12/01/2014,88.3,88.45,87.78,87.98
11/28/2014,88.04,88.39,87.94,88.22
11/27/2014,87.66,88.03,87.53,88.01
11/26/2014,87.83,88.04,87.52,87.68
11/25/2014,88.18,88.33,87.82,87.9
11/24/2014,88.4,88.44,88.07,88.15
11/21/2014,87.64,88.39,87.45,88.31
11/20/2014,87.67,87.94,87.49,87.7
11/19/2014,87.7,87.78,87.35,87.69
11/18/2014,87.93,87.97,87.51,87.61
11/17/2014,87.6,88,87.18,88
11/14/2014,87.77,88.27,87.4,87.53
11/13/2014,87.83,87.88,87.62,87.77
11/12/2014,87.59,87.9,87.4,87.84
11/11/2014,87.76,88.06,87.37,87.59
11/10/2014,87.5,87.83,87.22,87.78
11/07/2014,88.08,88.19,87.47,87.64
11/06/2014,87.43,88.15,87.13,88.07
11/05/2014,87,87.61,86.94,87.48
11/04/2014,87.28,87.3,86.88,87
11/03/2014,87.09,87.41,87.02,87.29
10/31/2014,86.17,87.13,86.15,86.92
10/30/2014,85.98,86.49,85.99,86.17
10/29/2014,85.4,86.05,85.19,86
10/28/2014,85.57,85.68,85.24,85.41
10/27/2014,85.67,85.71,85.41,85.58
10/24/2014,85.83,85.91,85.54,85.73
10/23/2014,85.75,85.94,85.66,85.83
10/22/2014,85.4,85.79,85.23,85.75
10/21/2014,85.03,85.41,84.74,85.4
10/20/2014,85.32,85.38,84.91,85.02
10/17/2014,84.91,85.25,84.76,85.2
10/16/2014,84.9,85.43,84.74,84.96
10/15/2014,85.9,86.01,84.47,84.86
10/14/2014,85.24,85.88,85.28,85.88
10/13/2014,85.68,85.75,85.07,85.22
10/10/2014,85.57,85.98,85.4,85.91
10/09/2014,85.31,85.67,84.94,85.55
10/08/2014,85.63,85.92,85.2,85.32
10/07/2014,85.79,86.1,85.55,85.66
10/06/2014,86.68,86.68,85.64,85.78
10/03/2014,85.61,86.75,85.63,86.64
10/02/2014,85.88,85.9,85.45,85.61
10/01/2014,85.91,86.18,85.78,85.91
09/30/2014,85.6,86.22,85.49,85.93
09/29/2014,85.7,85.8,85.46,85.62
09/26/2014,85.14,85.69,85.11,85.62
09/25/2014,85.1,85.49,85.05,85.18
09/24/2014,84.71,85.09,84.6,85.06
09/23/2014,84.68,84.76,84.37,84.7
09/22/2014,84.74,84.86,84.52,84.7
09/19/2014,84.27,84.8,84.23,84.74
09/18/2014,84.8,84.74,84.22,84.29
09/17/2014,84.12,84.78,83.94,84.73
09/16/2014,84.25,84.37,83.86,84.11
09/15/2014,84.17,84.41,84.15,84.25
09/12/2014,84.27,84.41,84.08,84.17
09/11/2014,84.19,84.34,84.07,84.27
09/10/2014,84.16,84.42,84.05,84.2
09/09/2014,84.3,84.52,84.04,84.17
09/08/2014,83.84,84.35,83.8,84.3
09/05/2014,83.86,83.94,83.56,83.76
09/04/2014,82.84,83.87,82.84,83.85
09/03/2014,82.97,83.06,82.83,82.85
09/02/2014,82.76,83.04,82.75,82.97
09/01/2014,82.48,82.75,82.42,82.74
08/29/2014,82.48,82.75,82.42,82.74
08/28/2014,82.47,82.59,82.32,82.49
08/27/2014,82.67,82.73,82.4,82.47
08/26/2014,82.6,82.7,82.43,82.68
08/25/2014,82.6,82.59,82.45,82.58
08/22/2014,82.16,82.46,82.06,82.33
08/21/2014,82.25,82.36,82.1,82.16
08/20/2014,81.88,82.28,81.87,82.24
08/19/2014,81.59,81.9,81.59,81.87
08/18/2014,81.45,81.61,81.38,81.57
08/15/2014,81.6,81.62,81.38,81.43
08/14/2014,81.6,81.69,81.41,81.62
08/13/2014,81.52,81.68,81.36,81.61
08/12/2014,81.46,81.68,81.47,81.51
08/11/2014,81.45,81.49,81.4,81.46
08/08/2014,81.54,81.6,81.26,81.39
08/07/2014,81.55,81.72,81.4,81.43
08/06/2014,81.55,81.72,81.4,81.43
08/05/2014,81.32,81.63,81.29,81.53
08/04/2014,81.33,81.38,81.29,81.32
08/01/2014,81.46,81.54,81.19,81.3
07/31/2014,81.42,81.57,81.38,81.46
07/30/2014,81.21,81.55,81.18,81.4
07/29/2014,81.01,81.25,80.99,81.21
07/28/2014,81.03,81.05,80.98,81.01
07/25/2014,80.87,81.08,80.8,81.03
07/24/2014,80.82,80.91,80.73,80.87
07/23/2014,80.78,80.83,80.72,80.81
07/22/2014,80.56,80.84,80.54,80.78
07/21/2014,80.52,80.6,80.42,80.56
07/18/2014,80.53,80.69,80.48,80.51
07/17/2014,80.53,80.59,80.47,80.53
07/16/2014,80.39,80.58,80.38,80.53
07/15/2014,80.17,80.41,80.14,80.38
07/14/2014,80.2,80.25,80.08,80.17
07/11/2014,80.12,80.23,80.03,80.19
07/10/2014,80.03,80.2,79.98,80.12
07/09/2014,80.17,80.23,79.98,80.03
07/08/2014,80.22,80.3,80.14,80.17
07/07/2014,80.29,80.36,80.19,80.22
07/04/2014,79.94,80.32,79.95,80.21
07/03/2014,79.94,80.32,79.95,80.21
07/02/2014,79.82,80,79.8,79.94
07/01/2014,79.8,79.87,79.74,79.82
06/30/2014,80.04,80.09,79.76,79.78
06/27/2014,80.21,80.22,80.01,80.04
06/26/2014,80.19,80.38,80.14,80.21
06/25/2014,80.32,80.35,80.09,80.2
06/24/2014,80.28,80.43,80.19,80.32
06/23/2014,80.36,80.4,80.24,80.27
06/20/2014,80.31,80.49,80.2,80.33
06/19/2014,80.41,80.41,80.15,80.32
06/18/2014,80.61,80.67,80.37,80.41
06/17/2014,80.44,80.66,80.4,80.6
06/16/2014,80.63,80.71,80.42,80.44
06/13/2014,80.58,80.71,80.44,80.61
06/12/2014,80.76,80.82,80.52,80.59
06/11/2014,80.8,80.9,80.67,80.77
06/10/2014,80.63,80.87,80.55,80.81
06/09/2014,80.43,80.69,80.3,80.62
06/06/2014,80.36,80.53,80.24,80.43
06/05/2014,80.66,81.02,80.32,80.37
06/04/2014,80.54,80.68,80.48,80.67
06/03/2014,80.63,80.66,80.43,80.54
06/02/2014,80.4,80.68,80.39,80.63
05/30/2014,80.49,80.5,80.31,80.39
05/29/2014,80.55,80.56,80.36,80.5
05/28/2014,80.35,80.58,80.32,80.55
05/27/2014,80.29,80.47,80.17,80.35
05/26/2014,80.38,80.43,80.24,80.29
05/23/2014,80.23,80.44,80.23,80.35
05/22/2014,80.07,80.28,80.07,80.23
05/21/2014,80.05,80.3,79.89,80.07
05/20/2014,80.03,80.13,80,80.04
05/19/2014,80.04,80.04,79.88,80.02
05/16/2014,80,80.12,79.97,80.06
05/15/2014,80.05,80.34,79.93,80.02
05/14/2014,80.11,80.13,79.99,80.06
05/13/2014,79.9,80.18,79.86,80.12
05/12/2014,79.87,79.92,79.78,79.89
05/09/2014,79.44,79.92,79.42,79.87
05/08/2014,79.23,79.47,78.91,79.44
05/07/2014,79.15,79.25,79.09,79.24
05/06/2014,79.51,79.52,79.06,79.14
05/05/2014,79.5,79.53,79.43,79.51
05/02/2014,79.51,79.85,79.47,79.51
05/01/2014,79.51,79.54,79.41,79.52
04/30/2014,79.81,79.92,79.46,79.51
04/29/2014,79.69,79.84,79.59,79.81
04/28/2014,79.74,79.84,79.55,79.7
04/25/2014,79.75,79.8,79.66,79.75
04/24/2014,79.85,79.97,79.75,79.77
04/23/2014,79.89,79.92,79.7,79.86
04/22/2014,79.97,79.99,79.79,79.89
04/21/2014,79.85,79.99,79.79,79.95
04/18/2014,79.82,79.88,79.58,79.87
04/17/2014,79.82,79.88,79.58,79.87
04/16/2014,79.78,79.87,79.65,79.83
04/15/2014,79.76,79.9,79.69,79.79
04/14/2014,79.61,79.83,79.56,79.76
04/11/2014,79.42,79.57,79.36,79.45
04/10/2014,79.52,79.57,79.33,79.41
04/09/2014,79.78,79.88,79.47,79.53
04/08/2014,80.22,80.23,79.71,79.77
04/07/2014,80.45,80.45,80.19,80.22
04/04/2014,80.47,80.6,80.34,80.42
04/03/2014,80.22,80.53,80.12,80.46
04/02/2014,80.08,80.28,80,80.22
04/01/2014,80.11,80.13,79.97,80.09
03/31/2014,80.2,80.3,79.96,80.11
03/28/2014,80.13,80.25,80.06,80.18
03/27/2014,80.03,80.2,79.95,80.13
03/26/2014,79.96,80.14,79.92,80.01
03/25/2014,79.93,80.27,79.86,79.94
03/24/2014,80.14,80.29,79.75,79.95
03/21/2014,80.19,80.23,80.03,80.12
03/20/2014,80.01,80.35,79.92,80.19
03/19/2014,79.37,80.11,79.36,80.02
03/18/2014,79.4,79.54,79.31,79.41
03/17/2014,79.43,79.56,79.28,79.39
03/14/2014,79.62,79.7,79.31,79.45
03/13/2014,79.62,79.69,79.27,79.62
03/12/2014,79.79,79.86,79.55,79.61
03/11/2014,79.76,79.93,79.71,79.74
03/10/2014,79.68,79.83,79.63,79.77
03/07/2014,79.65,79.85,79.43,79.72
03/06/2014,80.11,80.2,79.59,79.66
03/05/2014,80.14,80.27,80.05,80.11
03/04/2014,80.08,80.21,79.92,80.17
03/03/2014,79.84,80.1,79.77,80.08
02/28/2014,80.28,80.31,79.69,79.69
02/27/2014,80.43,80.58,80.23,80.29
02/26/2014,80.15,80.52,80.09,80.43
02/25/2014,80.21,80.26,80.02,80.14
02/24/2014,80.27,80.37,80.11,80.2
02/21/2014,80.32,80.41,80.18,80.24
02/20/2014,80.2,80.42,80.03,80.29
02/19/2014,79.96,80.24,79.93,80.14
02/18/2014,80.17,80.23,79.96,80.01
02/17/2014,80.32,80.33,80.07,80.14
02/14/2014,80.32,80.33,80.07,80.14
02/13/2014,80.69,80.71,80.19,80.32
02/12/2014,80.66,80.83,80.49,80.68
02/11/2014,80.64,80.67,80.45,80.64
02/10/2014,80.76,80.76,80.59,80.64
02/07/2014,80.89,81.01,80.6,80.69
02/06/2014,81.03,81.23,80.73,80.91
02/05/2014,81.11,81.24,80.9,81.04
02/04/2014,81.08,81.22,80.99,81.12
02/03/2014,81.28,81.32,80.99,81.01
01/31/2014,81.07,81.32,80.99,81.31
01/30/2014,80.56,81.14,80.55,81.09
01/29/2014,80.65,80.82,80.44,80.51
01/28/2014,80.49,80.76,80.39,80.57
01/27/2014,80.4,80.56,80.3,80.52
01/24/2014,80.51,80.56,80.15,80.46
01/23/2014,81.28,81.31,80.41,80.44
01/22/2014,81.06,81.21,80.96,81.17
01/21/2014,81.21,81.39,81.04,81.1
01/20/2014,81.24,81.3,81.04,81.23
01/17/2014,80.94,81.3,80.91,81.23
01/16/2014,81.11,81.12,80.77,80.91
01/15/2014,80.66,81.13,80.65,81.03
01/14/2014,80.6,80.7,80.44,80.66
01/13/2014,80.6,80.75,80.47,80.51
01/10/2014,80.92,81.14,80.53,80.66
01/09/2014,81.05,81.19,80.85,81.01
01/08/2014,80.92,81.17,80.83,81.02
01/07/2014,80.69,80.95,80.6,80.83
01/06/2014,80.86,80.91,80.54,80.65
01/03/2014,80.56,80.9,80.49,80.79
01/02/2014,80.15,80.71,80.08,80.63
01/01/2014,80,80.22,79.97,80.04
12/31/2013,80,80.22,79.97,80.04
12/30/2013,80.33,80.43,79.93,80
12/27/2013,80.5,80.52,79.69,80.39
12/26/2013,80.58,80.62,80.45,80.48
12/25/2013,80.45,80.62,80.43,80.53
12/24/2013,80.45,80.62,80.43,80.53
12/23/2013,80.53,80.55,80.32,80.45
12/20/2013,80.75,80.83,80.39,80.58
12/19/2013,80.5,80.67,80.47,80.63
12/18/2013,80.05,80.58,79.81,80.11
12/17/2013,80.11,80.28,79.98,80.06
12/16/2013,80.22,80.22,79.92,80.07
12/13/2013,80.25,80.42,80.16,80.21
12/12/2013,79.91,80.25,79.85,80.21
12/11/2013,79.98,80.06,79.76,79.89
12/10/2013,80.14,80.18,79.84,79.97
12/09/2013,80.3,80.33,80.12,80.13
12/06/2013,80.31,80.61,80.22,80.32
12/05/2013,80.65,80.83,80.23,80.24
12/04/2013,80.66,80.91,80.54,80.62
12/03/2013,80.89,80.99,80.5,80.62
12/02/2013,80.66,80.96,80.5,80.93
11/29/2013,80.57,80.68,80.49,80.68
11/28/2013,80.73,80.75,80.54,80.58
11/27/2013,80.64,80.79,80.48,80.72
11/26/2013,80.83,80.9,80.6,80.61
11/25/2013,80.7,81.02,80.68,80.92
11/22/2013,81.01,81.09,80.64,80.71
11/21/2013,81.11,81.29,80.95,81.07
11/20/2013,80.58,81.13,80.53,81.11
11/19/2013,80.72,80.84,80.56,80.7
11/18/2013,80.89,80.92,80.57,80.83
11/15/2013,81.05,81.15,80.78,80.85
11/14/2013,80.77,81.21,80.74,81.02
11/13/2013,81.17,81.28,80.73,80.93
11/12/2013,81.12,81.46,81.02,81.19
11/11/2013,81.34,81.34,81.06,81.09
11/08/2013,80.9,81.48,80.78,81.3
11/07/2013,80.53,81.46,80.44,80.85
11/06/2013,80.68,80.72,80.38,80.48
11/05/2013,80.54,80.81,80.5,80.71
11/04/2013,80.7,80.93,80.53,80.55
11/01/2013,80.26,80.79,80.25,80.72
10/31/2013,79.77,80.27,79.68,80.2
10/30/2013,79.64,79.91,79.45,79.78
10/29/2013,79.32,79.67,79.29,79.61
10/28/2013,79.22,79.38,79.15,79.25
10/25/2013,79.2,79.32,79,79.19
10/24/2013,79.28,79.32,79.08,79.19
10/23/2013,79.27,79.39,79.14,79.26
10/22/2013,79.74,79.79,79.18,79.23
10/21/2013,79.65,79.82,79.64,79.7
10/18/2013,79.72,79.76,79.48,79.65
10/17/2013,80.54,80.56,79.61,79.65
10/16/2013,80.51,80.75,80.28,80.47
10/15/2013,80.36,80.7,80.25,80.48
10/14/2013,80.34,80.39,80.13,80.26
10/11/2013,80.48,80.54,80.24,80.36
10/10/2013,80.4,80.6,80.36,80.42
10/09/2013,79.88,80.57,79.88,80.38
10/08/2013,79.9,80.08,79.84,80.06
10/07/2013,80.05,80.14,79.9,79.94
10/04/2013,79.75,80.19,79.68,80.12
10/03/2013,79.86,79.92,79.63,79.75
10/02/2013,80.19,80.28,79.78,79.9
10/01/2013,80.26,80.32,79.86,80.14
09/30/2013,80.3,80.38,80.03,80.22
09/27/2013,80.53,80.59,80.11,80.27
09/26/2013,80.37,80.65,80.31,80.52
09/25/2013,80.59,80.63,80.29,80.33
09/24/2013,80.45,80.62,80.4,80.56
09/23/2013,80.39,80.53,80.29,80.45
09/20/2013,80.36,80.58,80.3,80.43
09/19/2013,80.19,80.45,80.07,80.37
09/18/2013,81.16,81.23,80.06,80.24
09/17/2013,81.27,81.35,81.11,81.14
09/16/2013,81.15,81.31,80.97,81.3
09/13/2013,81.53,81.74,81.4,81.45
09/12/2013,81.48,81.7,81.36,81.49
09/11/2013,81.81,81.94,81.45,81.52
09/10/2013,81.83,81.98,81.72,81.82
09/09/2013,82.29,82.31,81.7,81.79
09/06/2013,82.62,82.63,82.04,82.15
09/05/2013,82.2,82.67,82.1,82.63
09/04/2013,82.35,82.43,82.08,82.17
09/03/2013,82.3,82.52,82.23,82.36
09/02/2013,81.99,82.26,81.89,82.09
08/30/2013,81.99,82.26,81.89,82.09
08/29/2013,81.46,82.07,81.38,81.95
08/28/2013,81.13,81.6,81.11,81.43
08/27/2013,81.34,81.57,81.11,81.17
08/26/2013,81.35,81.51,81.27,81.41
08/23/2013,81.5,81.66,81.22,81.36
08/22/2013,81.43,81.72,81.38,81.49
08/21/2013,80.93,81.41,80.9,81.21
08/20/2013,81.27,81.34,80.75,80.91
08/19/2013,81.32,81.39,81.14,81.23
08/16/2013,81.13,81.4,81.05,81.26
08/15/2013,81.64,81.94,81.1,81.18
08/14/2013,81.74,81.85,81.61,81.71
08/13/2013,81.49,81.88,81.4,81.77
08/12/2013,81.11,81.51,81.1,81.33
08/09/2013,81.06,81.18,80.94,81.13
08/08/2013,81.27,81.36,80.87,80.98
08/07/2013,81.57,81.82,81.23,81.29
08/06/2013,81.86,81.96,81.51,81.6
08/05/2013,81.95,82.09,81.75,81.88
08/02/2013,82.34,82.49,81.82,81.91
08/01/2013,81.67,82.41,81.61,82.34
07/31/2013,81.82,82.19,81.41,81.45
07/30/2013,81.71,81.98,81.58,81.83
07/29/2013,81.58,81.83,81.5,81.66
07/26/2013,81.8,81.83,81.55,81.66
07/25/2013,82.34,82.4,81.62,81.97
07/24/2013,82.02,82.41,81.94,82.29
07/23/2013,82.17,82.38,81.93,81.95
07/22/2013,82.5,82.55,82.05,82.22
07/19/2013,82.8,82.94,82.52,82.61
07/18/2013,82.68,83.03,82.62,82.82
07/17/2013,82.56,82.89,82.34,82.71
07/16/2013,83.11,83.11,82.4,82.5
07/15/2013,82.96,83.46,82.88,83.04
07/12/2013,82.78,83.24,82.72,82.99
07/11/2013,82.71,83.25,82.42,82.75
07/10/2013,84.68,84.73,83.39,84.04
07/09/2013,84.33,84.75,84.09,84.58
07/08/2013,84.59,84.59,84.15,84.19
07/05/2013,83.88,84.53,83.83,84.45
07/04/2013,83.15,83.91,83.15,83.23
07/03/2013,83.59,83.72,83.09,83.23
07/02/2013,82.99,83.61,82.97,83.54
07/01/2013,83.23,83.23,82.97,83.05
06/28/2013,83.02,83.34,82.76,83.14
06/27/2013,82.85,83.17,82.77,82.9
06/26/2013,82.62,83.03,82.51,82.98
06/25/2013,82.37,82.72,82.24,82.58
06/24/2013,82.58,82.84,82.31,82.43
06/21/2013,81.72,82.52,81.6,82.32
06/20/2013,81.4,82.15,81.27,81.92
06/19/2013,80.71,81.5,80.5,81.43
06/18/2013,80.64,80.99,80.56,80.75
06/17/2013,80.59,80.88,80.53,80.79
06/14/2013,80.77,81.01,80.59,80.67
06/13/2013,80.85,80.99,80.5,80.75
06/12/2013,81.11,81.31,80.75,80.95
06/11/2013,81.72,81.75,81.03,81.11
06/10/2013,81.88,82.09,81.6,81.65
06/07/2013,81.58,81.85,81.09,81.67
06/06/2013,82.57,82.68,81.08,81.54
06/05/2013,82.84,82.89,82.49,82.59
06/04/2013,82.72,82.98,82.6,82.77
06/03/2013,83.27,83.38,82.43,82.66
05/31/2013,83.07,83.6,83.02,83.38
05/30/2013,83.57,83.71,82.98,83.04
05/29/2013,84.33,84.37,83.48,83.66
05/28/2013,83.65,84.3,83.65,84.1
05/27/2013,83.6,83.7,83.51,83.7
05/24/2013,83.87,83.96,83.43,83.7
05/23/2013,84.36,84.5,83.6,83.8
05/22/2013,83.76,84.42,83.46,84.35
05/21/2013,83.77,84.2,83.65,83.86
05/20/2013,84.17,84.26,83.7,83.74
05/17/2013,83.74,84.37,83.73,84.25
05/16/2013,83.72,84,83.45,83.59
05/15/2013,83.59,84.09,83.54,83.83
05/14/2013,83.17,83.69,82.96,83.6
05/13/2013,83.27,83.36,83.07,83.28
05/10/2013,82.75,83.44,82.68,83.14
05/09/2013,81.9,82.82,81.78,82.79
05/08/2013,82.29,82.32,81.72,81.9
05/07/2013,82.34,82.35,82.07,82.25
05/06/2013,82.09,82.41,81.98,82.32
05/03/2013,82.22,82.52,81.91,82.13
05/02/2013,81.6,82.35,81.51,82.22
05/01/2013,81.7,81.74,81.33,81.48
04/30/2013,82.15,82.27,81.6,81.75
04/29/2013,82.4,82.45,82.04,82.15