DATE,US equity uncertainty index
2023/4/27,157.01
2023/4/26,135.07
2023/4/25,111.25
2023/4/24,149.57
2023/4/23,127.64
2023/4/22,113.76
2023/4/21,118.21
2023/4/20,98.98
2023/4/19,128.99
2023/4/18,186.52
2023/4/17,51.34
2023/4/16,279.06
2023/4/15,50.4
2023/4/14,38.2
2023/4/13,258.05
2023/4/12,109.82
2023/4/11,155.38
2023/4/10,116.65
2023/4/9,210.2
2023/4/8,124.42
2023/4/7,65.4
2023/4/6,40.4
2023/4/5,108.51
2023/4/4,154.53
2023/4/3,150.38
2023/4/2,407.69
2023/4/1,118.19
2023/3/31,144.99
2023/3/30,82.78
2023/3/29,127.01
2023/3/28,117.77
2023/3/27,141.81
2023/3/26,153.05
2023/3/25,132.95
2023/3/24,163.72
2023/3/23,190
2023/3/22,215.3
2023/3/21,102.69
2023/3/20,158.68
2023/3/19,213.92
2023/3/18,80.16
2023/3/17,236.53
2023/3/16,191.67
2023/3/15,165.53
2023/3/14,246.38
2023/3/13,226.43
2023/3/12,63.42
2023/3/11,111.64
2023/3/10,167.33
2023/3/9,99.01
2023/3/8,71.68
2023/3/7,97.28
2023/3/6,88.74
2023/3/5,120.29
2023/3/4,109.74
2023/3/3,90.05
2023/3/2,158.83
2023/3/1,79.33
2023/2/28,88.38
2023/2/27,130.62
2023/2/26,78.14
2023/2/25,57.93
2023/2/24,82.35
2023/2/23,188.33
2023/2/22,140.33
2023/2/21,68.9
2023/2/20,88.82
2023/2/19,101.26
2023/2/18,153.22
2023/2/17,97.82
2023/2/16,223.17
2023/2/15,200.6
2023/2/14,105.73
2023/2/13,70.05
2023/2/12,54.4
2023/2/11,118.66
2023/2/10,99.82
2023/2/9,129.06
2023/2/8,139.63
2023/2/7,190.34
2023/2/6,219.03
2023/2/5,90.75
2023/2/4,99.82
2023/2/3,115.81
2023/2/2,116.99
2023/2/1,137.21
2023/1/31,158.19
2023/1/30,190.98
2023/1/29,225.17
2023/1/28,114.2
2023/1/27,110.89
2023/1/26,72.53
2023/1/25,113.38
2023/1/24,123.28
2023/1/23,326.16
2023/1/22,258.78
2023/1/21,89.56
2023/1/20,119.89
2023/1/19,106.09
2023/1/18,310.22
2023/1/17,73.48
2023/1/16,166.4
2023/1/15,261.68
2023/1/14,176.67
2023/1/13,141.9
2023/1/12,189.12
2023/1/11,363.54
2023/1/10,386.4
2023/1/9,152.46
2023/1/8,204.85
2023/1/7,168.63
2023/1/6,158.88
2023/1/5,176.01
2023/1/4,114.2
2023/1/3,117.51
2023/1/2,185.33
2023/1/1,433.38
2022/12/31,162.78
2022/12/30,199.3
2022/12/29,123.69
2022/12/28,85.9
2022/12/27,69.63
2022/12/26,170.29
2022/12/25,343.59
2022/12/24,73.31
2022/12/23,84.14
2022/12/22,98.69
2022/12/21,147.63
2022/12/20,72.84
2022/12/19,87.27
2022/12/18,103.12
2022/12/17,84.76
2022/12/16,99.07
2022/12/15,114.95
2022/12/14,120.9
2022/12/13,122.35
2022/12/12,169.7
2022/12/11,223.06
2022/12/10,61
2022/12/9,114.31
2022/12/8,81.81
2022/12/7,151.37
2022/12/6,105.68
2022/12/5,187.14
2022/12/4,339.06
2022/12/3,83.3
2022/12/2,48.03
2022/12/1,177.11
2022/11/30,89.9
2022/11/29,90.52
2022/11/28,183.05
2022/11/27,173.32
2022/11/26,119.31
2022/11/25,189.26
2022/11/24,226.25
2022/11/23,183.38
2022/11/22,125.51
2022/11/21,122.23
2022/11/20,255.53
2022/11/19,110.6
2022/11/18,133.39
2022/11/17,91.22
2022/11/16,107.83
2022/11/15,95.09
2022/11/14,215.52
2022/11/13,228.73
2022/11/12,198.23
2022/11/11,183.98
2022/11/10,119.57
2022/11/9,146.6
2022/11/8,123.6
2022/11/7,245.52
2022/11/6,116.64
2022/11/5,66.38
2022/11/4,122.07
2022/11/3,140.73
2022/11/2,98.2
2022/11/1,127.48
2022/10/31,161.13
2022/10/30,114.98
2022/10/29,87.03
2022/10/28,204.29
2022/10/27,150.79
2022/10/26,84.81
2022/10/25,104.95
2022/10/24,168.29
2022/10/23,140.06
2022/10/22,72.32
2022/10/21,107.34
2022/10/20,78.35
2022/10/19,70.66
2022/10/18,73.35
2022/10/17,129.16
2022/10/16,208.79
2022/10/15,120.4
2022/10/14,180.93
2022/10/13,169.02
2022/10/12,186.85
2022/10/11,155.85
2022/10/10,181.4
2022/10/9,128.12
2022/10/8,100.81
2022/10/7,139.82
2022/10/6,168.97
2022/10/5,153.24
2022/10/4,148.79
2022/10/3,146.03
2022/10/2,296.28
2022/10/1,101.92
2022/9/30,192.84
2022/9/29,93.12
2022/9/28,155.79
2022/9/27,194.98
2022/9/26,85.96
2022/9/25,127.96
2022/9/24,114.37
2022/9/23,133.87
2022/9/22,139.2
2022/9/21,70.88
2022/9/20,78.61
2022/9/19,65.09
2022/9/18,131.17
2022/9/17,125.98
2022/9/16,123.3
2022/9/15,118.58
2022/9/14,116.73
2022/9/13,95.35
2022/9/12,162.37
2022/9/11,141.95
2022/9/10,64.78
2022/9/9,66.03
2022/9/8,47.62
2022/9/7,87.66
2022/9/6,91.55
2022/9/5,158.69
2022/9/4,95.37
2022/9/3,65.72
2022/9/2,65.23
2022/9/1,75.93
2022/8/31,126.46
2022/8/30,83.23
2022/8/29,97.52
2022/8/28,138.76
2022/8/27,96.29
2022/8/26,121.88
2022/8/25,66.37
2022/8/24,137.29
2022/8/23,93.31
2022/8/22,169.02
2022/8/21,149.65
2022/8/20,49.35
2022/8/19,98.49
2022/8/18,92.67
2022/8/17,75.77
2022/8/16,103.94
2022/8/15,145.63
2022/8/14,95.08
2022/8/13,112.14
2022/8/12,48.55
2022/8/11,99.36
2022/8/10,84.3
2022/8/9,189.05
2022/8/8,227.88
2022/8/7,187.1
2022/8/6,265.44
2022/8/5,107.43
2022/8/4,78.43
2022/8/3,115.69
2022/8/2,96.66
2022/8/1,141.32
2022/7/31,118.84
2022/7/30,61.72
2022/7/29,130.23
2022/7/28,111
2022/7/27,181.99
2022/7/26,94.68
2022/7/25,120.62
2022/7/24,209.57
2022/7/23,100.99
2022/7/22,138.82
2022/7/21,132.76
2022/7/20,113.33
2022/7/19,177.18
2022/7/18,182.94
2022/7/17,195.72
2022/7/16,214.9
2022/7/15,210.77
2022/7/14,203.03
2022/7/13,52.82
2022/7/12,126.67
2022/7/11,200.3
2022/7/10,210.3
2022/7/9,104.17
2022/7/8,104.33
2022/7/7,93.67
2022/7/6,91.52
2022/7/5,116.59
2022/7/4,309.83
2022/7/3,135.95
2022/7/2,130.95
2022/7/1,177.73
2022/6/30,158.37
2022/6/29,135.33
2022/6/28,129.96
2022/6/27,140.94
2022/6/26,239.87
2022/6/25,91.56
2022/6/24,111.86
2022/6/23,96.96
2022/6/22,96.97
2022/6/21,140.11
2022/6/20,165.42
2022/6/19,184.49
2022/6/18,143.96
2022/6/17,108.29
2022/6/16,189.54
2022/6/15,140.82
2022/6/14,120.62
2022/6/13,95.37
2022/6/12,124.32
2022/6/11,80.16
2022/6/10,93.65
2022/6/9,112.11
2022/6/8,110.13
2022/6/7,167.65
2022/6/6,127.27
2022/6/5,139.95
2022/6/4,88.7
2022/6/3,163.85
2022/6/2,144.13
2022/6/1,161.66
2022/5/31,72.9
2022/5/30,82.99
2022/5/29,79.32
2022/5/28,61.72
2022/5/27,145.02
2022/5/26,132.56
2022/5/25,100.89
2022/5/24,135.79
2022/5/23,135.77
2022/5/22,247.4
2022/5/21,157.27
2022/5/20,185.12
2022/5/19,157.59
2022/5/18,97.83
2022/5/17,101.23
2022/5/16,124.37
2022/5/15,184.23
2022/5/14,130.88
2022/5/13,140
2022/5/12,144.73
2022/5/11,102.02
2022/5/10,135.75
2022/5/9,97.81
2022/5/8,307.96
2022/5/7,108.42
2022/5/6,212.5
2022/5/5,87.92
2022/5/4,123.78
2022/5/3,103.64
2022/5/2,99.33
2022/5/1,150.39
2022/4/30,281.5
2022/4/29,126.12
2022/4/28,80.21
2022/4/27,69.39
2022/4/26,130.06
2022/4/25,126.9
2022/4/24,131.87
2022/4/23,112.1
2022/4/22,148.56
2022/4/21,89.05
2022/4/20,95.07
2022/4/19,276.08
2022/4/18,93.03
2022/4/17,105.38
2022/4/16,85.21
2022/4/15,98.36
2022/4/14,142.29
2022/4/13,90.43
2022/4/12,103.12
2022/4/11,241.25
2022/4/10,324.04
2022/4/9,92.39
2022/4/8,124.74
2022/4/7,171.04
2022/4/6,168.21
2022/4/5,126.89
2022/4/4,115.67
2022/4/3,65.82
2022/4/2,160.34
2022/4/1,114.29
2022/3/31,81.85
2022/3/30,105.19
2022/3/29,193.93
2022/3/28,322.1
2022/3/27,396.7
2022/3/26,204.08
2022/3/25,209.01
2022/3/24,128.23
2022/3/23,116.56
2022/3/22,137.53
2022/3/21,239.83
2022/3/20,161.71
2022/3/19,100.89
2022/3/18,171.27
2022/3/17,137.82
2022/3/16,216.66
2022/3/15,154.33
2022/3/14,222.54
2022/3/13,352.88
2022/3/12,174.06
2022/3/11,232.96
2022/3/10,150.53
2022/3/9,142.59
2022/3/8,165.06
2022/3/7,164.7
2022/3/6,142.22
2022/3/5,212.98
2022/3/4,219.09
2022/3/3,204.82
2022/3/2,134.88
2022/3/1,188.05
2022/2/28,167.06
2022/2/27,160.39
2022/2/26,175.73
2022/2/25,161.59
2022/2/24,156.68
2022/2/23,89.64
2022/2/22,180.27
2022/2/21,114.2
2022/2/20,133.87
2022/2/19,139.8
2022/2/18,180.25
2022/2/17,107.1
2022/2/16,73.91
2022/2/15,109.46
2022/2/14,201.81
2022/2/13,155.44
2022/2/12,85.27
2022/2/11,67.68
2022/2/10,84.38
2022/2/9,83.48
2022/2/8,115.82
2022/2/7,97.27
2022/2/6,121.68
2022/2/5,111.26
2022/2/4,171.57
2022/2/3,93.56
2022/2/2,101.01
2022/2/1,143.53
2022/1/31,184.81
2022/1/30,179.99
2022/1/29,126.32
2022/1/28,129.34
2022/1/27,164.89
2022/1/26,146.78
2022/1/25,190.88
2022/1/24,273.48
2022/1/23,122.72
2022/1/22,52.51
2022/1/21,126.04
2022/1/20,72.93
2022/1/19,71.25
2022/1/18,77
2022/1/17,174.94
2022/1/16,507.73
2022/1/15,169.9
2022/1/14,73.63
2022/1/13,57.28
2022/1/12,91.97
2022/1/11,77.55
2022/1/10,120.25
2022/1/9,115.26
2022/1/8,139.45
2022/1/7,57.41
2022/1/6,235.1
2022/1/5,111.08
2022/1/4,192.08
2022/1/3,146.6
2022/1/2,157.01
2022/1/1,169.59
2021/12/31,132.09
2021/12/30,131.66
2021/12/29,84.18
2021/12/28,113.84
2021/12/27,179.41
2021/12/26,271.9
2021/12/25,203.29
2021/12/24,98.9
2021/12/23,171.54
2021/12/22,130.79
2021/12/21,164.17
2021/12/20,118.72
2021/12/19,185.69
2021/12/18,111.46
2021/12/17,130.93
2021/12/16,152.15
2021/12/15,103.8
2021/12/14,76.16
2021/12/13,214.47
2021/12/12,184.54
2021/12/11,84.96
2021/12/10,78.93
2021/12/9,59.47
2021/12/8,94.23
2021/12/7,121.78
2021/12/6,90.05
2021/12/5,173.55
2021/12/4,169.9
2021/12/3,219.57
2021/12/2,90.4
2021/12/1,108.42
2021/11/30,117.24
2021/11/29,103.8
2021/11/28,126.1
2021/11/27,44.45
2021/11/26,57.97
2021/11/25,58.34
2021/11/24,131.12
2021/11/23,98.64
2021/11/22,92.12
2021/11/21,87.77
2021/11/20,192.7
2021/11/19,120.37
2021/11/18,141.8
2021/11/17,114.88
2021/11/16,112.32
2021/11/15,107.9
2021/11/14,173.41
2021/11/13,79.21
2021/11/12,202.74
2021/11/11,65.66
2021/11/10,39
2021/11/9,149.84
2021/11/8,363.38
2021/11/7,264.34
2021/11/6,205.66
2021/11/5,211.53
2021/11/4,156.8
2021/11/3,188.57
2021/11/2,110.75
2021/11/1,136.17
2021/10/31,97.73
2021/10/30,61.28
2021/10/29,77.35
2021/10/28,90.49
2021/10/27,63.73
2021/10/26,99.45
2021/10/25,102.62
2021/10/24,185.92
2021/10/23,69.32
2021/10/22,101.73
2021/10/21,69.73
2021/10/20,59.85
2021/10/19,73.95
2021/10/18,159.77
2021/10/17,238.11
2021/10/16,86.82
2021/10/15,65.19
2021/10/14,94.34
2021/10/13,111.12
2021/10/12,90.52
2021/10/11,85.57
2021/10/10,122.3
2021/10/9,248.61
2021/10/8,96.69
2021/10/7,100.93
2021/10/6,145.53
2021/10/5,97.14
2021/10/4,148.03
2021/10/3,166.17
2021/10/2,100.28
2021/10/1,88.83
2021/9/30,142.53
2021/9/29,104.63
2021/9/28,126.3
2021/9/27,243.51
2021/9/26,108.75
2021/9/25,82.85
2021/9/24,86.86
2021/9/23,79.1
2021/9/22,98.64
2021/9/21,196.08
2021/9/20,159.31
2021/9/19,91.65
2021/9/18,63.85
2021/9/17,83.45
2021/9/16,44.76
2021/9/15,106.93
2021/9/14,135.76
2021/9/13,209.02
2021/9/12,152.3
2021/9/11,96.32
2021/9/10,72.22
2021/9/9,56.89
2021/9/8,118.66
2021/9/7,165.86
2021/9/6,222.33
2021/9/5,229.72
2021/9/4,78.8
2021/9/3,88.32
2021/9/2,72.75
2021/9/1,88.74
2021/8/31,166.77
2021/8/30,77.75
2021/8/29,105.19
2021/8/28,147.47
2021/8/27,69.52
2021/8/26,54.9
2021/8/25,74.18
2021/8/24,86.77
2021/8/23,177.96
2021/8/22,304.68
2021/8/21,70.76
2021/8/20,85.35
2021/8/19,78.58
2021/8/18,113.23
2021/8/17,113.72
2021/8/16,131.18
2021/8/15,91.76
2021/8/14,95.63
2021/8/13,101.4
2021/8/12,90.39
2021/8/11,96.07
2021/8/10,399.87
2021/8/9,134.96
2021/8/8,241.48
2021/8/7,57.9
2021/8/6,107.12
2021/8/5,179.01
2021/8/4,67.39
2021/8/3,77.81
2021/8/2,124.58
2021/8/1,125.09
2021/7/31,116.35
2021/7/30,133.44
2021/7/29,144.4
2021/7/28,152.66
2021/7/27,132.55
2021/7/26,125.45
2021/7/25,170.04
2021/7/24,89.31
2021/7/23,138.66
2021/7/22,91.1
2021/7/21,185.19
2021/7/20,130.37
2021/7/19,103.99
2021/7/18,216.59
2021/7/17,126.48
2021/7/16,140.71
2021/7/15,153.82
2021/7/14,98.68
2021/7/13,192.35
2021/7/12,144.11
2021/7/11,118.92
2021/7/10,113.6
2021/7/9,84.3
2021/7/8,67.69
2021/7/7,57.23
2021/7/6,199.58
2021/7/5,144.78
2021/7/4,160.07
2021/7/3,82.15
2021/7/2,133.09
2021/7/1,82.66
2021/6/30,133.65
2021/6/29,74.51
2021/6/28,168.47
2021/6/27,302.87
2021/6/26,73.15
2021/6/25,92.88
2021/6/24,113.04
2021/6/23,60.28
2021/6/22,100
2021/6/21,174.11
2021/6/20,95.85
2021/6/19,64.25
2021/6/18,142.32
2021/6/17,94.44
2021/6/16,104.83
2021/6/15,109.37
2021/6/14,117.23
2021/6/13,127.53
2021/6/12,63.44
2021/6/11,97.74
2021/6/10,122.88
2021/6/9,131.85
2021/6/8,109.81
2021/6/7,111.43
2021/6/6,122.76
2021/6/5,48.51
2021/6/4,68
2021/6/3,109.44
2021/6/2,83.31
2021/6/1,176.43
2021/5/31,74.69
2021/5/30,91.45
2021/5/29,20.63
2021/5/28,171.86
2021/5/27,70.25
2021/5/26,71.66
2021/5/25,145.6
2021/5/24,183.43
2021/5/23,181.82
2021/5/22,80.84
2021/5/21,108.94
2021/5/20,189.22
2021/5/19,147.69
2021/5/18,96.41
2021/5/17,128.94
2021/5/16,129.76
2021/5/15,53.8
2021/5/14,100.11
2021/5/13,94.65
2021/5/12,78.7
2021/5/11,175.89
2021/5/10,168.8
2021/5/9,114.95
2021/5/8,134.18
2021/5/7,170.41
2021/5/6,142.39
2021/5/5,176.89
2021/5/4,119.21
2021/5/3,297.27
2021/5/2,184.5
2021/5/1,107.85
2021/4/30,125.83
2021/4/29,153.32
2021/4/28,102.3
2021/4/27,165.42
2021/4/26,84.99
2021/4/25,106.95
2021/4/24,76.35
2021/4/23,102.84
2021/4/22,70.82
2021/4/21,100.71
2021/4/20,89.99
2021/4/19,92
2021/4/18,128.86
2021/4/17,108.04
2021/4/16,86.85
2021/4/15,111.93
2021/4/14,65.13
2021/4/13,112.82
2021/4/12,69.6
2021/4/11,300.55
2021/4/10,138.65
2021/4/9,115.04
2021/4/8,115.07
2021/4/7,205.44
2021/4/6,125.46
2021/4/5,181.6
2021/4/4,210.38
2021/4/3,120.78
2021/4/2,130.61
2021/4/1,76.09
2021/3/31,136.03
2021/3/30,121.16
2021/3/29,177.66
2021/3/28,155.99
2021/3/27,87.78
2021/3/26,108.99
2021/3/25,142.05
2021/3/24,126.24
2021/3/23,193.53
2021/3/22,275.36
2021/3/21,152.98
2021/3/20,301.26
2021/3/19,211.66
2021/3/18,180.02
2021/3/17,187.89
2021/3/16,87.46
2021/3/15,206.85
2021/3/14,216.17
2021/3/13,108.34
2021/3/12,106.71
2021/3/11,275.24
2021/3/10,195.33
2021/3/9,167.78
2021/3/8,328.48
2021/3/7,229.1
2021/3/6,206.96
2021/3/5,231.03
2021/3/4,76.48
2021/3/3,103.44
2021/3/2,122
2021/3/1,257.79
2021/2/28,194.65
2021/2/27,220.62
2021/2/26,223.25
2021/2/25,124.74
2021/2/24,186.94
2021/2/23,145.25
2021/2/22,132.3
2021/2/21,135.8
2021/2/20,107.05
2021/2/19,106.51
2021/2/18,148.02
2021/2/17,84.88
2021/2/16,150.29
2021/2/15,152.79
2021/2/14,153.61
2021/2/13,180
2021/2/12,211.29
2021/2/11,121.93
2021/2/10,113.01
2021/2/9,84.45
2021/2/8,232.61
2021/2/7,200.27
2021/2/6,99.84
2021/2/5,111.2
2021/2/4,129.36
2021/2/3,145.65
2021/2/2,282.75
2021/2/1,144.04
2021/1/31,199.79
2021/1/30,139.41
2021/1/29,248.96
2021/1/28,150
2021/1/27,251.13
2021/1/26,254.93
2021/1/25,241.85
2021/1/24,291.37
2021/1/23,147.81
2021/1/22,192
2021/1/21,280.95
2021/1/20,309.33
2021/1/19,170.18
2021/1/18,159.6
2021/1/17,209.94
2021/1/16,228.3
2021/1/15,149.93
2021/1/14,157.94
2021/1/13,223.57
2021/1/12,229.15
2021/1/11,308.7
2021/1/10,283.14
2021/1/9,115.22
2021/1/8,104.8
2021/1/7,124.29
2021/1/6,139.81
2021/1/5,208.61
2021/1/4,233.3
2021/1/3,324.05
2021/1/2,190.39
2021/1/1,429.48
2020/12/31,307.12
2020/12/30,368.46
2020/12/29,286.36
2020/12/28,217.47
2020/12/27,358.97
2020/12/26,699.78
2020/12/25,174.42
2020/12/24,256.16
2020/12/23,291.07
2020/12/22,147.55
2020/12/21,246.79
2020/12/20,196.41
2020/12/19,154.77
2020/12/18,146.67
2020/12/17,195.87
2020/12/16,136.12
2020/12/15,139.29
2020/12/14,186.91
2020/12/13,379.17
2020/12/12,141.22
2020/12/11,122.3
2020/12/10,256.04
2020/12/9,144.77
2020/12/8,259.64
2020/12/7,269.89
2020/12/6,363.84
2020/12/5,141.89
2020/12/4,215.13
2020/12/3,189.91
2020/12/2,156.7
2020/12/1,248.2
2020/11/30,156.15
2020/11/29,258.52
2020/11/28,149.05
2020/11/27,238.32
2020/11/26,157.55
2020/11/25,276.82
2020/11/24,262.51
2020/11/23,415.59
2020/11/22,359.33
2020/11/21,196.02
2020/11/20,230.2
2020/11/19,224.65
2020/11/18,154.81
2020/11/17,196.81
2020/11/16,254.24
2020/11/15,218.9
2020/11/14,225.66
2020/11/13,123.79
2020/11/12,184.25
2020/11/11,252.06
2020/11/10,192.03
2020/11/9,254.34
2020/11/8,416.76
2020/11/7,452.23
2020/11/6,390.29
2020/11/5,303.07
2020/11/4,370.7
2020/11/3,335.3
2020/11/2,418.93
2020/11/1,271.71
2020/10/31,186.36
2020/10/30,277.43
2020/10/29,298.36
2020/10/28,234.14
2020/10/27,187.07
2020/10/26,294.62
2020/10/25,369.86
2020/10/24,129.44
2020/10/23,138.34
2020/10/22,167.77
2020/10/21,158.05
2020/10/20,234.01
2020/10/19,249.35
2020/10/18,285.62
2020/10/17,161.13
2020/10/16,200.48
2020/10/15,141.19
2020/10/14,341.81
2020/10/13,220.87
2020/10/12,289.7
2020/10/11,492.14
2020/10/10,396.92
2020/10/9,306.7
2020/10/8,294.91
2020/10/7,426.88
2020/10/6,334.28
2020/10/5,273.84
2020/10/4,332.63
2020/10/3,340.62
2020/10/2,390.29
2020/10/1,259.5
2020/9/30,207.77
2020/9/29,185.6
2020/9/28,189.79
2020/9/27,317.07
2020/9/26,134.92
2020/9/25,252.32
2020/9/24,246.25
2020/9/23,161.46
2020/9/22,126.1
2020/9/21,177.56
2020/9/20,437.15
2020/9/19,187.42
2020/9/18,244.41
2020/9/17,248.91
2020/9/16,244.64
2020/9/15,245.27
2020/9/14,270.62
2020/9/13,318.66
2020/9/12,218.84
2020/9/11,237.03
2020/9/10,218.1
2020/9/9,209.54
2020/9/8,208.78
2020/9/7,491.37
2020/9/6,484.25
2020/9/5,258.22
2020/9/4,224.01
2020/9/3,243.52
2020/9/2,237.83
2020/9/1,204.69
2020/8/31,169.1
2020/8/30,296.28
2020/8/29,339.77
2020/8/28,296.28
2020/8/27,180.61
2020/8/26,154.27
2020/8/25,213.68
2020/8/24,186.9
2020/8/23,380.2
2020/8/22,217.76
2020/8/21,286.03
2020/8/20,250.25
2020/8/19,216.18
2020/8/18,341.68
2020/8/17,350.55
2020/8/16,531.9
2020/8/15,324.57
2020/8/14,345.8
2020/8/13,282.72
2020/8/12,202.2
2020/8/11,359.14
2020/8/10,388.62
2020/8/9,398.91
2020/8/8,353.43
2020/8/7,276.7
2020/8/6,285.63
2020/8/5,253.99
2020/8/4,391.33
2020/8/3,271.04
2020/8/2,405.97
2020/8/1,304.7
2020/7/31,384.08
2020/7/30,307.77
2020/7/29,370.27
2020/7/28,315.73
2020/7/27,521.96
2020/7/26,465.25
2020/7/25,279.85
2020/7/24,290.25
2020/7/23,282.1
2020/7/22,297.02
2020/7/21,423.52
2020/7/20,430.14
2020/7/19,640
2020/7/18,388.97
2020/7/17,555.06
2020/7/16,313.71
2020/7/15,352.74
2020/7/14,308.28
2020/7/13,212.54
2020/7/12,496.99
2020/7/11,237.89
2020/7/10,259.27
2020/7/9,267.49
2020/7/8,319.33
2020/7/7,278.61
2020/7/6,389.2
2020/7/5,415.94
2020/7/4,347.74
2020/7/3,412.01
2020/7/2,249.7
2020/7/1,329.62
2020/6/30,292.37
2020/6/29,301.58
2020/6/28,561.21
2020/6/27,276.22
2020/6/26,260.33
2020/6/25,225.72
2020/6/24,224.4
2020/6/23,309.15
2020/6/22,259.55
2020/6/21,413.51
2020/6/20,515.46
2020/6/19,450.64
2020/6/18,322.96
2020/6/17,348.4
2020/6/16,319.69
2020/6/15,300.34
2020/6/14,397.45
2020/6/13,373.28
2020/6/12,293.12
2020/6/11,317.86
2020/6/10,237.88
2020/6/9,191.32
2020/6/8,318.64
2020/6/7,391.21
2020/6/6,277.42
2020/6/5,235.07
2020/6/4,231.24
2020/6/3,287.17
2020/6/2,257.49
2020/6/1,226.8
2020/5/31,557.19
2020/5/30,418.18
2020/5/29,426.28
2020/5/28,421.99
2020/5/27,355.1
2020/5/26,389.21
2020/5/25,462.96
2020/5/24,458.16
2020/5/23,441.45
2020/5/22,418.96
2020/5/21,361.11
2020/5/20,420.68
2020/5/19,363.66
2020/5/18,511.62
2020/5/17,861.1
2020/5/16,385.27
2020/5/15,374.22
2020/5/14,508.02
2020/5/13,553.21
2020/5/12,442.15
2020/5/11,527.36
2020/5/10,536.09
2020/5/9,621.96
2020/5/8,488.53
2020/5/7,504.24
2020/5/6,498.71
2020/5/5,807.66
2020/5/4,449.38
2020/5/3,541.24
2020/5/2,387.24
2020/5/1,516.72
2020/4/30,440.07
2020/4/29,439.11
2020/4/28,479.89
2020/4/27,642.66
2020/4/26,855.17
2020/4/25,555.71
2020/4/24,562.5
2020/4/23,505.54
2020/4/22,511.42
2020/4/21,599.13
2020/4/20,618.66
2020/4/19,594.11
2020/4/18,529.03
2020/4/17,573.7
2020/4/16,505.52
2020/4/15,455.68
2020/4/14,441.32
2020/4/13,638.81
2020/4/12,558.22
2020/4/11,547.4
2020/4/10,461.87
2020/4/9,417.54
2020/4/8,524.13
2020/4/7,468.08
2020/4/6,605.38
2020/4/5,739.55
2020/4/4,636.21
2020/4/3,540.5
2020/4/2,738.02
2020/4/1,474.81
2020/3/31,516.55
2020/3/30,361.46
2020/3/29,743.13
2020/3/28,515.39
2020/3/27,557.18
2020/3/26,670.3
2020/3/25,449.86
2020/3/24,596.78
2020/3/23,572.94
2020/3/22,651.07
2020/3/21,538.95
2020/3/20,633.51
2020/3/19,514.67
2020/3/18,455.45
2020/3/17,378.92
2020/3/16,323.71
2020/3/15,468.43
2020/3/14,236.03
2020/3/13,330.85
2020/3/12,187.08
2020/3/11,234.73
2020/3/10,296.12
2020/3/9,276.24
2020/3/8,250.63
2020/3/7,122.57
2020/3/6,132.5
2020/3/5,118.02
2020/3/4,197.2
2020/3/3,132.55
2020/3/2,153.53
2020/3/1,175.73
2020/2/29,225.32
2020/2/28,172.45
2020/2/27,106.55
2020/2/26,97.49
2020/2/25,147.84
2020/2/24,88.73
2020/2/23,144.34
2020/2/22,177.27
2020/2/21,106.59
2020/2/20,103.7
2020/2/19,56.47
2020/2/18,77.38
2020/2/17,82.54
2020/2/16,131.52
2020/2/15,82.1
2020/2/14,71.98
2020/2/13,82.23
2020/2/12,79.26
2020/2/11,152.71
2020/2/10,111.39
2020/2/9,113.95
2020/2/8,87.8
2020/2/7,130.27
2020/2/6,81.75
2020/2/5,84.94
2020/2/4,111.96
2020/2/3,124.15
2020/2/2,104.49
2020/2/1,147.37
2020/1/31,122.2
2020/1/30,142.05
2020/1/29,88.62
2020/1/28,94.68
2020/1/27,22.25
2020/1/26,137.56
2020/1/25,78.77
2020/1/24,48.48
2020/1/23,70.67
2020/1/22,77.19
2020/1/21,87.56
2020/1/20,96.05
2020/1/19,162.21
2020/1/18,89.29
2020/1/17,77.76
2020/1/16,88.05
2020/1/15,98.77
2020/1/14,109.27
2020/1/13,124.82
2020/1/12,159.24
2020/1/11,127.36
2020/1/10,74.58
2020/1/9,71.92
2020/1/8,91.15
2020/1/7,103.98
2020/1/6,147.96
2020/1/5,173.76
2020/1/4,212.82
2020/1/3,108.1
2020/1/2,139.13
2020/1/1,186.06
2019/12/31,105.75
2019/12/30,101.31
2019/12/29,245.14
2019/12/28,123.1
2019/12/27,127.92
2019/12/26,106.92
2019/12/25,43.46
2019/12/24,97.08
2019/12/23,110.91
2019/12/22,190.14
2019/12/21,155.23
2019/12/20,141.48
2019/12/19,70.52
2019/12/18,89.87
2019/12/17,140.79
2019/12/16,79.66
2019/12/15,110.44
2019/12/14,139.75
2019/12/13,164.4
2019/12/12,99.79
2019/12/11,111.83
2019/12/10,189.13
2019/12/9,130.15
2019/12/8,219.84
2019/12/7,174.94
2019/12/6,134.85
2019/12/5,36.86
2019/12/4,64.18
2019/12/3,69.28
2019/12/2,86.08
2019/12/1,99.73
2019/11/30,41.19
2019/11/29,122.19
2019/11/28,97.06
2019/11/27,37.18
2019/11/26,37.49
2019/11/25,41.17
2019/11/24,110.11
2019/11/23,63.35
2019/11/22,83.86
2019/11/21,65.17
2019/11/20,46.27
2019/11/19,33.14
2019/11/18,19.85
2019/11/17,125.9
2019/11/16,91.22
2019/11/15,56.77
2019/11/14,53.75
2019/11/13,106.88
2019/11/12,89.57
2019/11/11,101.72
2019/11/10,118.98
2019/11/9,125.21
2019/11/8,127.43
2019/11/7,67.84
2019/11/6,48.77
2019/11/5,129.4
2019/11/4,75.66
2019/11/3,143.99
2019/11/2,135
2019/11/1,35.14
2019/10/31,133.29
2019/10/30,111.12
2019/10/29,134.13
2019/10/28,28.94
2019/10/27,166.39
2019/10/26,78.83
2019/10/25,67.88
2019/10/24,56.27
2019/10/23,80.02
2019/10/22,42.25
2019/10/21,57.74
2019/10/20,56.13
2019/10/19,60.31
2019/10/18,64.05
2019/10/17,156.8
2019/10/16,114.65
2019/10/15,68.05
2019/10/14,108.55
2019/10/13,80.63
2019/10/12,88.08
2019/10/11,95.08
2019/10/10,119.93
2019/10/9,62.58
2019/10/8,165.35
2019/10/7,137.56
2019/10/6,192.8
2019/10/5,200.44
2019/10/4,105.75
2019/10/3,46.59
2019/10/2,92.82
2019/10/1,65.08
2019/9/30,113
2019/9/29,165.02
2019/9/28,97.83
2019/9/27,101.26
2019/9/26,60.07
2019/9/25,144.83
2019/9/24,120.81
2019/9/23,134.52
2019/9/22,133.98
2019/9/21,139.28
2019/9/20,98.34
2019/9/19,184.82
2019/9/18,72.64
2019/9/17,79.18
2019/9/16,67.24
2019/9/15,154.3
2019/9/14,103.05
2019/9/13,103.12
2019/9/12,100.33
2019/9/11,58.52
2019/9/10,64.63
2019/9/9,65.84
2019/9/8,128.76
2019/9/7,160.77
2019/9/6,130.51
2019/9/5,106.57
2019/9/4,92.02
2019/9/3,95.61
2019/9/2,229.98
2019/9/1,242.38
2019/8/31,135.02
2019/8/30,116.43
2019/8/29,100.25
2019/8/28,132.75
2019/8/27,173.5
2019/8/26,267.98
2019/8/25,321.21
2019/8/24,386.19
2019/8/23,268.83
2019/8/22,186.06
2019/8/21,278.29
2019/8/20,229.29
2019/8/19,144.84
2019/8/18,196.87
2019/8/17,176.17
2019/8/16,105.71
2019/8/15,144.25
2019/8/14,133.71
2019/8/13,70.1
2019/8/12,109.59
2019/8/11,123.95
2019/8/10,57.72
2019/8/9,92.35
2019/8/8,93.48
2019/8/7,92.22
2019/8/6,84.05
2019/8/5,83.03
2019/8/4,87.14
2019/8/3,153.64
2019/8/2,117.41
2019/8/1,150.2
2019/7/31,103.01
2019/7/30,139.24
2019/7/29,86.97
2019/7/28,133.67
2019/7/27,174.53
2019/7/26,116.11
2019/7/25,40.68
2019/7/24,79.72
2019/7/23,114.24
2019/7/22,75.32
2019/7/21,112.14
2019/7/20,28.88
2019/7/19,61.84
2019/7/18,61.63
2019/7/17,77.06
2019/7/16,53.41
2019/7/15,72.19
2019/7/14,58.43
2019/7/13,126.95
2019/7/12,72.49
2019/7/11,103.84
2019/7/10,45.62
2019/7/9,40.14
2019/7/8,72.06
2019/7/7,180.55
2019/7/6,93.29
2019/7/5,72.83
2019/7/4,96.84
2019/7/3,126.27
2019/7/2,144.12
2019/7/1,174.62
2019/6/30,114.41
2019/6/29,96.2
2019/6/28,129.48
2019/6/27,64.08
2019/6/26,142.51
2019/6/25,74.19
2019/6/24,92.75
2019/6/23,245.77
2019/6/22,127.09
2019/6/21,178.92
2019/6/20,116.67
2019/6/19,77.89
2019/6/18,146.35
2019/6/17,82.16
2019/6/16,198.5
2019/6/15,175.49
2019/6/14,145.07
2019/6/13,143.87
2019/6/12,116.03
2019/6/11,130.24
2019/6/10,162.1
2019/6/9,174.61
2019/6/8,139.29
2019/6/7,242.25
2019/6/6,137.43
2019/6/5,217.51
2019/6/4,120.06
2019/6/3,72.86
2019/6/2,159.79
2019/6/1,97.55
2019/5/31,94.35
2019/5/30,50.84
2019/5/29,55.62
2019/5/28,69.48
2019/5/27,102.04
2019/5/26,138.34
2019/5/25,151.55
2019/5/24,144.24
2019/5/23,71.04
2019/5/22,69.8
2019/5/21,73.8
2019/5/20,95.08
2019/5/19,95.86
2019/5/18,95.04
2019/5/17,117.89
2019/5/16,94.72
2019/5/15,132.3
2019/5/14,126.65
2019/5/13,94.65
2019/5/12,155.26
2019/5/11,46.84
2019/5/10,108.12
2019/5/9,67.46
2019/5/8,101.81
2019/5/7,111.09
2019/5/6,93.78
2019/5/5,98.38
2019/5/4,71.39
2019/5/3,57.65
2019/5/2,30.2
2019/5/1,112.75
2019/4/30,75.34
2019/4/29,97.53
2019/4/28,107.52
2019/4/27,56.25
2019/4/26,67.89
2019/4/25,76.31
2019/4/24,60.14
2019/4/23,56.96
2019/4/22,78.68
2019/4/21,83.39
2019/4/20,52.37
2019/4/19,48.34
2019/4/18,56.96
2019/4/17,63.24
2019/4/16,58.1
2019/4/15,76.25
2019/4/14,161.23
2019/4/13,66.73
2019/4/12,75.79
2019/4/11,54.57
2019/4/10,71.78
2019/4/9,60.19
2019/4/8,58.07
2019/4/7,127.54
2019/4/6,108.22
2019/4/5,50.15
2019/4/4,82.78
2019/4/3,81.95
2019/4/2,130.56
2019/4/1,117.34
2019/3/31,134.75
2019/3/30,101.92
2019/3/29,91.25
2019/3/28,53.74
2019/3/27,92.66
2019/3/26,78.28
2019/3/25,69.27
2019/3/24,127.53
2019/3/23,102.4
2019/3/22,83.99
2019/3/21,91.17
2019/3/20,75.89
2019/3/19,82.83
2019/3/18,77.23
2019/3/17,101.36
2019/3/16,65.37
2019/3/15,66.48
2019/3/14,56.33
2019/3/13,81.38
2019/3/12,93.23
2019/3/11,161.35
2019/3/10,138.96
2019/3/9,67.73
2019/3/8,81.81
2019/3/7,138.86
2019/3/6,78.64
2019/3/5,138.38
2019/3/4,71.01
2019/3/3,101.11
2019/3/2,118.68
2019/3/1,110.76
2019/2/28,125.24
2019/2/27,128.81
2019/2/26,68.54
2019/2/25,84.03
2019/2/24,4.05
2019/2/23,93.12
2019/2/22,115.34
2019/2/21,87.44
2019/2/20,65.36
2019/2/19,79.79
2019/2/18,57.35
2019/2/17,10.92
2019/2/16,27.08
2019/2/15,55.54
2019/2/14,35.99
2019/2/13,93.01
2019/2/12,45.91
2019/2/11,59.53
2019/2/10,95.37
2019/2/9,49.63
2019/2/8,76.81
2019/2/7,93.79
2019/2/6,145.25
2019/2/5,87.75
2019/2/4,216.31
2019/2/3,134.38
2019/2/2,82.06
2019/2/1,95.81
2019/1/31,126.24
2019/1/30,123.71
2019/1/29,62.53
2019/1/28,73.71
2019/1/27,218.94
2019/1/26,107.16
2019/1/25,105.17
2019/1/24,106.06
2019/1/23,88.26
2019/1/22,107.95
2019/1/21,216.29
2019/1/20,178.48
2019/1/19,109
2019/1/18,154.17
2019/1/17,168.92
2019/1/16,173.46
2019/1/15,104.39
2019/1/14,223.58
2019/1/13,120.96
2019/1/12,175.61
2019/1/11,170.68
2019/1/10,148.84
2019/1/9,120.42
2019/1/8,259.25
2019/1/7,148.61
2019/1/6,230.39
2019/1/5,4.7
2019/1/4,153.15
2019/1/3,212.58
2019/1/2,146.97
2019/1/1,204.03
2018/12/31,149.82
2018/12/30,213.53
2018/12/29,116.81
2018/12/28,156.65
2018/12/27,161.1
2018/12/26,198.19
2018/12/25,171.11
2018/12/24,141.79
2018/12/23,261.36
2018/12/22,10.92
2018/12/21,144.91
2018/12/20,79.38
2018/12/19,114.17
2018/12/18,103.24
2018/12/17,101.75
2018/12/16,186.66
2018/12/15,90.26
2018/12/14,86.56
2018/12/13,121.67
2018/12/12,57.97
2018/12/11,88.44
2018/12/10,71.08
2018/12/9,130.49
2018/12/8,123.21
2018/12/7,101.45
2018/12/6,110.19
2018/12/5,83.26
2018/12/4,109.29
2018/12/3,158.49
2018/12/2,167.46
2018/12/1,142.31
2018/11/30,136.43
2018/11/29,183.21
2018/11/28,100.92
2018/11/27,93.08
2018/11/26,168.44
2018/11/25,168.06
2018/11/24,49.06
2018/11/23,24.17
2018/11/22,21.81
2018/11/21,46.86
2018/11/20,29.26
2018/11/19,10.92
2018/11/18,90.25
2018/11/17,34.95
2018/11/16,30.47
2018/11/15,55.04
2018/11/14,53.94
2018/11/13,64.87
2018/11/12,42.33
2018/11/11,64.34
2018/11/10,54.44
2018/11/9,41.01
2018/11/8,51.63
2018/11/7,61.17
2018/11/6,148.95
2018/11/5,90.47
2018/11/4,223.53
2018/11/3,77.39
2018/11/2,82.99
2018/11/1,84.17
2018/10/31,79.07
2018/10/30,51.28
2018/10/29,64.23
2018/10/28,136.61
2018/10/27,79.2
2018/10/26,65.53
2018/10/25,89.53
2018/10/24,73.6
2018/10/23,52.04
2018/10/22,89.49
2018/10/21,118.94
2018/10/20,61.88
2018/10/19,70.3
2018/10/18,100.13
2018/10/17,77.94
2018/10/16,109.71
2018/10/15,85.8
2018/10/14,92.58
2018/10/13,70.22
2018/10/12,103.11
2018/10/11,68.38
2018/10/10,58.99
2018/10/9,31.39
2018/10/8,112.49
2018/10/7,197.77
2018/10/6,66.47
2018/10/5,66.64
2018/10/4,119.36
2018/10/3,107.49
2018/10/2,130.93
2018/10/1,166.69
2018/9/30,83.77
2018/9/29,33.38
2018/9/28,52.38
2018/9/27,22.95
2018/9/26,37.16
2018/9/25,55.65
2018/9/24,89.13
2018/9/23,124.25
2018/9/22,74.22
2018/9/21,88.17
2018/9/20,54.24
2018/9/19,74.06
2018/9/18,71.72
2018/9/17,100.71
2018/9/16,103.72
2018/9/15,62.01
2018/9/14,36.1
2018/9/13,29.73
2018/9/12,40.31
2018/9/11,49.37
2018/9/10,47.25
2018/9/9,92.74
2018/9/8,89.41
2018/9/7,67.9
2018/9/6,68.5
2018/9/5,37.66
2018/9/4,74.36
2018/9/3,115.11
2018/9/2,98.8
2018/9/1,46.12
2018/8/31,121.46
2018/8/30,90.46
2018/8/29,92.96
2018/8/28,165.65
2018/8/27,108.44
2018/8/26,96.04
2018/8/25,139.94
2018/8/24,80.33
2018/8/23,89.75
2018/8/22,38.52
2018/8/21,81.92
2018/8/20,45.18
2018/8/19,96.59
2018/8/18,96.63
2018/8/17,62.36
2018/8/16,30.89
2018/8/15,20.08
2018/8/14,55.18
2018/8/13,88.52
2018/8/12,109.73
2018/8/11,44.22
2018/8/10,76.97
2018/8/9,69.96
2018/8/8,56.98
2018/8/7,72.24
2018/8/6,112.91
2018/8/5,141.99
2018/8/4,107.88
2018/8/3,87.73
2018/8/2,117.93
2018/8/1,57.71
2018/7/31,91.35
2018/7/30,153.38
2018/7/29,117.4
2018/7/28,99.78
2018/7/27,61.47
2018/7/26,104.65
2018/7/25,57.92
2018/7/24,77.37
2018/7/23,78.59
2018/7/22,156.61
2018/7/21,108.3
2018/7/20,132.11
2018/7/19,55.33
2018/7/18,75.12
2018/7/17,58.55
2018/7/16,89.31
2018/7/15,146.72
2018/7/14,54.33
2018/7/13,74.75
2018/7/12,84.92
2018/7/11,40.76
2018/7/10,81.98
2018/7/9,110.48
2018/7/8,164.84
2018/7/7,121.36
2018/7/6,184.49
2018/7/5,80.07
2018/7/4,87.2
2018/7/3,119.73
2018/7/2,80.26
2018/7/1,136.2
2018/6/30,114.66
2018/6/29,54.02
2018/6/28,89.28
2018/6/27,39.58
2018/6/26,218.91
2018/6/25,63.53
2018/6/24,85.36
2018/6/23,40.76
2018/6/22,80.35
2018/6/21,71.67
2018/6/20,222.05
2018/6/19,165.86
2018/6/18,79.32
2018/6/17,105.3
2018/6/16,82.17
2018/6/15,68.71
2018/6/14,96.72
2018/6/13,137.07
2018/6/12,235.59
2018/6/11,138.36
2018/6/10,170.95
2018/6/9,152.77
2018/6/8,112.51
2018/6/7,55.99
2018/6/6,37.98
2018/6/5,36.31
2018/6/4,80.79
2018/6/3,56.64
2018/6/2,110.85
2018/6/1,109.62
2018/5/31,77.32
2018/5/30,135.21
2018/5/29,50.44
2018/5/28,49.45
2018/5/27,75.5
2018/5/26,45.88
2018/5/25,102.1
2018/5/24,48.9
2018/5/23,171.23
2018/5/22,92.17
2018/5/21,87.84
2018/5/20,57.04
2018/5/19,118.29
2018/5/18,129.32
2018/5/17,74.49
2018/5/16,50.06
2018/5/15,42.73
2018/5/14,127.21
2018/5/13,71.37
2018/5/12,115.07
2018/5/11,78.27
2018/5/10,74.02
2018/5/9,62.2
2018/5/8,100.02
2018/5/7,96.74
2018/5/6,122.37
2018/5/5,175.19
2018/5/4,38.51
2018/5/3,57.16
2018/5/2,95.92
2018/5/1,101.87
2018/4/30,86.67
2018/4/29,65
2018/4/28,57.83
2018/4/27,25.82
2018/4/26,68.42
2018/4/25,108.69
2018/4/24,35.09
2018/4/23,66.91
2018/4/22,70.06
2018/4/21,19.59
2018/4/20,47.54
2018/4/19,46.61
2018/4/18,71.44
2018/4/17,65.55
2018/4/16,65.26
2018/4/15,84.7
2018/4/14,71.29
2018/4/13,141.34
2018/4/12,190.11
2018/4/11,79.88
2018/4/10,56.17
2018/4/9,275.14
2018/4/8,151.12
2018/4/7,106.96
2018/4/6,70.62
2018/4/5,109.08
2018/4/4,52.9
2018/4/3,88.73
2018/4/2,167.71
2018/4/1,111.65
2018/3/31,67.64
2018/3/30,44.07
2018/3/29,16.75
2018/3/28,26.48
2018/3/27,22.48
2018/3/26,89.77
2018/3/25,61.37
2018/3/24,53.2
2018/3/23,66.64
2018/3/22,57.36
2018/3/21,55.83
2018/3/20,79.32
2018/3/19,74.64
2018/3/18,83.03
2018/3/17,132.51
2018/3/16,110.96
2018/3/15,43.98
2018/3/14,79.61
2018/3/13,54.85
2018/3/12,107.4
2018/3/11,170.78
2018/3/10,67.61
2018/3/9,132.57
2018/3/8,57
2018/3/7,87.33
2018/3/6,133.87
2018/3/5,148.37
2018/3/4,98.68
2018/3/3,34.62
2018/3/2,39.63
2018/3/1,69.3
2018/2/28,46.68
2018/2/27,52.64
2018/2/26,68.6
2018/2/25,126.87
2018/2/24,42.18
2018/2/23,55.72
2018/2/22,50.25
2018/2/21,95.81
2018/2/20,80.15
2018/2/19,53.44
2018/2/18,103.24
2018/2/17,63.93
2018/2/16,80.52
2018/2/15,88.63
2018/2/14,107.01
2018/2/13,104.55
2018/2/12,80.89
2018/2/11,145.19
2018/2/10,138.06
2018/2/9,82.68
2018/2/8,89.29
2018/2/7,58.29
2018/2/6,92.59
2018/2/5,145.79
2018/2/4,145.1
2018/2/3,44
2018/2/2,61.2
2018/2/1,49.78
2018/1/31,71.84
2018/1/30,68.45
2018/1/29,85.23
2018/1/28,105.65
2018/1/27,109.21
2018/1/26,110
2018/1/25,77.97
2018/1/24,93.27
2018/1/23,74.52
2018/1/22,110.72
2018/1/21,132.01
2018/1/20,85.4
2018/1/19,88.34
2018/1/18,115.86
2018/1/17,61.83
2018/1/16,61.57
2018/1/15,272.42
2018/1/14,176.99
2018/1/13,171.33
2018/1/12,107.69
2018/1/11,111.72
2018/1/10,89.18
2018/1/9,157.58
2018/1/8,77.28
2018/1/7,164.82
2018/1/6,83.81
2018/1/5,108.68
2018/1/4,243.48
2018/1/3,52.45
2018/1/2,111.2
2018/1/1,178.3
2017/12/31,174.9
2017/12/30,45.33
2017/12/29,146.43
2017/12/28,63.24
2017/12/27,58.44
2017/12/26,106.31
2017/12/25,101.81
2017/12/24,158.85
2017/12/23,133.94
2017/12/22,72.69
2017/12/21,92.94
2017/12/20,57.2
2017/12/19,82.4
2017/12/18,94.77
2017/12/17,141.38
2017/12/16,95.65
2017/12/15,104.84
2017/12/14,32.59
2017/12/13,52.01
2017/12/12,66.43
2017/12/11,81.46
2017/12/10,87.45
2017/12/9,129.89
2017/12/8,63.52
2017/12/7,40.69
2017/12/6,57.79
2017/12/5,95.44
2017/12/4,101.07
2017/12/3,87.52
2017/12/2,93.82
2017/12/1,86.95
2017/11/30,101.48
2017/11/29,103.98
2017/11/28,206.63
2017/11/27,31.11
2017/11/26,105.07
2017/11/25,48.73
2017/11/24,34.88
2017/11/23,61.97
2017/11/22,52.93
2017/11/21,199.49
2017/11/20,79.5
2017/11/19,119.38
2017/11/18,52.98
2017/11/17,98.62
2017/11/16,83.79
2017/11/15,58.1
2017/11/14,107.88
2017/11/13,134.97
2017/11/12,170.54
2017/11/11,61.32
2017/11/10,56.77
2017/11/9,65.11
2017/11/8,67.48
2017/11/7,100.93
2017/11/6,92.35
2017/11/5,120.72
2017/11/4,63.24
2017/11/3,103.89
2017/11/2,85.31
2017/11/1,66.7
2017/10/31,50.39
2017/10/30,64.62
2017/10/29,105.5
2017/10/28,58.75
2017/10/27,87.39
2017/10/26,114.37
2017/10/25,60.11
2017/10/24,37.25
2017/10/23,136.2
2017/10/22,108.51
2017/10/21,59.05
2017/10/20,62.32
2017/10/19,82.48
2017/10/18,100.11
2017/10/17,49.38
2017/10/16,98.42
2017/10/15,65.84
2017/10/14,61.43
2017/10/13,63.88
2017/10/12,37.61
2017/10/11,60.44
2017/10/10,74.46
2017/10/9,42.94
2017/10/8,89.65
2017/10/7,35.77
2017/10/6,85.68
2017/10/5,40.99
2017/10/4,48.06
2017/10/3,52.47
2017/10/2,75.31
2017/10/1,67.15
2017/9/30,44.96
2017/9/29,107.61
2017/9/28,103.05
2017/9/27,63.54
2017/9/26,58.14
2017/9/25,105.42
2017/9/24,118.2
2017/9/23,77.2
2017/9/22,63.09
2017/9/21,55.35
2017/9/20,52.37
2017/9/19,58.25
2017/9/18,68.55
2017/9/17,121.57
2017/9/16,46.38
2017/9/15,72.36
2017/9/14,120.33
2017/9/13,71.31
2017/9/12,59.02
2017/9/11,94.13
2017/9/10,93.84
2017/9/9,71.97
2017/9/8,68.98
2017/9/7,88.44
2017/9/6,198.18
2017/9/5,142.33
2017/9/4,78.97
2017/9/3,102.58
2017/9/2,61.98
2017/9/1,57.53
2017/8/31,43.34
2017/8/30,42.02
2017/8/29,81.46
2017/8/28,80.49
2017/8/27,101.92
2017/8/26,49.31
2017/8/25,72.15
2017/8/24,42.9
2017/8/23,69.07
2017/8/22,74.28
2017/8/21,60.63
2017/8/20,89.23
2017/8/19,121.57
2017/8/18,60.34
2017/8/17,56.82
2017/8/16,47.71
2017/8/15,86.83
2017/8/14,88.94
2017/8/13,105.01
2017/8/12,134.54
2017/8/11,41.93
2017/8/10,66.59
2017/8/9,62.08
2017/8/8,56.87
2017/8/7,96.65
2017/8/6,94.98
2017/8/5,91.21
2017/8/4,63.9
2017/8/3,61
2017/8/2,57.38
2017/8/1,70.77
2017/7/31,80.96
2017/7/30,126.82
2017/7/29,74.67
2017/7/28,45.32
2017/7/27,40.48
2017/7/26,80.27
2017/7/25,162.68
2017/7/24,305.98
2017/7/23,134.15
2017/7/22,64.94
2017/7/21,73.36
2017/7/20,100.4
2017/7/19,51.42
2017/7/18,88.82
2017/7/17,92.6
2017/7/16,147.91
2017/7/15,49.96
2017/7/14,90.61
2017/7/13,73.54
2017/7/12,70.04
2017/7/11,85.23
2017/7/10,92.94
2017/7/9,120.39
2017/7/8,107.61
2017/7/7,160.41
2017/7/6,76.45
2017/7/5,57.04
2017/7/4,57.7
2017/7/3,101.66
2017/7/2,168.71
2017/7/1,129.61
2017/6/30,111.89
2017/6/29,65.45
2017/6/28,95.31
2017/6/27,93.1
2017/6/26,44.92
2017/6/25,92.98
2017/6/24,80.87
2017/6/23,135.04
2017/6/22,93.79
2017/6/21,90.96
2017/6/20,93.24
2017/6/19,75.3
2017/6/18,147.78
2017/6/17,91.38
2017/6/16,80.07
2017/6/15,67.05
2017/6/14,48.72
2017/6/13,144.57
2017/6/12,98.63
2017/6/11,149.93
2017/6/10,67.27
2017/6/9,65.8
2017/6/8,33.16
2017/6/7,46.07
2017/6/6,85.3
2017/6/5,274.58
2017/6/4,125.66
2017/6/3,91.58
2017/6/2,61.36
2017/6/1,100.04
2017/5/31,168.16
2017/5/30,45.36
2017/5/29,50.67
2017/5/28,96.91
2017/5/27,54.56
2017/5/26,62.91
2017/5/25,51.65
2017/5/24,76.1
2017/5/23,64.98
2017/5/22,83.62
2017/5/21,119.98
2017/5/20,54.92
2017/5/19,87.23
2017/5/18,89.48
2017/5/17,62.79
2017/5/16,118
2017/5/15,169.44
2017/5/14,59.2
2017/5/13,88.54
2017/5/12,129.4
2017/5/11,49.78
2017/5/10,67.32
2017/5/9,84.95
2017/5/8,113.15
2017/5/7,170.8
2017/5/6,107.43
2017/5/5,72.21
2017/5/4,184.47
2017/5/3,86.79
2017/5/2,89.58
2017/5/1,97.49
2017/4/30,224.35
2017/4/29,74.46
2017/4/28,62.79
2017/4/27,63.06
2017/4/26,70.4
2017/4/25,58.82
2017/4/24,144.04
2017/4/23,171.29
2017/4/22,106.1
2017/4/21,124.51
2017/4/20,55.86
2017/4/19,93.31
2017/4/18,71.39
2017/4/17,119.99
2017/4/16,119.43
2017/4/15,74.38
2017/4/14,116.71
2017/4/13,59.73
2017/4/12,79.49
2017/4/11,41.86
2017/4/10,118.06
2017/4/9,90.35
2017/4/8,81.5
2017/4/7,67.93
2017/4/6,82.38
2017/4/5,75.28
2017/4/4,103.95
2017/4/3,115.76
2017/4/2,164.7
2017/4/1,208.81
2017/3/31,221.37
2017/3/30,91.55
2017/3/29,66.64
2017/3/28,89.73
2017/3/27,83.12
2017/3/26,152.82
2017/3/25,103.58
2017/3/24,106.37
2017/3/23,48.67
2017/3/22,65.8
2017/3/21,184.47
2017/3/20,161.69
2017/3/19,153.52
2017/3/18,91.27
2017/3/17,152.01
2017/3/16,91.44
2017/3/15,159.48
2017/3/14,122.3
2017/3/13,56.5
2017/3/12,167.79
2017/3/11,107.41
2017/3/10,81.65
2017/3/9,95.37
2017/3/8,124.51
2017/3/7,71.17
2017/3/6,104.29
2017/3/5,128.58
2017/3/4,89.26
2017/3/3,88.91
2017/3/2,125.27
2017/3/1,111.9
2017/2/28,114.25
2017/2/27,117.37
2017/2/26,121.6
2017/2/25,35.04
2017/2/24,99
2017/2/23,84.74
2017/2/22,226.71
2017/2/21,87.54
2017/2/20,66.08
2017/2/19,123.54
2017/2/18,87.44
2017/2/17,143.29
2017/2/16,89.07
2017/2/15,130.16
2017/2/14,120.2
2017/2/13,77.85
2017/2/12,162.36
2017/2/11,57.47
2017/2/10,231.24
2017/2/9,74.34
2017/2/8,118.99
2017/2/7,121.82
2017/2/6,150.83
2017/2/5,211.26
2017/2/4,88.69
2017/2/3,131.28
2017/2/2,113.53
2017/2/1,158.28
2017/1/31,139.29
2017/1/30,115.06
2017/1/29,186.22
2017/1/28,152.15
2017/1/27,135.05
2017/1/26,89.25
2017/1/25,175.14
2017/1/24,136.15
2017/1/23,154.77
2017/1/22,185.71
2017/1/21,151.63
2017/1/20,141.55
2017/1/19,95.56
2017/1/18,135.59
2017/1/17,160.96
2017/1/16,114.17
2017/1/15,188.29
2017/1/14,111.9
2017/1/13,135.56
2017/1/12,113.32
2017/1/11,124.56
2017/1/10,121.9
2017/1/9,121.76
2017/1/8,272.01
2017/1/7,110.23
2017/1/6,96.97
2017/1/5,134.47
2017/1/4,101.99
2017/1/3,89.85
2017/1/2,242.04
2017/1/1,235.1
2016/12/31,127.18
2016/12/30,141.16
2016/12/29,116.01
2016/12/28,161.59
2016/12/27,108.11
2016/12/26,155.98
2016/12/25,187.34
2016/12/24,67.43
2016/12/23,35.7
2016/12/22,50.35
2016/12/21,37.37
2016/12/20,59.25
2016/12/19,91.47
2016/12/18,149.81
2016/12/17,61.8
2016/12/16,53.13
2016/12/15,232.94
2016/12/14,53.87
2016/12/13,336.71
2016/12/12,99.45
2016/12/11,125.68
2016/12/10,130.24
2016/12/9,97.26
2016/12/8,125.48
2016/12/7,162
2016/12/6,158.64
2016/12/5,113.93
2016/12/4,137.3
2016/12/3,152.48
2016/12/2,144.2
2016/12/1,167.88
2016/11/30,63.67
2016/11/29,56.24
2016/11/28,96.79
2016/11/27,95.7
2016/11/26,69.39
2016/11/25,90.3
2016/11/24,84.01
2016/11/23,84.27
2016/11/22,102.35
2016/11/21,94.21
2016/11/20,111.02
2016/11/19,117.88
2016/11/18,176.29
2016/11/17,111
2016/11/16,135.29
2016/11/15,161.83
2016/11/14,263.29
2016/11/13,339.37
2016/11/12,178.53
2016/11/11,140.42
2016/11/10,272.71
2016/11/9,246.03
2016/11/8,119.44
2016/11/7,74.75
2016/11/6,121.17
2016/11/5,107.72
2016/11/4,87.98
2016/11/3,63.05
2016/11/2,60.79
2016/11/1,44.68
2016/10/31,95.82
2016/10/30,80.76
2016/10/29,76.83
2016/10/28,74.06
2016/10/27,85.31
2016/10/26,40.45
2016/10/25,114.51
2016/10/24,58.65
2016/10/23,85.95
2016/10/22,41.54
2016/10/21,34.08
2016/10/20,48.77
2016/10/19,61.32
2016/10/18,45.55
2016/10/17,115.14
2016/10/16,98.05
2016/10/15,98.91
2016/10/14,80.62
2016/10/13,50.64
2016/10/12,59.38
2016/10/11,54.57
2016/10/10,15.2
2016/10/9,102.18
2016/10/8,64.33
2016/10/7,57.08
2016/10/6,58.51
2016/10/5,65.03
2016/10/4,48.13
2016/10/3,78.99
2016/10/2,102.52
2016/10/1,59.96
2016/9/30,34.93
2016/9/29,51.81
2016/9/28,38.39
2016/9/27,56.95
2016/9/26,30.74
2016/9/25,53.57
2016/9/24,106.95
2016/9/23,60.71
2016/9/22,64.81
2016/9/21,31.41
2016/9/20,58.92
2016/9/19,74.44
2016/9/18,97.8
2016/9/17,26.59
2016/9/16,44.18
2016/9/15,30.61
2016/9/14,28.87
2016/9/13,67.65
2016/9/12,39.54
2016/9/11,50.18
2016/9/10,33.11
2016/9/9,35.65
2016/9/8,27.04
2016/9/7,22.17
2016/9/6,30.28
2016/9/5,145.01
2016/9/4,75.51
2016/9/3,11.49
2016/9/2,40.85
2016/9/1,38.52
2016/8/31,45.98
2016/8/30,46.48
2016/8/29,87.44
2016/8/28,86.28
2016/8/27,139.2
2016/8/26,117.24
2016/8/25,83.01
2016/8/24,43.23
2016/8/23,40.46
2016/8/22,39.89
2016/8/21,44.8
2016/8/20,53.76
2016/8/19,56.17
2016/8/18,59.73
2016/8/17,83.6
2016/8/16,105.49
2016/8/15,91.36
2016/8/14,137.71
2016/8/13,55.14
2016/8/12,63
2016/8/11,43.24
2016/8/10,81.76
2016/8/9,61.67
2016/8/8,108.83
2016/8/7,60.56
2016/8/6,76.61
2016/8/5,89.43
2016/8/4,42.64
2016/8/3,38.55
2016/8/2,55.54
2016/8/1,74.99
2016/7/31,117.46
2016/7/30,91.53
2016/7/29,78.16
2016/7/28,76.37
2016/7/27,122.84
2016/7/26,56.4
2016/7/25,78.34
2016/7/24,76.34
2016/7/23,40.99
2016/7/22,59.24
2016/7/21,37.63
2016/7/20,45.87
2016/7/19,39.89
2016/7/18,112.79
2016/7/17,172.45
2016/7/16,88.55
2016/7/15,34.4
2016/7/14,53.11
2016/7/13,58.42
2016/7/12,113.92
2016/7/11,93.07
2016/7/10,209
2016/7/9,124.74
2016/7/8,105.65
2016/7/7,117.71
2016/7/6,185.04
2016/7/5,89.02
2016/7/4,84.51
2016/7/3,148.63
2016/7/2,114.48
2016/7/1,108.22
2016/6/30,96.08
2016/6/29,146.63
2016/6/28,238.67
2016/6/27,254.28
2016/6/26,322.73
2016/6/25,586.55
2016/6/24,312.85
2016/6/23,125.3
2016/6/22,146.78
2016/6/21,137.6
2016/6/20,94.78
2016/6/19,54.65
2016/6/18,91.09
2016/6/17,71.03
2016/6/16,109.07
2016/6/15,79.47
2016/6/14,83.69
2016/6/13,60.21
2016/6/12,64.97
2016/6/11,71.81
2016/6/10,70.69
2016/6/9,49.67
2016/6/8,46.41
2016/6/7,127.93
2016/6/6,136.57
2016/6/5,151.85
2016/6/4,130.56
2016/6/3,54.72
2016/6/2,44.41
2016/6/1,48.39
2016/5/31,48.19
2016/5/30,35.86
2016/5/29,54.25
2016/5/28,41.02
2016/5/27,19.22
2016/5/26,23.07
2016/5/25,51.51
2016/5/24,66.06
2016/5/23,141.68
2016/5/22,113.01
2016/5/21,54.62
2016/5/20,25.94
2016/5/19,58.53
2016/5/18,32.08
2016/5/17,51.62
2016/5/16,82.79
2016/5/15,99.03
2016/5/14,31.04
2016/5/13,59.77
2016/5/12,50.82
2016/5/11,54.4
2016/5/10,62.97
2016/5/9,59.73
2016/5/8,57.56
2016/5/7,46.71
2016/5/6,31.3
2016/5/5,34.04
2016/5/4,44.1
2016/5/3,45.4
2016/5/2,72.72
2016/5/1,61.59
2016/4/30,45.03
2016/4/29,54.91
2016/4/28,20.3
2016/4/27,42.37
2016/4/26,49.42
2016/4/25,59.83
2016/4/24,57.8
2016/4/23,77.26
2016/4/22,112.29
2016/4/21,34.27
2016/4/20,41.3
2016/4/19,20.66
2016/4/18,63.08
2016/4/17,127.3
2016/4/16,82.72
2016/4/15,52.17
2016/4/14,21.42
2016/4/13,37.74
2016/4/12,34.46
2016/4/11,101.11
2016/4/10,66.3
2016/4/9,19.81
2016/4/8,30.25
2016/4/7,28.9
2016/4/6,36.17
2016/4/5,25.71
2016/4/4,38.89
2016/4/3,100.09
2016/4/2,61.05
2016/4/1,30.46
2016/3/31,36.42
2016/3/30,124.96
2016/3/29,69.82
2016/3/28,105.86
2016/3/27,53.45
2016/3/26,61.36
2016/3/25,36.39
2016/3/24,50.15
2016/3/23,87.98
2016/3/22,55.17
2016/3/21,89.85
2016/3/20,73.89
2016/3/19,32.84
2016/3/18,58.48
2016/3/17,40.06
2016/3/16,48.66
2016/3/15,45.63
2016/3/14,54.04
2016/3/13,108.23
2016/3/12,68.49
2016/3/11,29.26
2016/3/10,30.22
2016/3/9,46.99
2016/3/8,77.42
2016/3/7,59.99
2016/3/6,112.51
2016/3/5,128.08
2016/3/4,46.74
2016/3/3,48.6
2016/3/2,41.64
2016/3/1,49.35
2016/2/29,65.74
2016/2/28,97.94
2016/2/27,126.51
2016/2/26,41.87
2016/2/25,57.5
2016/2/24,62.26
2016/2/23,57.33
2016/2/22,55.88
2016/2/21,78.42
2016/2/20,80.64
2016/2/19,85.85
2016/2/18,117.33
2016/2/17,108.64
2016/2/16,48.57
2016/2/15,67.33
2016/2/14,110.8
2016/2/13,45.01
2016/2/12,74.63
2016/2/11,106.25
2016/2/10,77.84
2016/2/9,38.4
2016/2/8,88.26
2016/2/7,60.29
2016/2/6,78.95
2016/2/5,41.41
2016/2/4,40.73
2016/2/3,73.51
2016/2/2,117.91
2016/2/1,183.2
2016/1/31,94.57
2016/1/30,79.82
2016/1/29,41.51
2016/1/28,59.62
2016/1/27,39.01
2016/1/26,78.09
2016/1/25,55.72
2016/1/24,62.13
2016/1/23,76.65
2016/1/22,68.43
2016/1/21,110.2
2016/1/20,70.19
2016/1/19,81.9
2016/1/18,71.03
2016/1/17,126.15
2016/1/16,137.85
2016/1/15,67.14
2016/1/14,72.92
2016/1/13,130.12
2016/1/12,67.32
2016/1/11,65.1
2016/1/10,115.76
2016/1/9,73.93
2016/1/8,62.21
2016/1/7,56.4
2016/1/6,30.4
2016/1/5,52.8
2016/1/4,106.94
2016/1/3,163.65
2016/1/2,71.43
2016/1/1,102.81
2015/12/31,59.74
2015/12/30,90.42
2015/12/29,59.15
2015/12/28,106.39
2015/12/27,118.36
2015/12/26,122.65
2015/12/25,64.23
2015/12/24,58.39
2015/12/23,75.23
2015/12/22,77.14
2015/12/21,79.05
2015/12/20,55.79
2015/12/19,63.29
2015/12/18,86.5
2015/12/17,100.26
2015/12/16,85.34
2015/12/15,78
2015/12/14,56.77
2015/12/13,89.96
2015/12/12,61.68
2015/12/11,110.78
2015/12/10,64.28
2015/12/9,57.21
2015/12/8,43.97
2015/12/7,50.85
2015/12/6,74.22
2015/12/5,44.67
2015/12/4,34.6
2015/12/3,38.7
2015/12/2,47.61
2015/12/1,48.27
2015/11/30,61.99
2015/11/29,64.8
2015/11/28,44.18
2015/11/27,45.15
2015/11/26,95.75
2015/11/25,20.42
2015/11/24,28.8
2015/11/23,13.92
2015/11/22,51.15
2015/11/21,26.01
2015/11/20,48.78
2015/11/19,43.31
2015/11/18,68.43
2015/11/17,63.48
2015/11/16,91.65
2015/11/15,87.14
2015/11/14,54.12
2015/11/13,33.65
2015/11/12,20.53
2015/11/11,44.92
2015/11/10,44.19
2015/11/9,60.61
2015/11/8,93.34
2015/11/7,102.94
2015/11/6,78.78
2015/11/5,33.09
2015/11/4,45.24
2015/11/3,72.75
2015/11/2,32.86
2015/11/1,93.34
2015/10/31,46.01
2015/10/30,38.41
2015/10/29,77.35
2015/10/28,112.28
2015/10/27,74.57
2015/10/26,75.05
2015/10/25,66.66
2015/10/24,87.13
2015/10/23,51.59
2015/10/22,52.71
2015/10/21,83.48
2015/10/20,27.87
2015/10/19,51.91
2015/10/18,66.3
2015/10/17,49.26
2015/10/16,51.22
2015/10/15,35.67
2015/10/14,59.36
2015/10/13,33.11
2015/10/12,112.89
2015/10/11,93.28
2015/10/10,111.14
2015/10/9,78.91
2015/10/8,26.35
2015/10/7,49.15
2015/10/6,110.95
2015/10/5,48.01
2015/10/4,87.51
2015/10/3,46.31
2015/10/2,64.84
2015/10/1,69.02
2015/9/30,77.75
2015/9/29,65.7
2015/9/28,41.68
2015/9/27,82.39
2015/9/26,87.87
2015/9/25,44.34
2015/9/24,41.42
2015/9/23,64.87
2015/9/22,87.71
2015/9/21,87.15
2015/9/20,88.42
2015/9/19,104.86
2015/9/18,77.99
2015/9/17,71.27
2015/9/16,67.49
2015/9/15,100.95
2015/9/14,88.46
2015/9/13,181.35
2015/9/12,99.3
2015/9/11,89.61
2015/9/10,67.06
2015/9/9,46.57
2015/9/8,69.15
2015/9/7,119.62
2015/9/6,98.96
2015/9/5,171
2015/9/4,144.81
2015/9/3,57.57
2015/9/2,93.82
2015/9/1,92.72
2015/8/31,113.96
2015/8/30,160.43
2015/8/29,164.55
2015/8/28,93.15
2015/8/27,61.26
2015/8/26,87.48
2015/8/25,177.02
2015/8/24,152.98
2015/8/23,80.18
2015/8/22,91.75
2015/8/21,80.21
2015/8/20,35.99
2015/8/19,83.7
2015/8/18,60.75
2015/8/17,26.3
2015/8/16,46.54
2015/8/15,76.16
2015/8/14,55.58
2015/8/13,35.58
2015/8/12,38.09
2015/8/11,65.65
2015/8/10,82.73
2015/8/9,82.77
2015/8/8,44.81
2015/8/7,3.32
2015/8/6,21.3
2015/8/5,43.76
2015/8/4,53.56
2015/8/3,88.27
2015/8/2,108.74
2015/8/1,39.77
2015/7/31,29.32
2015/7/30,35.73
2015/7/29,53.93
2015/7/28,38.06
2015/7/27,35.53
2015/7/26,56.04
2015/7/25,25.18
2015/7/24,60.12
2015/7/23,45
2015/7/22,43.42
2015/7/21,71.87
2015/7/20,46.59
2015/7/19,338.31
2015/7/18,66.8
2015/7/17,42.31
2015/7/16,72
2015/7/15,62.09
2015/7/14,68.09
2015/7/13,79.98
2015/7/12,90.6
2015/7/11,190.28
2015/7/10,94.87
2015/7/9,98.19
2015/7/8,62.4
2015/7/7,85.7
2015/7/6,100.06
2015/7/5,65.35
2015/7/4,69.18
2015/7/3,41.29
2015/7/2,44.58
2015/7/1,90.8
2015/6/30,122.02
2015/6/29,78.5
2015/6/28,98.41
2015/6/27,48.51
2015/6/26,79.86
2015/6/25,47.83
2015/6/24,27.52
2015/6/23,66.27
2015/6/22,64.15
2015/6/21,55.96
2015/6/20,139.47
2015/6/19,86.15
2015/6/18,78.79
2015/6/17,50.73
2015/6/16,40.37
2015/6/15,52.5
2015/6/14,62.35
2015/6/13,52
2015/6/12,47
2015/6/11,40.94
2015/6/10,34.96
2015/6/9,65.45
2015/6/8,150.67
2015/6/7,99.95
2015/6/6,63.25
2015/6/5,40.47
2015/6/4,80.34
2015/6/3,31.97
2015/6/2,71.05
2015/6/1,33.34
2015/5/31,86.03
2015/5/30,40.33
2015/5/29,39.59
2015/5/28,87.95
2015/5/27,49.51
2015/5/26,56.41
2015/5/25,41.75
2015/5/24,71.12
2015/5/23,108.5
2015/5/22,65.97
2015/5/21,58.45
2015/5/20,56.09
2015/5/19,45.51
2015/5/18,65.23
2015/5/17,78.72
2015/5/16,45.21
2015/5/15,65.4
2015/5/14,49.4
2015/5/13,86.1
2015/5/12,86.73
2015/5/11,106.86
2015/5/10,100.21
2015/5/9,80.04
2015/5/8,81.06
2015/5/7,79.16
2015/5/6,42.19
2015/5/5,30.59
2015/5/4,27.02
2015/5/3,40.51
2015/5/2,39.16
2015/5/1,37.85
2015/4/30,39.66
2015/4/29,30.76
2015/4/28,30.41
2015/4/27,35.03
2015/4/26,85.88
2015/4/25,56.49
2015/4/24,42.94
2015/4/23,33.57
2015/4/22,36.96
2015/4/21,46.55
2015/4/20,51.68
2015/4/19,58
2015/4/18,34.56
2015/4/17,43.72
2015/4/16,49.98
2015/4/15,310.25
2015/4/14,66.77
2015/4/13,77.54
2015/4/12,109.48
2015/4/11,55.3
2015/4/10,41.28
2015/4/9,43.26
2015/4/8,55.11
2015/4/7,77.07
2015/4/6,56.3
2015/4/5,106.94
2015/4/4,123.38
2015/4/3,69.18
2015/4/2,27.58
2015/4/1,85.27
2015/3/31,88.25
2015/3/30,74.41
2015/3/29,87.06
2015/3/28,68.89
2015/3/27,61.09
2015/3/26,46.77
2015/3/25,52.7
2015/3/24,34.47
2015/3/23,108.15
2015/3/22,67.02
2015/3/21,39.84
2015/3/20,56.33
2015/3/19,52.74
2015/3/18,78.2
2015/3/17,37.53
2015/3/16,53.97
2015/3/15,36.66
2015/3/14,39.04
2015/3/13,52.24
2015/3/12,33.9
2015/3/11,44.39
2015/3/10,85.17
2015/3/9,63.31
2015/3/8,70.57
2015/3/7,72.56
2015/3/6,47.16
2015/3/5,69.01
2015/3/4,89.94
2015/3/3,37.66
2015/3/2,91.47
2015/3/1,90.02
2015/2/28,70.02
2015/2/27,116.63
2015/2/26,74.61
2015/2/25,74.82
2015/2/24,128.86
2015/2/23,76.09
2015/2/22,62.23
2015/2/21,50.96
2015/2/20,35.63
2015/2/19,102.56
2015/2/18,37.15
2015/2/17,50.67
2015/2/16,37.41
2015/2/15,67.8
2015/2/14,56.6
2015/2/13,54.65
2015/2/12,26.96
2015/2/11,50.54
2015/2/10,83.73
2015/2/9,87.49
2015/2/8,75.83
2015/2/7,48.01
2015/2/6,59.12
2015/2/5,115.17
2015/2/4,67.26
2015/2/3,65.6
2015/2/2,79.45
2015/2/1,66.55
2015/1/31,82.5
2015/1/30,65.15
2015/1/29,32.14
2015/1/28,77.51
2015/1/27,55.58
2015/1/26,54.5
2015/1/25,87.69
2015/1/24,75.04
2015/1/23,82.9
2015/1/22,85.21
2015/1/21,43.82
2015/1/20,74.06
2015/1/19,72.54
2015/1/18,131.37
2015/1/17,78.8
2015/1/16,50.91
2015/1/15,88.27
2015/1/14,82.58
2015/1/13,68.71
2015/1/12,99.54
2015/1/11,110.37
2015/1/10,90.61
2015/1/9,44.45
2015/1/8,59.56
2015/1/7,57.14
2015/1/6,85.46
2015/1/5,90.66
2015/1/4,163.12
2015/1/3,79.59
2015/1/2,93.14
2015/1/1,137.22
2014/12/31,127.2
2014/12/30,50.14
2014/12/29,108.66
2014/12/28,109.92
2014/12/27,26.63
2014/12/26,58.01
2014/12/25,48.33
2014/12/24,26.5
2014/12/23,41.44
2014/12/22,81.46
2014/12/21,126.19
2014/12/20,93.69
2014/12/19,42.7
2014/12/18,105.88
2014/12/17,99.63
2014/12/16,56.01
2014/12/15,32.39
2014/12/14,90.77
2014/12/13,63.41
2014/12/12,42.58
2014/12/11,36.88
2014/12/10,39.55
2014/12/9,58.26
2014/12/8,53.77
2014/12/7,61.53
2014/12/6,76.9
2014/12/5,63.16
2014/12/4,49.34
2014/12/3,76.65
2014/12/2,68.69
2014/12/1,37.22
2014/11/30,41.6
2014/11/29,30.36
2014/11/28,38.11
2014/11/27,92.67
2014/11/26,27.16
2014/11/25,60.87
2014/11/24,78.87
2014/11/23,76.47
2014/11/22,102.93
2014/11/21,58.61
2014/11/20,51.4
2014/11/19,48.87
2014/11/18,56.8
2014/11/17,151.19
2014/11/16,76.38
2014/11/15,57
2014/11/14,29.81
2014/11/13,40.12
2014/11/12,49.99
2014/11/11,36.64
2014/11/10,45.75
2014/11/9,71.58
2014/11/8,52.82
2014/11/7,26.93
2014/11/6,56.66
2014/11/5,72.12
2014/11/4,58.5
2014/11/3,64.42
2014/11/2,61.77
2014/11/1,28.94
2014/10/31,103.08
2014/10/30,37.38
2014/10/29,57.53
2014/10/28,72.16
2014/10/27,68.48
2014/10/26,109.96
2014/10/25,45.23
2014/10/24,43.41
2014/10/23,45.24
2014/10/22,69.25
2014/10/21,61.02
2014/10/20,45.57
2014/10/19,77.54
2014/10/18,66.44
2014/10/17,49.35
2014/10/16,86.24
2014/10/15,68.64
2014/10/14,62.32
2014/10/13,42.04
2014/10/12,70.66
2014/10/11,70.52
2014/10/10,49.06
2014/10/9,53.73
2014/10/8,43.96
2014/10/7,89.8
2014/10/6,135.43
2014/10/5,84.19
2014/10/4,54.37
2014/10/3,103.26
2014/10/2,30.16
2014/10/1,58.82
2014/9/30,41.03
2014/9/29,41.79
2014/9/28,64.31
2014/9/27,45.23
2014/9/26,49.29
2014/9/25,40.69
2014/9/24,46.11
2014/9/23,102.33
2014/9/22,124.77
2014/9/21,66.46
2014/9/20,83.75
2014/9/19,31.65
2014/9/18,26.32
2014/9/17,40.9
2014/9/16,34.58
2014/9/15,132.42
2014/9/14,63.5
2014/9/13,54.57
2014/9/12,49.62
2014/9/11,43.16
2014/9/10,66.45
2014/9/9,65.54
2014/9/8,23.52
2014/9/7,75.91
2014/9/6,42.79
2014/9/5,32.64
2014/9/4,29.58
2014/9/3,38.15
2014/9/2,79.82
2014/9/1,102.15
2014/8/31,31.79
2014/8/30,27.35
2014/8/29,30.07
2014/8/28,44.61
2014/8/27,40.32
2014/8/26,32.55
2014/8/25,54.94
2014/8/24,52.31
2014/8/23,143.64
2014/8/22,65.61
2014/8/21,24.43
2014/8/20,23.74
2014/8/19,40.12
2014/8/18,34.34
2014/8/17,51.56
2014/8/16,71.63
2014/8/15,74.06
2014/8/14,29.12
2014/8/13,18.04
2014/8/12,18.35
2014/8/11,94.95
2014/8/10,36.22
2014/8/9,34.97
2014/8/8,61.58
2014/8/7,41.62
2014/8/6,32.5
2014/8/5,80.24
2014/8/4,131.99
2014/8/3,91.65
2014/8/2,92.27
2014/8/1,53.1
2014/7/31,87.58
2014/7/30,117.01
2014/7/29,44.45
2014/7/28,49.75
2014/7/27,62.97
2014/7/26,56.98
2014/7/25,34.26
2014/7/24,36.53
2014/7/23,49.67
2014/7/22,56.64
2014/7/21,67.14
2014/7/20,44.15
2014/7/19,88.06
2014/7/18,77.84
2014/7/17,72.31
2014/7/16,131.66
2014/7/15,116.32
2014/7/14,124.54
2014/7/13,134.75
2014/7/12,75.13
2014/7/11,50.23
2014/7/10,48.39
2014/7/9,49.91
2014/7/8,28.93
2014/7/7,61.4
2014/7/6,124.77
2014/7/5,79.35
2014/7/4,52.44
2014/7/3,41.51
2014/7/2,85.01
2014/7/1,94.53
2014/6/30,43.97
2014/6/29,61.06
2014/6/28,13.92
2014/6/27,24.48
2014/6/26,22.32
2014/6/25,54.36
2014/6/24,58.69
2014/6/23,107.54
2014/6/22,48.23
2014/6/21,80.29
2014/6/20,57.19
2014/6/19,81.39
2014/6/18,59.16
2014/6/17,20.72
2014/6/16,55.79
2014/6/15,48.58
2014/6/14,57.97
2014/6/13,47.2
2014/6/12,100.98
2014/6/11,125.44
2014/6/10,52.35
2014/6/9,66.76
2014/6/8,178.63
2014/6/7,79.59
2014/6/6,40.75
2014/6/5,49.48
2014/6/4,46.18
2014/6/3,225.3
2014/6/2,75.4
2014/6/1,83.16
2014/5/31,62.38
2014/5/30,66.44
2014/5/29,35.24
2014/5/28,123.09
2014/5/27,50.23
2014/5/26,32.79
2014/5/25,61.87
2014/5/24,43.14
2014/5/23,80.12
2014/5/22,33.53
2014/5/21,64.03
2014/5/20,69.59
2014/5/19,53.82
2014/5/18,45.83
2014/5/17,18.35
2014/5/16,83.17
2014/5/15,64.81
2014/5/14,89.46
2014/5/13,87.93
2014/5/12,77.42
2014/5/11,54.05
2014/5/10,57.11
2014/5/9,55.25
2014/5/8,125.36
2014/5/7,52.67
2014/5/6,98.03
2014/5/5,82.21
2014/5/4,187.89
2014/5/3,41.58
2014/5/2,52.59
2014/5/1,70.5
2014/4/30,35.13
2014/4/29,64.01
2014/4/28,86.12
2014/4/27,68.09
2014/4/26,80.87
2014/4/25,62.12
2014/4/24,51.78
2014/4/23,58.66
2014/4/22,51.29
2014/4/21,61.87
2014/4/20,83.81
2014/4/19,51.59
2014/4/18,51.83
2014/4/17,25.15
2014/4/16,44.05
2014/4/15,46.8
2014/4/14,160.58
2014/4/13,91.21
2014/4/12,66.57
2014/4/11,24.93
2014/4/10,37.87
2014/4/9,48.04
2014/4/8,154.81
2014/4/7,83.61
2014/4/6,52.98
2014/4/5,29.41
2014/4/4,56.51
2014/4/3,55.73
2014/4/2,48.76
2014/4/1,78.62
2014/3/31,45.06
2014/3/30,53.83
2014/3/29,59.78
2014/3/28,86.49
2014/3/27,50.81
2014/3/26,63.13
2014/3/25,17.16
2014/3/24,73.83
2014/3/23,259.88
2014/3/22,170.52
2014/3/21,118.59
2014/3/20,147.38
2014/3/19,48.95
2014/3/18,77.69
2014/3/17,76.93
2014/3/16,60.58
2014/3/15,46.45
2014/3/14,74
2014/3/13,45.47
2014/3/12,24.21
2014/3/11,63.35
2014/3/10,78.46
2014/3/9,71.32
2014/3/8,54.2
2014/3/7,59.24
2014/3/6,59.46
2014/3/5,54.92
2014/3/4,48.72
2014/3/3,59.55
2014/3/2,61.06
2014/3/1,49.83
2014/2/28,71.2
2014/2/27,64.84
2014/2/26,87.53
2014/2/25,123.05
2014/2/24,130.38
2014/2/23,140.59
2014/2/22,144.8
2014/2/21,120.78
2014/2/20,67.61
2014/2/19,64.88
2014/2/18,64.56
2014/2/17,78.93
2014/2/16,139.89
2014/2/15,68.03
2014/2/14,43.97
2014/2/13,55.58
2014/2/12,50.56
2014/2/11,78.69
2014/2/10,67.15
2014/2/9,81.59
2014/2/8,49.83
2014/2/7,71.97
2014/2/6,137.27
2014/2/5,103.64
2014/2/4,72.24
2014/2/3,77.68
2014/2/2,60.3
2014/2/1,20.22
2014/1/31,44.12
2014/1/30,86.19
2014/1/29,178.46
2014/1/28,162.84
2014/1/27,75.34
2014/1/26,98.1
2014/1/25,70.48
2014/1/24,84.12
2014/1/23,92.85
2014/1/22,141.56
2014/1/21,93.53
2014/1/20,118.21
2014/1/19,54.61
2014/1/18,36.74
2014/1/17,66.52
2014/1/16,80.94
2014/1/15,67.7
2014/1/14,57.03
2014/1/13,100.01
2014/1/12,130.09
2014/1/11,63.29
2014/1/10,67.96
2014/1/9,60.31
2014/1/8,106.42
2014/1/7,93.88
2014/1/6,121.14
2014/1/5,144.91
2014/1/4,77.86
2014/1/3,113.11
2014/1/2,103.08
2014/1/1,173.05
2013/12/31,130.03
2013/12/30,86.24
2013/12/29,121.37
2013/12/28,70.37
2013/12/27,71.17
2013/12/26,33.17
2013/12/25,50.02
2013/12/24,29.66
2013/12/23,75.16
2013/12/22,158.54
2013/12/21,64.44
2013/12/20,52.07
2013/12/19,152.19
2013/12/18,97.71
2013/12/17,99.02
2013/12/16,100.86
2013/12/15,96.72
2013/12/14,105.51
2013/12/13,127.96
2013/12/12,110.87
2013/12/11,101.72
2013/12/10,98.47
2013/12/9,67.72
2013/12/8,72.95
2013/12/7,77.94
2013/12/6,59.69
2013/12/5,71.41
2013/12/4,98.29
2013/12/3,103.28
2013/12/2,115.32
2013/12/1,119.23
2013/11/30,93.59
2013/11/29,95.19
2013/11/28,116.17
2013/11/27,41.47
2013/11/26,36.52
2013/11/25,138.46
2013/11/24,94.28
2013/11/23,26.78
2013/11/22,67.16
2013/11/21,92.72
2013/11/20,94.99
2013/11/19,83.02
2013/11/18,98.11
2013/11/17,86.17
2013/11/16,85.4
2013/11/15,68.24
2013/11/14,48.95
2013/11/13,55.9
2013/11/12,7.71
2013/11/11,179.62
2013/11/10,77.95
2013/11/9,116.91
2013/11/8,84.94
2013/11/7,46.97
2013/11/6,57.22
2013/11/5,63.38
2013/11/4,146.15
2013/11/3,146.81
2013/11/2,118.26
2013/11/1,45.43
2013/10/31,67.75
2013/10/30,178.66
2013/10/29,168.7
2013/10/28,87.68
2013/10/27,145.56
2013/10/26,75.55
2013/10/25,125.94
2013/10/24,85.92
2013/10/23,172.74
2013/10/22,101.82
2013/10/21,10.92
2013/10/20,152.96
2013/10/19,151.96
2013/10/18,199.23
2013/10/17,323.65
2013/10/16,302.38
2013/10/15,311.33
2013/10/14,317.57
2013/10/13,255.14
2013/10/12,173.8
2013/10/11,197.5
2013/10/10,208.16
2013/10/9,164.69
2013/10/8,198.47
2013/10/7,135.95
2013/10/6,173.15
2013/10/5,170.83
2013/10/4,187.28
2013/10/3,142.62
2013/10/2,205.03
2013/10/1,271.77
2013/9/30,156.8
2013/9/29,127.01
2013/9/28,124
2013/9/27,91.83
2013/9/26,83.62
2013/9/25,134.2
2013/9/24,127.69
2013/9/23,105.52
2013/9/22,115.33
2013/9/21,230.7
2013/9/20,160.51
2013/9/19,87.37
2013/9/18,84.39
2013/9/17,127.79
2013/9/16,149.94
2013/9/15,83.42
2013/9/14,91.28
2013/9/13,39.94
2013/9/12,59.84
2013/9/11,96.02
2013/9/10,53
2013/9/9,59.96
2013/9/8,95.48
2013/9/7,179.74
2013/9/6,174.48
2013/9/5,121.68
2013/9/4,133.57
2013/9/3,168.05
2013/9/2,137.6
2013/9/1,100.75
2013/8/31,101.91
2013/8/30,91.16
2013/8/29,87.64
2013/8/28,64.04
2013/8/27,86.16
2013/8/26,124.03
2013/8/25,124.21
2013/8/24,106.31
2013/8/23,45.99
2013/8/22,89.29
2013/8/21,96.17
2013/8/20,111.56
2013/8/19,136.62
2013/8/18,121.14
2013/8/17,67.78
2013/8/16,76.5
2013/8/15,43.95
2013/8/14,65.28
2013/8/13,82.77
2013/8/12,80.69
2013/8/11,145.71
2013/8/10,137.39
2013/8/9,99.01
2013/8/8,83.3
2013/8/7,100.46
2013/8/6,60.63
2013/8/5,65.12
2013/8/4,116.55
2013/8/3,117.54
2013/8/2,57.34
2013/8/1,92.95
2013/7/31,77.62
2013/7/30,76.21
2013/7/29,133.04
2013/7/28,96.41
2013/7/27,58.63
2013/7/26,28.78
2013/7/25,57.31
2013/7/24,107.63
2013/7/23,63.97
2013/7/22,177.9
2013/7/21,89.47
2013/7/20,29.45
2013/7/19,87.73
2013/7/18,46.82
2013/7/17,70.45
2013/7/16,90.59
2013/7/15,75.52
2013/7/14,97.13
2013/7/13,59.42
2013/7/12,50.01
2013/7/11,26.79
2013/7/10,64.98
2013/7/9,142.43
2013/7/8,153.37
2013/7/7,190.28
2013/7/6,186.17
2013/7/5,191.82
2013/7/4,116.71
2013/7/3,74.91
2013/7/2,89.93
2013/7/1,78.43
2013/6/30,122.13
2013/6/29,145.73
2013/6/28,116.34
2013/6/27,65.35
2013/6/26,74.89
2013/6/25,69.15
2013/6/24,79.15
2013/6/23,62.97
2013/6/22,67.01
2013/6/21,89.92
2013/6/20,58.6
2013/6/19,117.49
2013/6/18,96.83
2013/6/17,108.54
2013/6/16,102.86
2013/6/15,52.02
2013/6/14,89.93
2013/6/13,48.34
2013/6/12,81.19
2013/6/11,83.91
2013/6/10,76.66
2013/6/9,72.35
2013/6/8,101.54
2013/6/7,63.43
2013/6/6,60.6
2013/6/5,63.07
2013/6/4,60.51
2013/6/3,85.84
2013/6/2,65.5
2013/6/1,68.25
2013/5/31,66.84
2013/5/30,58.2
2013/5/29,69.87
2013/5/28,56.65
2013/5/27,87.19
2013/5/26,109.35
2013/5/25,50.14
2013/5/24,75.95
2013/5/23,68.76
2013/5/22,78.07
2013/5/21,54.39
2013/5/20,76.24
2013/5/19,96.28
2013/5/18,93.67
2013/5/17,27.77
2013/5/16,75.24
2013/5/15,60.66
2013/5/14,166.99
2013/5/13,51.8
2013/5/12,100.52
2013/5/11,95.81
2013/5/10,65.03
2013/5/9,30.12
2013/5/8,60.31
2013/5/7,110.22
2013/5/6,68.88
2013/5/5,103.25
2013/5/4,91
2013/5/3,104.35
2013/5/2,101.98
2013/5/1,74.13
2013/4/30,81.56
2013/4/29,107.23
